cum_step,meta_step,segment,elapsed_train_sec,wallclock_iso,ms_per_step,pElo,nll,loss,pLoss,vLoss,legalMass,pIllM,bn1Mean,gNorm,sae2,eff_alpha,pLogit_mean,pLogit_peak,frozen_file,note,wall_sec,games_fed
1,1,0,28.0,2026-05-14T02:02:26,1169.5,,,2.3334,1.7247,0.6087,0.0036,0.9966,,5.318,,,7.991,,,,,
1034,1034,0,720.0,2026-05-14T02:13:58,551.2,450,,2.2546,1.7146,0.54,0.0859,0.9515,,2.057,,,7.429,,,baseline (random-init anchor),,
1981,1981,0,1384.0,2026-05-14T02:25:02,552.8,,,2.0386,1.5367,0.5019,0.1022,0.9142,,1.743,,,7.712,,,,,
2981,2981,0,2108.0,2026-05-14T02:37:06,548.3,,,1.9484,1.4541,0.4943,0.386,0.6105,,1.81,,,10.564,,,,,
3981,3981,0,2832.0,2026-05-14T02:49:10,547.9,,,1.9048,1.3973,0.5075,0.5097,0.4698,,1.69,,,11.385,,,,,
4977,4977,0,3557.0,2026-05-14T03:01:15,548.0,,,1.767,1.2732,0.4938,0.6581,0.3958,,1.659,,,11.873,,,,,
5972,5972,0,4281.0,2026-05-14T03:13:19,551.4,,,1.7264,1.2363,0.4901,0.5975,0.3405,,1.632,,,12.161,,,,,
6969,6969,0,5006.0,2026-05-14T03:25:24,550.7,,,1.6764,1.184,0.4924,0.6912,0.3149,,1.612,,,12.307,,,,,
7968,7968,0,5730.0,2026-05-14T03:37:28,548.1,,,1.6279,1.144,0.4839,0.6968,0.2932,,1.616,,,12.449,,,,,
8967,8967,0,6455.0,2026-05-14T03:49:33,548.0,,,1.5779,1.0931,0.4848,0.6725,0.2733,,1.609,,,12.604,,,,,
9965,9965,0,7179.0,2026-05-14T04:01:37,548.0,,,1.5764,1.0818,0.4946,0.7135,0.2596,,1.58,,,12.655,,,,,
10959,10959,0,7903.0,2026-05-14T04:13:41,551.5,,,1.5413,1.0492,0.4921,0.7024,0.2472,,1.589,,,12.747,,,,,
12039,12039,0,8688.0,2026-05-14T04:26:46,550.2,,,1.5254,1.0305,0.4949,0.7136,0.2371,,1.577,,,12.816,,,,,
13041,13041,0,9413.0,2026-05-14T04:38:51,548.2,,,1.4891,1.0033,0.4858,0.7627,0.2249,,1.56,,,12.936,,,,,
14038,14038,0,10138.0,2026-05-14T04:50:56,548.5,,,1.4913,0.9974,0.4939,0.7675,0.2185,,1.56,,,12.972,,,,,
15025,15025,0,10863.0,2026-05-14T05:03:01,548.8,,,1.4556,0.9683,0.4873,0.7592,0.2119,,1.546,,,13.002,,,,,
16017,16017,0,11589.0,2026-05-14T05:15:07,550.8,,,1.4641,0.9685,0.4956,0.8152,0.207,,1.548,,,13.042,,,,,
16997,16997,0,,2026-05-14T05:27:00,,,,1.4422,0.9512,0.491,,,,1.548,,,,,,,,
18010,18010,0,13041.0,2026-05-14T05:39:19,548.9,,,1.4276,0.9356,0.492,0.7892,0.1966,,1.533,,,13.141,,,,,
19004,19004,0,13766.0,2026-05-14T05:51:24,548.7,,,1.3937,0.9126,0.4811,0.7949,0.1907,,1.53,,,13.205,,,,,
19991,19991,0,14493.0,2026-05-14T06:03:31,558.9,,,1.4018,0.9095,0.4923,0.7819,0.1888,,1.513,,,13.21,,,,,
20985,20985,0,15219.0,2026-05-14T06:15:37,550.3,,,1.4164,0.9149,0.5015,0.7923,0.1842,,1.51,,,13.265,,,,,
21984,21984,0,15944.0,2026-05-14T06:27:43,548.3,,,1.3612,0.8785,0.4827,0.7787,0.1785,,1.508,,,13.34,,,,,
22982,22982,0,16671.0,2026-05-14T06:39:49,548.6,,,1.3739,0.8836,0.4903,0.7775,0.1772,,1.503,,,13.335,,,,,
23977,23977,0,17397.0,2026-05-14T06:51:56,548.9,,,1.3833,0.887,0.4963,0.7958,0.1727,,1.475,,,13.379,,,,,
24974,24974,0,18124.0,2026-05-14T07:04:02,550.8,,,1.3648,0.8758,0.489,0.7595,0.1691,,1.497,,,13.442,,,,,
25969,25969,0,18851.0,2026-05-14T07:16:09,551.4,,,1.3591,0.8679,0.4912,0.7979,0.1658,,1.492,,,13.491,,,,,
26970,26970,0,19577.0,2026-05-14T07:28:15,549.1,,,1.3381,0.8525,0.4856,0.8286,0.161,,1.484,,,13.534,,,,,
27970,27970,0,20304.0,2026-05-14T07:40:22,548.6,,,1.321,0.8393,0.4817,0.8271,0.1557,,1.479,,,13.601,,,,,
28960,28960,0,21031.0,2026-05-14T07:52:29,548.9,,,1.2962,0.8226,0.4736,0.8538,0.1547,,1.468,,,13.594,,,,,
30040,30040,0,21819.0,2026-05-14T08:05:37,552.4,,,1.3724,0.8625,0.5099,0.8213,0.1538,,1.453,,,13.592,,,,,
31037,31037,0,22547.0,2026-05-14T08:17:45,551.9,,,1.3804,0.8645,0.5159,0.8302,0.153,,1.429,,,13.602,,,,,
32041,32041,0,23275.0,2026-05-14T08:29:53,548.8,,,1.3097,0.8235,0.4862,0.8203,0.1475,,1.446,,,13.682,,,,,
32959,32959,0,23942.0,2026-05-14T08:41:00,548.9,,,1.2668,0.7991,0.4677,0.8434,0.1453,,1.445,,,13.712,,,,,
34023,34023,0,24730.0,2026-05-14T08:54:08,564.6,,,1.2901,0.8101,0.48,0.8565,0.1437,,1.436,,,13.74,,,,,
35022,35022,0,25459.0,2026-05-14T09:06:17,558.5,,,1.2897,0.8092,0.4805,0.8558,0.1422,,1.438,,,13.763,,,,,
36008,36008,0,26186.0,2026-05-14T09:18:24,558.6,,,1.3318,0.8293,0.5025,0.8322,0.1421,,1.427,,,13.759,,,,,
36962,36962,0,26913.0,2026-05-14T09:30:31,560.3,,,1.2619,0.7871,0.4748,0.8722,0.1382,,1.409,,,13.827,,,,,
38026,38026,0,27703.0,2026-05-14T09:43:41,557.3,,,1.3167,0.8209,0.4958,0.8447,0.1389,,1.419,,,13.816,,,,,
38996,38996,7,52734.0,2026-05-14T18:12:45,3453.2,,,1.9413,1.1683,0.773,0.8507,0.1584,,1.374,,,13.395,,,,,
40000,40000,8,60462.0,2026-05-14T20:22:41,3966.0,,,1.6688,0.9975,0.6713,0.8685,0.1523,,1.332,,,13.476,,,,,
40998,40998,8,62231.0,2026-05-14T20:52:10,1704.4,,,1.6579,0.9925,0.6654,0.796,0.1532,,1.328,,,13.439,,,,,
42001,42001,6,45071.0,2026-05-14T16:03:35,1828.6,,,1.8725,1.1239,0.7486,0.8591,0.1571,,1.326,,,13.38,,,,,
42998,42998,6,46974.0,2026-05-14T16:35:18,1757.3,,,1.8508,1.1131,0.7377,0.8261,0.1558,,1.324,,,13.403,,,,,
44008,44008,10,66671.0,2026-05-14T22:08:28,611.0,,,1.6725,0.9958,0.6767,0.8268,0.1553,,1.294,,,13.442,,,,,
45030,45030,10,67636.0,2026-05-14T22:24:34,602.9,,,1.6684,0.9914,0.677,0.8384,0.1543,,1.287,,,13.476,,,,,
46033,46033,10,68602.0,2026-05-14T22:40:39,603.0,,,1.6653,0.9906,0.6747,0.8368,0.1513,,1.286,,,13.533,,,,,
47026,47026,10,69507.0,2026-05-14T22:55:44,570.6,,,1.6614,0.9861,0.6753,0.8599,0.1495,,1.274,,,13.568,,,,,
47977,47977,10,70352.0,2026-05-14T23:09:49,572.1,,,1.6546,0.9808,0.6738,0.8722,0.1482,,1.277,,,13.584,,,,,
48997,48997,10,71257.0,2026-05-14T23:24:54,575.9,,,1.6538,0.981,0.6728,0.8574,0.1475,,1.272,,,13.613,,,,,
50027,50027,10,72162.0,2026-05-14T23:39:59,578.8,,,1.6496,0.975,0.6746,0.8595,0.1458,,1.265,,,13.645,,,,,
50988,50988,10,73007.0,2026-05-14T23:54:04,571.0,,,1.6475,0.975,0.6725,0.8493,0.1439,,1.266,,,13.687,,,,,
52013,52013,10,75077.0,2026-05-15T00:28:35,866.2,,,1.6455,0.974,0.6715,0.8664,0.1424,,1.27,,,13.724,,,,,
53008,53008,10,77639.0,2026-05-15T01:11:17,830.8,,,1.6468,0.9698,0.677,0.8429,0.1415,,1.259,,,13.728,,,,,
54006,54006,10,80386.0,2026-05-15T01:57:04,777.1,,,1.6421,0.9666,0.6755,0.859,0.1416,,1.257,,,13.754,,,,,
55013,55013,10,82893.0,2026-05-15T02:38:51,713.7,,,1.6368,0.9655,0.6713,0.866,0.14,,1.259,,,13.796,,,,,
55995,55995,10,85646.0,2026-05-15T03:24:44,772.0,,,1.6351,0.9634,0.6717,0.8636,0.138,,1.253,,,13.821,,,,,
57003,57003,10,89452.0,2026-05-15T04:28:09,974.4,,,1.6329,0.9592,0.6737,0.8582,0.1377,,1.251,,,13.845,,,,,
58001,58001,10,94447.0,2026-05-15T05:51:25,858.7,,,1.6256,0.9571,0.6685,0.8368,0.135,,1.25,,,13.887,,,,,
58995,58995,10,99760.0,2026-05-15T07:19:58,858.8,,,1.6281,0.9576,0.6705,0.8678,0.1349,,1.244,,,13.905,,,,,
59997,59997,10,103156.0,2026-05-15T08:16:33,597.7,,,1.6257,0.9543,0.6714,0.8786,0.134,,1.24,,,13.91,,,,,
60982,60982,10,104247.0,2026-05-15T08:34:44,574.9,,,1.6259,0.9548,0.6711,0.8476,0.1327,,1.236,,,13.942,,,,,
62026,62026,10,105459.0,2026-05-15T08:54:57,559.3,,,1.6176,0.9472,0.6704,0.8812,0.1308,,1.243,,,14.005,,,,,
62992,62992,10,106552.0,2026-05-15T09:13:10,559.8,,,1.6188,0.9489,0.6699,0.8556,0.1305,,1.239,,,14.022,,,,,
63993,63993,10,107705.0,2026-05-15T09:32:22,561.0,,,1.616,0.9475,0.6685,0.8588,0.1293,,1.228,,,14.056,,,,,
64986,64986,10,108857.0,2026-05-15T09:51:35,562.5,,,1.6086,0.9421,0.6665,0.9027,0.1268,,1.23,,,14.104,,,,,
66019,66019,10,110072.0,2026-05-15T10:11:50,559.5,,,1.6134,0.9449,0.6685,0.893,0.1261,,1.227,,,14.119,,,,,
66985,66985,10,111227.0,2026-05-15T10:31:04,565.6,,,1.6044,0.9352,0.6692,0.8941,0.1251,,1.225,,,14.135,,,,,
67991,67991,10,112443.0,2026-05-15T10:51:20,575.1,,,1.6006,0.9353,0.6653,0.8943,0.1222,,1.212,,,14.181,,,,,
68995,68995,10,113659.0,2026-05-15T11:11:36,566.2,,,1.6043,0.9369,0.6674,0.8759,0.1224,,1.212,,,14.202,,,,,
69995,69995,10,114875.0,2026-05-15T11:31:52,566.1,,,1.6007,0.9341,0.6666,0.8751,0.1211,,1.207,,,14.237,,,,,
70991,70991,10,116091.0,2026-05-15T11:52:09,568.5,,,1.5919,0.9293,0.6626,0.876,0.1199,,1.206,,,14.259,,,,,
71984,71984,10,117308.0,2026-05-15T12:12:25,565.7,,,1.5899,0.9236,0.6663,0.8749,0.1186,,1.197,,,14.3,,,,,
72979,72979,10,118585.0,2026-05-15T12:33:43,618.4,,,1.59,0.9281,0.6619,0.8735,0.1168,,1.202,,,14.327,,,,,
74024,74024,10,119927.0,2026-05-15T12:56:04,582.5,,,1.5369,0.8252,0.7117,0.8289,0.1353,,1.18,,,14.045,,,,,
74997,74997,10,121146.0,2026-05-15T13:16:23,564.9,,,1.4799,0.761,0.7189,0.8826,0.1156,,1.147,,,14.728,,,,,
75989,75989,10,122424.0,2026-05-15T13:37:42,568.3,,,1.4757,0.7568,0.7189,0.9091,0.1084,,1.155,,,15.05,,,,,
77015,77015,10,123763.0,2026-05-15T14:00:01,570.6,,,1.4713,0.7567,0.7146,0.8987,0.1049,,1.162,,,15.213,,,,,
77980,77980,10,125043.0,2026-05-15T14:21:21,590.1,,,1.4663,0.752,0.7143,0.8978,0.1021,,1.171,,,15.328,,,,,
79020,79020,10,126444.0,2026-05-15T14:44:41,568.9,,,1.4678,0.7532,0.7146,0.907,0.0994,,1.172,,,15.428,,,,,
80012,80012,10,127783.0,2026-05-15T15:07:01,566.7,,,1.4675,0.7544,0.7131,0.9064,0.0978,,1.176,,,15.495,,,,,
80980,80980,10,129127.0,2026-05-15T15:29:25,601.7,,,1.4659,0.753,0.7129,0.922,0.0957,,1.177,,,15.551,,,,,
82015,82015,10,130589.0,2026-05-15T15:53:47,575.7,,,1.4643,0.7516,0.7127,0.9064,0.0939,,1.178,,,15.615,,,,,
82995,82995,10,131991.0,2026-05-15T16:17:08,576.6,,,1.4633,0.7521,0.7112,0.9095,0.0928,,1.182,,,15.662,,,,,
83989,83989,10,133452.0,2026-05-15T16:41:30,570.3,,,1.4618,0.7509,0.7109,0.8894,0.0921,,1.179,,,15.693,,,,,
85011,85011,11,135214.0,2026-05-15T17:14:54,568.9,,,1.4587,0.7485,0.7102,0.9263,0.0892,,1.179,,,15.766,,,,,
86023,86023,11,136058.0,2026-05-15T17:28:58,568.8,,,1.4616,0.7511,0.7105,0.9166,0.0879,,1.189,,,15.817,,,,,
87033,87033,11,136903.0,2026-05-15T17:43:02,568.6,,,1.4583,0.749,0.7093,0.9185,0.0858,,1.191,,,15.877,,,,,
87972,87972,11,137687.0,2026-05-15T17:56:07,569.4,,,1.4588,0.7501,0.7087,0.9172,0.0845,,1.188,,,15.905,,,,,
89024,89024,11,138593.0,2026-05-15T18:11:13,582.9,,,1.4555,0.7496,0.7059,0.932,0.0829,,1.193,,,15.952,,,,,
89992,89992,11,139438.0,2026-05-15T18:25:18,572.1,,,1.4556,0.7488,0.7068,0.9097,0.082,,1.192,,,16.013,,,,,
90973,90973,11,140284.0,2026-05-15T18:39:23,573.7,,,1.4547,0.751,0.7037,0.9023,0.0806,,1.198,,,16.04,,,,,
92025,92025,11,141190.0,2026-05-15T18:54:29,572.3,,,1.4532,0.7507,0.7025,0.9129,0.0794,,1.193,,,16.092,,,,,
93001,93001,11,142035.0,2026-05-15T19:08:34,574.2,,,1.455,0.7528,0.7022,0.9271,0.0786,,1.197,,,16.097,,,,,
93978,93978,11,142881.0,2026-05-15T19:22:41,575.6,,,1.4584,0.7561,0.7023,0.9138,0.0781,,1.196,,,16.111,,,,,
95012,95012,11,143787.0,2026-05-15T19:37:47,569.9,,,1.4513,0.751,0.7003,0.9294,0.0765,,1.191,,,16.163,,,,,
95987,95987,11,144633.0,2026-05-15T19:51:53,568.8,,,1.4537,0.7555,0.6982,0.921,0.0759,,1.196,,,16.173,,,,,
97009,97009,12,145539.0,2026-05-15T20:08:00,580.6,,,1.4542,0.7582,0.696,0.929,0.0752,,1.203,,,16.19,,,,,
98007,98007,12,146383.0,2026-05-15T20:22:05,572.1,,,1.4578,0.7623,0.6955,0.9268,0.0743,,1.199,,,16.193,,,,,
99000,99000,12,147227.0,2026-05-15T20:36:09,596.0,,,1.4576,0.7625,0.6951,0.9136,0.0751,,1.2,,,16.205,,,,,
100026,100026,12,148071.0,2026-05-15T20:50:13,570.9,,,1.4241,0.7258,0.6983,0.932,0.0687,,1.182,,,16.293,,,,,
100967,100967,12,148855.0,2026-05-15T21:03:17,573.8,,,1.4255,0.7308,0.6947,0.936,0.066,,1.192,,,16.417,,,,,
102035,102035,12,149760.0,2026-05-15T21:18:22,571.0,,,1.4246,0.7308,0.6938,0.9344,0.0643,,1.199,,,16.503,,,,,
102968,102968,12,150545.0,2026-05-15T21:31:27,570.7,,,1.4227,0.73,0.6927,0.9361,0.0631,,1.192,,,16.538,,,,,
103982,103982,12,151391.0,2026-05-15T21:45:33,569.1,,,1.4293,0.7387,0.6906,0.9518,0.0621,,1.2,,,16.57,,,,,
104980,104980,12,152237.0,2026-05-15T21:59:39,574.0,,,1.4297,0.7402,0.6895,0.9381,0.0616,,1.211,,,16.592,,,,,
105979,105979,12,153082.0,2026-05-15T22:13:44,575.1,,,1.4284,0.7418,0.6866,0.9537,0.061,,1.202,,,16.619,,,,,
107023,107023,12,153988.0,2026-05-15T22:28:50,579.0,,,1.4275,0.7427,0.6848,0.9392,0.0599,,1.203,,,16.644,,,,,
107988,107988,13,154832.0,2026-05-15T22:56:27,583.2,,,1.4268,0.7439,0.6829,0.9461,0.0594,,1.21,,,16.697,,,,,
109025,109025,14,156280.0,2026-05-15T23:23:53,575.1,,,1.4374,0.7524,0.685,0.9422,0.0573,,1.213,,,16.694,,,,,
110013,110013,15,158148.0,2026-05-15T23:56:00,577.7,,,1.4428,0.7582,0.6846,0.9678,0.0557,,1.211,,,16.573,,,,,
110994,110994,15,159291.0,2026-05-16T00:15:03,577.6,,,1.4713,0.7934,0.6779,0.9434,0.053,,1.221,,,16.357,,,,,
112022,112022,17,161165.0,2026-05-16T00:50:55,843.0,,,1.5944,0.8565,0.7379,0.9539,0.0535,,1.233,,,16.347,,,,,
112986,112986,17,162016.0,2026-05-16T01:05:05,860.4,,,1.4592,0.7914,0.6678,0.9588,0.0529,,1.214,,,16.394,,,,,
114003,114003,17,162926.0,2026-05-16T01:20:16,878.4,,,1.4529,0.7857,0.6672,0.9445,0.0519,,1.209,,,16.449,,,,,
115015,115015,17,163836.0,2026-05-16T01:35:26,872.9,,,1.4547,0.7877,0.667,0.96,0.0515,,1.213,,,16.485,,,,,
116029,116029,17,164746.0,2026-05-16T01:50:35,871.0,,,1.4556,0.79,0.6656,0.9391,0.051,,1.209,,,16.502,,,,,
116980,116980,17,165594.0,2026-05-16T02:04:44,868.8,,,1.4523,0.7902,0.6621,0.9649,0.0505,,1.206,,,16.522,,,,,
117997,117997,17,166504.0,2026-05-16T02:19:54,867.3,,,1.4541,0.789,0.6651,0.9397,0.0501,,1.209,,,16.553,,,,,
119012,119012,17,167413.0,2026-05-16T02:35:03,868.6,,,1.4525,0.7886,0.6639,0.9458,0.0497,,1.205,,,16.569,,,,,
120033,120033,17,168323.0,2026-05-16T02:50:12,865.4,,,1.4524,0.7894,0.663,0.9434,0.0494,,1.206,,,16.576,,,,,
120985,120985,17,169171.0,2026-05-16T03:04:21,863.2,,,1.4527,0.7891,0.6636,0.9252,0.049,,1.205,,,16.595,,,,,
122000,122000,17,170080.0,2026-05-16T03:19:29,865.2,,,1.449,0.7876,0.6614,0.9482,0.0489,,1.204,,,16.613,,,,,
122989,122989,17,170995.0,2026-05-16T03:34:44,866.1,,,1.4433,0.7811,0.6622,0.9357,0.0474,,1.197,,,16.546,,,,,
124012,124012,17,171906.0,2026-05-16T03:49:55,862.3,,,1.4418,0.7772,0.6646,0.9663,0.0456,,1.199,,,16.628,,,,,
125029,125029,17,172816.0,2026-05-16T04:05:05,863.7,,,1.4397,0.7761,0.6636,0.959,0.0448,,1.197,,,16.681,,,,,
125979,125979,17,173665.0,2026-05-16T04:19:15,864.3,,,1.4361,0.7754,0.6607,0.9744,0.0439,,1.198,,,16.705,,,,,
126985,126985,17,174574.0,2026-05-16T04:34:24,873.6,,,1.4379,0.7772,0.6607,0.9572,0.0439,,1.2,,,16.732,,,,,
128002,128002,17,175485.0,2026-05-16T04:49:34,857.6,,,1.4363,0.7758,0.6605,0.9541,0.0435,,1.195,,,16.759,,,,,
129027,129027,17,176397.0,2026-05-16T05:04:47,855.2,,,1.4365,0.7747,0.6618,0.9464,0.0429,,1.196,,,16.779,,,,,
129980,129980,17,177248.0,2026-05-16T05:18:58,852.9,,,1.4377,0.7768,0.6609,0.979,0.0426,,1.196,,,16.797,,,,,
130992,130992,17,178158.0,2026-05-16T05:34:07,859.2,,,1.4354,0.7771,0.6583,0.9628,0.0419,,1.196,,,16.824,,,,,
132016,132016,17,179071.0,2026-05-16T05:49:21,852.8,,,1.4325,0.7751,0.6574,0.9625,0.0415,,1.199,,,16.84,,,,,
133031,133031,17,179981.0,2026-05-16T06:04:31,854.1,,,1.4348,0.7742,0.6606,0.9537,0.0415,,1.196,,,16.852,,,,,
133981,133981,17,180831.0,2026-05-16T06:18:40,851.5,,,1.432,0.7721,0.6599,0.9443,0.0413,,1.194,,,16.888,,,,,
134993,134993,17,181743.0,2026-05-16T06:33:53,853.9,,,1.4333,0.7756,0.6577,0.9697,0.0409,,1.196,,,16.88,,,,,
136013,136013,17,182655.0,2026-05-16T06:49:05,849.6,,,1.4331,0.774,0.6591,0.9403,0.0409,,1.194,,,16.909,,,,,
136973,136973,17,183506.0,2026-05-16T07:03:16,835.2,,,1.4289,0.7726,0.6563,0.9601,0.0403,,1.192,,,16.921,,,,,
138013,138013,17,184417.0,2026-05-16T07:18:27,826.6,,,1.4304,0.7734,0.657,0.9531,0.0401,,1.195,,,16.938,,,,,
138971,138971,17,185269.0,2026-05-16T07:32:39,827.2,,,1.43,0.7748,0.6552,0.9659,0.0399,,1.192,,,16.94,,,,,
140013,140013,17,186183.0,2026-05-16T07:47:52,822.1,,,1.4312,0.7719,0.6593,0.9454,0.0399,,1.19,,,16.958,,,,,
140983,140983,17,,2026-05-16T08:02:10,,,,1.4274,0.7727,0.6547,,,,1.19,,,,,,,,
141982,141982,17,,2026-05-16T08:17:28,,,,1.4293,0.773,0.6563,,,,1.189,,,,,,,,
143010,143010,17,188917.0,2026-05-16T08:33:27,873.7,,,1.4305,0.7743,0.6562,0.9606,0.0392,,1.188,,,16.985,,,,,
143992,143992,17,189831.0,2026-05-16T08:48:41,861.9,,,1.4315,0.774,0.6575,0.9687,0.0393,,1.186,,,17.003,,,,,
144974,144974,17,190742.0,2026-05-16T09:03:52,864.2,,,1.4279,0.7736,0.6543,0.9696,0.0386,,1.189,,,17.026,,,,,
146022,146022,17,191716.0,2026-05-16T09:20:06,864.1,,,1.4319,0.7739,0.658,0.9458,0.0388,,1.187,,,17.023,,,,,
146998,146998,17,192629.0,2026-05-16T09:35:18,868.2,,,1.4277,0.7719,0.6558,0.967,0.0385,,1.184,,,17.043,,,,,
147990,147990,17,193542.0,2026-05-16T09:50:31,849.6,,,1.4293,0.7726,0.6567,0.964,0.0384,,1.187,,,17.057,,,,,
149008,149008,17,194455.0,2026-05-16T10:05:44,832.1,,,1.4302,0.7743,0.6559,0.9551,0.038,,1.186,,,17.066,,,,,
149979,149979,17,,2026-05-16T10:20:11,,,,1.4283,0.7734,0.6549,,,,1.187,,,,,,,,
150992,150992,17,,2026-05-16T10:35:31,,,,1.4268,0.7734,0.6534,,,,1.185,,,,,,,,
152010,152010,17,,2026-05-16T10:50:50,,,,1.4262,0.7706,0.6556,,,,1.186,,,,,,,,
153001,153001,17,198108.0,2026-05-16T11:06:38,901.9,,,1.4298,0.7739,0.6559,0.9655,0.0377,,1.182,,,17.095,,,,,
153967,153967,17,199020.0,2026-05-16T11:21:50,851.3,,,1.4289,0.7724,0.6565,0.9829,0.0373,,1.189,,,17.116,,,,,
154984,154984,17,199933.0,2026-05-16T11:37:03,798.8,,,1.4269,0.7732,0.6537,0.9498,0.0374,,1.185,,,17.128,,,,,
156009,156009,17,200909.0,2026-05-16T11:53:20,911.1,,,1.4332,0.7771,0.6561,0.9558,0.0373,,1.186,,,17.121,,,,,
157008,157008,17,203195.0,2026-05-16T12:31:26,1948.6,,,1.4242,0.7708,0.6534,0.9724,0.0371,,1.187,,,17.147,,,,,
158000,158000,17,205042.0,2026-05-16T13:02:12,1278.3,,,1.4279,0.7756,0.6523,0.9604,0.037,,1.181,,,17.132,,,,,
158983,158983,17,205956.0,2026-05-16T13:17:26,807.1,,,1.4267,0.7718,0.6549,0.9638,0.0369,,1.183,,,17.152,,,,,
159997,159997,17,206869.0,2026-05-16T13:32:39,792.1,,,1.429,0.7727,0.6563,0.9572,0.0368,,1.181,,,17.143,,,,,
161005,161005,19,215257.0,2026-05-16T17:21:00,724.2,,,1.4298,0.774,0.6558,0.956,0.0367,,1.183,,,17.164,,,,,
161985,161985,19,215982.0,2026-05-16T17:33:05,726.3,,,1.4267,0.7746,0.6521,0.9689,0.0367,,1.181,,,17.17,,,,,
162987,162987,17,209609.0,2026-05-16T14:18:19,828.7,,,1.4262,0.7733,0.6529,0.9553,0.0367,,1.181,,,17.179,,,,,
163971,163971,19,217682.0,2026-05-16T18:01:25,1078.9,,,1.4238,0.7719,0.6519,0.9637,0.0362,,1.178,,,17.196,,,,,
165036,165036,19,218469.0,2026-05-16T18:14:32,720.9,,,1.4255,0.7725,0.653,0.9618,0.0361,,1.185,,,17.195,,,,,
166028,166028,19,219196.0,2026-05-16T18:26:39,718.4,,,1.424,0.7722,0.6518,0.9684,0.0358,,1.183,,,17.205,,,,,
167014,167014,19,219924.0,2026-05-16T18:38:47,723.7,,,1.4219,0.7707,0.6512,0.9589,0.0359,,1.182,,,17.211,,,,,
168001,168001,19,220650.0,2026-05-16T18:50:53,717.4,,,1.4256,0.773,0.6526,0.9502,0.0357,,1.181,,,17.213,,,,,
168993,168993,19,221377.0,2026-05-16T19:03:00,716.8,,,1.4228,0.772,0.6508,0.9668,0.0357,,1.176,,,17.212,,,,,
169980,169980,19,222104.0,2026-05-16T19:15:07,717.8,,,1.4245,0.7735,0.651,0.9545,0.0358,,1.175,,,17.228,,,,,
170971,170971,19,222831.0,2026-05-16T19:27:14,714.5,,,1.425,0.7747,0.6503,0.9625,0.0356,,1.178,,,17.223,,,,,
172020,172020,24,226165.0,2026-05-16T20:48:57,883.5,,,1.3487,0.6947,0.654,0.9744,0.0332,,1.159,,,17.295,,,,,
173014,173014,24,227079.0,2026-05-16T21:04:10,909.1,,,1.3288,0.6781,0.6507,0.9667,0.0311,,1.163,,,17.597,,,,,
174003,174003,24,227991.0,2026-05-16T21:19:22,907.6,,,1.328,0.6778,0.6502,0.9873,0.03,,1.172,,,17.721,,,,,
174991,174991,24,228905.0,2026-05-16T21:34:36,909.6,,,1.3282,0.6758,0.6524,0.9683,0.0298,,1.178,,,17.808,,,,,
176008,176008,28,239584.0,2026-05-17T00:47:00,900.2,,,1.3273,0.6754,0.6519,0.9817,0.0298,,1.187,,,17.865,,,,,
176997,176997,28,240495.0,2026-05-17T01:02:11,910.5,,,1.3261,0.6766,0.6495,0.965,0.0296,,1.19,,,17.902,,,,,
178007,178007,24,231703.0,2026-05-16T22:21:14,910.3,,,1.3281,0.6768,0.6513,0.9569,0.0293,,1.192,,,17.95,,,,,
179000,179000,24,232616.0,2026-05-16T22:36:28,905.9,,,1.3248,0.6743,0.6505,0.9715,0.0292,,1.193,,,17.993,,,,,
180011,180011,28,243288.0,2026-05-17T01:48:44,888.6,,,1.3267,0.6761,0.6506,0.975,0.0289,,1.195,,,18.029,,,,,
181015,181015,25,,2026-05-16T23:23:41,,,,1.3305,0.682,0.6485,,,,1.278,,,,,,,,
181977,181977,28,245182.0,2026-05-17T02:20:17,878.1,,,1.3265,0.6759,0.6506,0.986,0.0288,,1.202,,,18.081,,,,,
182981,182981,28,246159.0,2026-05-17T02:36:35,876.6,,,1.3246,0.6748,0.6498,0.9624,0.0287,,1.202,,,18.105,,,,,
183984,183984,28,247137.0,2026-05-17T02:52:53,885.6,,,1.3274,0.6773,0.6501,0.9527,0.0287,,1.209,,,18.116,,,,,
184979,184979,28,248115.0,2026-05-17T03:09:11,878.7,,,1.3249,0.6747,0.6502,0.9686,0.0285,,1.208,,,18.15,,,,,
186030,186030,28,249153.0,2026-05-17T03:26:28,876.5,,,1.3292,0.6773,0.6519,0.9646,0.0286,,1.211,,,18.178,,,,,
187010,187010,28,250131.0,2026-05-17T03:42:46,872.1,,,1.326,0.6769,0.6491,0.9807,0.0285,,1.212,,,18.191,,,,,
187980,187980,28,251110.0,2026-05-17T03:59:05,872.7,,,1.3241,0.6727,0.6514,0.9776,0.0283,,1.208,,,18.208,,,,,
188998,188998,28,252149.0,2026-05-17T04:16:25,871.3,,,1.327,0.6761,0.6509,0.9607,0.0282,,1.213,,,18.223,,,,,
190000,190000,28,253189.0,2026-05-17T04:33:45,875.4,,,1.3242,0.6735,0.6507,0.9741,0.0282,,1.21,,,18.244,,,,,
191005,191005,28,254238.0,2026-05-17T04:51:14,878.9,,,1.3231,0.6759,0.6472,0.9782,0.0282,,1.22,,,18.249,,,,,
192000,192000,28,255279.0,2026-05-17T05:08:35,875.7,,,1.3247,0.6756,0.6491,0.9497,0.0282,,1.22,,,18.258,,,,,
192996,192996,28,256323.0,2026-05-17T05:25:59,871.2,,,1.325,0.6763,0.6487,0.983,0.0279,,1.215,,,18.264,,,,,
193980,193980,28,257364.0,2026-05-17T05:43:20,874.6,,,1.3236,0.6749,0.6487,0.9796,0.028,,1.216,,,18.289,,,,,
195005,195005,28,258469.0,2026-05-17T06:01:45,872.7,,,1.3254,0.6769,0.6485,0.9818,0.0277,,1.22,,,18.301,,,,,
196017,196017,28,259573.0,2026-05-17T06:20:09,871.6,,,1.3277,0.6767,0.651,0.97,0.0278,,1.22,,,18.297,,,,,
196997,196997,28,,2026-05-17T06:38:09,,,,1.3258,0.6765,0.6493,,,,1.221,,,,,,,,
197991,197991,28,261782.0,2026-05-17T06:56:58,876.5,,,1.327,0.679,0.648,0.9869,0.0277,,1.223,,,18.327,,,,,
199017,199017,28,263015.0,2026-05-17T07:17:31,881.9,,,1.3024,0.6541,0.6483,0.9816,0.0269,,1.208,,,18.301,,,,,
199983,199983,28,264187.0,2026-05-17T07:37:03,887.6,,,1.2939,0.6446,0.6493,0.9801,0.0262,,1.203,,,18.414,,,,,
200992,200992,28,269041.0,2026-05-17T08:57:57,4796.2,,,1.2923,0.6454,0.6469,0.9563,0.0255,,1.205,,,18.46,,,,,
201969,201969,28,271789.0,2026-05-17T09:43:44,907.7,,,1.2932,0.6443,0.6489,0.9758,0.0252,,1.215,,,18.506,,,,,
203007,203007,28,272764.0,2026-05-17T09:59:59,881.0,,,1.2901,0.6419,0.6482,0.9824,0.0251,,1.213,,,18.522,,,,,
204012,204012,28,273679.0,2026-05-17T10:15:14,858.0,,,1.2865,0.6397,0.6468,0.9719,0.025,,1.212,,,18.551,,,,,
205024,205024,28,274593.0,2026-05-17T10:30:29,854.1,,,1.292,0.6432,0.6488,0.9783,0.0248,,1.217,,,18.577,,,,,
205986,205986,28,275704.0,2026-05-17T10:49:01,868.3,,,1.2896,0.6416,0.648,0.9577,0.0246,,1.215,,,18.603,,,,,
206995,206995,28,277068.0,2026-05-17T11:11:44,869.7,,,1.2919,0.6449,0.647,0.9815,0.0245,,1.216,,,18.6,,,,,
207985,207985,28,278494.0,2026-05-17T11:35:31,865.8,,,1.2878,0.6427,0.6451,0.9844,0.0242,,1.218,,,18.639,,,,,
208996,208996,28,279981.0,2026-05-17T12:00:18,874.4,,,1.2891,0.6411,0.648,0.9684,0.0241,,1.219,,,18.657,,,,,
209989,209989,28,281529.0,2026-05-17T12:26:06,868.1,,,1.2902,0.6435,0.6467,0.9808,0.024,,1.222,,,18.673,,,,,
210991,210991,28,283143.0,2026-05-17T12:53:00,861.2,,,1.2898,0.6423,0.6475,0.9748,0.0241,,1.222,,,18.661,,,,,
212012,212012,28,284756.0,2026-05-17T13:19:53,858.7,,,1.2883,0.6407,0.6476,0.9863,0.0238,,1.223,,,18.707,,,,,
212988,212988,28,286378.0,2026-05-17T13:46:55,862.0,,,1.2893,0.6439,0.6454,0.9817,0.0238,,1.228,,,18.706,,,,,
214011,214011,28,287994.0,2026-05-17T14:13:51,859.9,,,1.2836,0.6404,0.6432,0.9782,0.0235,,1.221,,,18.719,,,,,
214998,214998,28,289293.0,2026-05-17T14:35:28,920.6,,,1.2891,0.6431,0.646,0.9908,0.0235,,1.229,,,18.719,,,,,
215971,215971,28,290268.0,2026-05-17T14:51:44,886.4,,,1.2873,0.6415,0.6458,0.9632,0.0235,,1.226,,,18.743,,,,,
216984,216984,28,291245.0,2026-05-17T15:08:00,851.1,,,1.2876,0.6421,0.6455,0.9678,0.0236,,1.226,,,18.748,,,,,
218023,218023,28,292221.0,2026-05-17T15:24:16,827.6,,,1.2854,0.6405,0.6449,0.9799,0.0233,,1.227,,,18.764,,,,,
219016,219016,28,293137.0,2026-05-17T15:39:33,819.8,,,1.2888,0.642,0.6468,0.9797,0.0232,,1.227,,,18.765,,,,,
220005,220005,28,294055.0,2026-05-17T15:54:50,821.5,,,1.2898,0.6432,0.6466,0.9922,0.023,,1.231,,,18.774,,,,,
220994,220994,28,296094.0,2026-05-17T16:28:50,1956.7,,,1.2898,0.6435,0.6463,0.9774,0.023,,1.234,,,18.775,,,,,
222003,222003,28,298263.0,2026-05-17T17:04:59,1614.5,,,1.2883,0.6433,0.645,0.9662,0.023,,1.232,,,18.795,,,,,
223029,223029,28,299242.0,2026-05-17T17:21:18,817.6,,,1.2881,0.6419,0.6462,0.9817,0.0228,,1.234,,,18.809,,,,,
223990,223990,28,300165.0,2026-05-17T17:36:41,815.3,,,1.2873,0.6416,0.6457,0.9835,0.0228,,1.227,,,18.825,,,,,
225018,225018,28,301146.0,2026-05-17T17:53:01,811.2,,,1.2875,0.6416,0.6459,0.9876,0.0228,,1.23,,,18.816,,,,,
225981,225981,28,,2026-05-17T18:08:33,,,,1.2841,0.64,0.6441,,,,1.227,,,,,,,,
226976,226976,28,303047.0,2026-05-17T18:24:43,808.4,,,1.2875,0.6424,0.6451,0.9839,0.0226,,1.234,,,18.828,,,,,
227982,227982,28,304029.0,2026-05-17T18:41:05,813.6,,,1.2888,0.6424,0.6464,0.9644,0.0226,,1.232,,,18.841,,,,,
228984,228984,28,305010.0,2026-05-17T18:57:26,798.9,,,1.2818,0.64,0.6418,0.979,0.0226,,1.232,,,18.85,,,,,
229991,229991,28,305993.0,2026-05-17T19:13:49,796.7,,,1.2856,0.6422,0.6434,0.9884,0.0226,,1.235,,,18.847,,,,,
230967,230967,28,306913.0,2026-05-17T19:29:09,790.8,,,1.2895,0.6425,0.647,0.9838,0.0225,,1.234,,,18.859,,,,,
232012,232012,28,307892.0,2026-05-17T19:45:28,792.8,,,1.2878,0.6428,0.645,0.9686,0.0225,,1.231,,,18.872,,,,,
232999,232999,28,309591.0,2026-05-17T20:13:49,922.4,,,1.2885,0.6428,0.6457,0.9706,0.0224,,1.237,,,18.878,,,,,
234020,234020,28,312075.0,2026-05-17T20:55:11,931.3,,,1.2867,0.642,0.6447,0.9912,0.0222,,1.238,,,18.878,,,,,
235013,235013,28,313057.0,2026-05-17T21:11:34,817.4,,,1.285,0.6396,0.6454,0.9786,0.0224,,1.232,,,18.9,,,,,
236008,236008,28,315633.0,2026-05-17T21:54:30,935.9,,,1.2823,0.6381,0.6442,0.9775,0.0219,,1.231,,,18.849,,,,,
236996,236996,28,,2026-05-17T22:31:53,,,,1.2663,0.6242,0.6421,,,,1.222,,,,,,,,
238009,238009,28,318892.0,2026-05-17T22:48:49,808.2,,,1.2659,0.6224,0.6435,0.9897,0.0214,,1.223,,,18.932,,,,,
239022,239022,28,319873.0,2026-05-17T23:05:09,787.1,,,1.2675,0.623,0.6445,0.9667,0.0212,,1.226,,,18.946,,,,,
239990,239990,28,320793.0,2026-05-17T23:20:29,773.3,,,1.2659,0.6215,0.6444,0.9873,0.0212,,1.224,,,18.954,,,,,
240986,240986,28,321774.0,2026-05-17T23:36:50,777.1,,,1.2661,0.6243,0.6418,0.9766,0.021,,1.226,,,18.97,,,,,
241998,241998,28,322757.0,2026-05-17T23:53:13,767.9,,,1.2658,0.6235,0.6423,0.9895,0.021,,1.225,,,18.978,,,,,
243004,243004,28,323738.0,2026-05-18T00:09:34,769.0,,,1.2677,0.6254,0.6423,0.9767,0.0209,,1.228,,,18.971,,,,,
244001,244001,28,324722.0,2026-05-18T00:25:58,775.1,,,1.2627,0.6222,0.6405,0.9872,0.0209,,1.227,,,18.986,,,,,
244992,244992,28,325703.0,2026-05-18T00:42:19,771.4,,,1.2658,0.6233,0.6425,0.9826,0.0206,,1.225,,,18.984,,,,,
245973,245973,28,326687.0,2026-05-18T00:58:43,768.7,,,1.2644,0.6232,0.6412,0.9765,0.0205,,1.225,,,18.991,,,,,
247025,247025,28,327730.0,2026-05-18T01:16:07,762.1,,,1.265,0.6234,0.6416,0.9791,0.0204,,1.229,,,19.002,,,,,
247995,247995,28,328715.0,2026-05-18T01:32:31,765.6,,,1.2654,0.6241,0.6413,0.9645,0.0204,,1.227,,,19.004,,,,,
249001,249001,28,329762.0,2026-05-18T01:49:58,768.3,,,1.2668,0.6255,0.6413,0.9823,0.0204,,1.233,,,19.003,,,,,
249996,249996,28,330806.0,2026-05-18T02:07:22,766.9,,,1.2649,0.6223,0.6426,0.9814,0.0204,,1.229,,,19.015,,,,,
251002,251002,28,331851.0,2026-05-18T02:24:47,770.5,,,1.2618,0.6194,0.6424,0.9738,0.0203,,1.228,,,19.035,,,,,
252001,252001,28,332898.0,2026-05-18T02:42:14,765.2,,,1.2665,0.6234,0.6431,0.9813,0.0201,,1.233,,,19.024,,,,,
252993,252993,28,333943.0,2026-05-18T02:59:39,769.7,,,1.2678,0.624,0.6438,0.9843,0.0201,,1.235,,,19.031,,,,,
254023,254023,28,335051.0,2026-05-18T03:18:07,765.3,,,1.265,0.6227,0.6423,0.9856,0.0201,,1.228,,,19.045,,,,,
254971,254971,28,336097.0,2026-05-18T03:35:33,771.4,,,1.2659,0.6237,0.6422,0.9772,0.0201,,1.231,,,19.045,,,,,
255979,255979,28,337205.0,2026-05-18T03:54:01,766.4,,,1.2664,0.6246,0.6418,0.9824,0.02,,1.232,,,19.043,,,,,
257005,257005,28,338375.0,2026-05-18T04:13:32,769.9,,,1.2623,0.6225,0.6398,0.9752,0.0199,,1.23,,,19.069,,,,,
258002,258002,28,339486.0,2026-05-18T04:32:02,768.5,,,1.2657,0.6235,0.6422,0.9881,0.0198,,1.23,,,19.066,,,,,
258973,258973,28,340596.0,2026-05-18T04:50:32,764.2,,,1.2649,0.6218,0.6431,0.9576,0.02,,1.231,,,19.072,,,,,
259986,259986,28,341767.0,2026-05-18T05:10:03,770.0,,,1.2631,0.6216,0.6415,0.9848,0.0198,,1.232,,,19.074,,,,,
261002,261002,28,342940.0,2026-05-18T05:29:36,764.5,,,1.2657,0.624,0.6417,0.9823,0.0197,,1.234,,,19.081,,,,,
261991,261991,28,344108.0,2026-05-18T05:49:04,765.1,,,1.265,0.6224,0.6426,0.9823,0.0196,,1.232,,,19.073,,,,,
263001,263001,28,,2026-05-18T06:09:19,,,,1.264,0.622,0.642,,,,1.228,,,,,,,,
264011,264011,28,346515.0,2026-05-18T06:29:11,760.5,,,1.2629,0.6244,0.6385,0.9547,0.0196,,1.235,,,19.077,,,,,
264992,264992,28,347687.0,2026-05-18T06:48:44,759.1,,,1.2641,0.6227,0.6414,0.9826,0.0196,,1.229,,,19.083,,,,,
266004,266004,28,348923.0,2026-05-18T07:09:20,759.9,,,1.2614,0.6207,0.6407,0.9797,0.0196,,1.226,,,19.108,,,,,
267016,267016,28,350157.0,2026-05-18T07:29:53,756.0,,,1.2631,0.622,0.6411,0.977,0.0195,,1.235,,,19.099,,,,,
267983,267983,28,351331.0,2026-05-18T07:49:27,760.4,,,1.2652,0.6231,0.6421,0.9836,0.0195,,1.23,,,19.099,,,,,
268980,268980,28,352567.0,2026-05-18T08:10:03,752.9,,,1.2649,0.6231,0.6418,0.9872,0.0194,,1.234,,,19.115,,,,,
270026,270026,28,353861.0,2026-05-18T08:31:37,748.6,,,1.2607,0.6212,0.6395,0.9807,0.0194,,1.23,,,19.119,,,,,
270986,270986,28,355033.0,2026-05-18T08:51:10,743.5,,,1.2653,0.6236,0.6417,0.9613,0.0194,,1.232,,,19.115,,,,,
271989,271989,28,356270.0,2026-05-18T09:11:47,742.8,,,1.2646,0.6232,0.6414,0.983,0.0193,,1.232,,,19.122,,,,,
272979,272979,28,357508.0,2026-05-18T09:32:24,737.9,,,1.2666,0.625,0.6416,0.9938,0.0191,,1.235,,,19.12,,,,,
274006,274006,28,358806.0,2026-05-18T09:54:02,734.9,,,1.2679,0.6253,0.6426,0.992,0.0192,,1.237,,,19.13,,,,,
275013,275013,28,360109.0,2026-05-18T10:15:45,743.9,,,1.2615,0.6223,0.6392,0.9907,0.0193,,1.233,,,19.139,,,,,
276018,276018,28,361406.0,2026-05-18T10:37:23,737.1,,,1.2656,0.6251,0.6405,0.9729,0.0192,,1.234,,,19.138,,,,,
277010,277010,28,,2026-05-18T10:59:02,,,,1.2649,0.6228,0.6421,,,,1.237,,,,,,,,
277987,277987,28,364010.0,2026-05-18T11:20:46,735.6,,,1.2644,0.6236,0.6408,0.9905,0.0192,,1.234,,,19.133,,,,,
279008,279008,28,365373.0,2026-05-18T11:43:30,731.3,,,1.2659,0.6246,0.6413,0.9691,0.0192,,1.234,,,19.145,,,,,
279985,279985,28,366738.0,2026-05-18T12:06:15,736.8,,,1.2661,0.6237,0.6424,0.9848,0.0189,,1.236,,,19.155,,,,,
281011,281011,28,,2026-05-18T12:30:36,,,,1.2619,0.6221,0.6398,,,,1.238,,,,,,,,
281999,281999,28,369587.0,2026-05-18T12:53:43,735.1,,,1.264,0.6239,0.6401,0.9696,0.019,,1.234,,,19.139,,,,,
282991,282991,28,371018.0,2026-05-18T13:17:34,752.8,,,1.2656,0.6283,0.6373,0.9765,0.0191,,1.251,,,19.144,,,,,
283991,283991,30,381239.0,2026-05-18T18:38:34,861.0,,,1.2532,0.6111,0.6421,0.9743,0.0187,,1.221,,,19.196,,,,,
285008,285008,29,376320.0,2026-05-18T15:36:25,914.8,,,1.2529,0.6121,0.6408,0.9748,0.0187,,1.223,,,19.183,,,,,
286003,286003,30,382997.0,2026-05-18T19:07:52,860.7,,,1.2514,0.6094,0.642,0.9839,0.0187,,1.219,,,19.189,,,,,
286974,286974,29,378145.0,2026-05-18T16:06:50,915.6,,,1.2527,0.61,0.6427,0.9877,0.0185,,1.217,,,19.179,,,,,
288002,288002,30,384754.0,2026-05-18T19:37:09,862.7,,,1.2498,0.6094,0.6404,0.9813,0.0185,,1.223,,,19.192,,,,,
288976,288976,29,380029.0,2026-05-18T16:38:15,905.0,,,1.2532,0.6105,0.6427,0.9832,0.0183,,1.223,,,19.188,,,,,
290003,290003,30,386512.0,2026-05-18T20:06:27,862.1,,,1.2525,0.6108,0.6417,0.9706,0.0184,,1.221,,,19.194,,,,,
290966,290966,30,387363.0,2026-05-18T20:20:37,862.0,,,1.2514,0.6086,0.6428,0.9862,0.0183,,1.222,,,19.199,,,,,
292003,292003,30,388272.0,2026-05-18T20:35:47,860.1,,,1.2508,0.6094,0.6414,0.9782,0.0183,,1.22,,,19.193,,,,,
292969,292969,30,389120.0,2026-05-18T20:49:54,857.2,,,1.25,0.6097,0.6403,0.9708,0.0182,,1.223,,,19.196,,,,,
294008,294008,30,390030.0,2026-05-18T21:05:05,858.6,,,1.2487,0.609,0.6397,0.9828,0.018,,1.223,,,19.205,,,,,
294972,294972,30,390880.0,2026-05-18T21:19:15,862.8,,,1.2538,0.6108,0.643,0.9839,0.018,,1.223,,,19.198,,,,,
296004,296004,32,393488.0,2026-05-18T22:19:34,904.0,,,1.2508,0.6092,0.6416,0.9921,0.0179,,1.222,,,19.206,,,,,
297000,297000,32,394396.0,2026-05-18T22:34:42,886.3,,,1.2501,0.6096,0.6405,0.9895,0.018,,1.221,,,19.195,,,,,
298013,298013,32,395304.0,2026-05-18T22:49:50,882.5,,,1.2505,0.6092,0.6413,0.983,0.0179,,1.22,,,19.22,,,,,
299030,299030,32,396214.0,2026-05-18T23:05:00,881.5,,,1.2493,0.609,0.6403,0.9866,0.0177,,1.224,,,19.203,,,,,
299973,299973,32,397065.0,2026-05-18T23:19:11,891.9,,,1.2496,0.6088,0.6408,0.9783,0.0178,,1.219,,,19.216,,,,,
300987,300987,32,397975.0,2026-05-18T23:34:21,883.5,,,1.2534,0.6115,0.6419,0.99,0.0179,,1.226,,,19.211,,,,,
302002,302002,32,398885.0,2026-05-18T23:49:31,880.6,,,1.2485,0.6091,0.6394,0.9545,0.0176,,1.223,,,19.216,,,,,
303017,303017,32,399795.0,2026-05-19T00:04:41,879.8,,,1.2495,0.6106,0.6389,0.9889,0.0177,,1.226,,,19.219,,,,,
304027,304027,32,400706.0,2026-05-19T00:19:52,886.9,,,1.2503,0.61,0.6403,0.992,0.0178,,1.22,,,19.216,,,,,
304976,304976,32,401555.0,2026-05-19T00:34:02,878.9,,,1.2534,0.6119,0.6415,0.9928,0.0175,,1.226,,,19.218,,,,,
305993,305993,32,402465.0,2026-05-19T00:49:11,877.0,,,1.2496,0.6101,0.6395,0.9916,0.0176,,1.222,,,19.225,,,,,
307010,307010,32,403375.0,2026-05-19T01:04:21,877.4,,,1.2481,0.61,0.6381,0.9912,0.0174,,1.226,,,19.239,,,,,
308020,308020,32,404284.0,2026-05-19T01:19:30,884.7,,,1.2485,0.6077,0.6408,0.9854,0.0175,,1.222,,,19.234,,,,,
308970,308970,32,405133.0,2026-05-19T01:33:39,872.3,,,1.2499,0.6096,0.6403,0.9785,0.0175,,1.224,,,19.243,,,,,
309990,309990,32,406044.0,2026-05-19T01:48:50,871.2,,,1.2515,0.6099,0.6416,0.9921,0.0175,,1.228,,,19.242,,,,,
311000,311000,32,,2026-05-19T02:03:55,,,,1.2504,0.6088,0.6416,,,,1.219,,,,,,,,
312013,312013,32,,2026-05-19T02:19:10,,,,1.2513,0.6095,0.6418,,,,1.22,,,,,,,,
312969,312969,32,408717.0,2026-05-19T02:33:23,864.6,,,1.2481,0.6091,0.639,0.9724,0.0174,,1.219,,,19.246,,,,,
313989,313989,32,409628.0,2026-05-19T02:48:34,866.4,,,1.2475,0.6082,0.6393,0.9854,0.0173,,1.221,,,19.238,,,,,
315012,315012,32,410540.0,2026-05-19T03:03:47,865.7,,,1.2488,0.608,0.6408,0.975,0.0173,,1.222,,,19.247,,,,,
316027,316027,32,411451.0,2026-05-19T03:18:57,868.2,,,1.249,0.6094,0.6396,0.9799,0.0174,,1.23,,,19.245,,,,,
316979,316979,32,412302.0,2026-05-19T03:33:08,862.3,,,1.2492,0.6085,0.6407,0.9852,0.0172,,1.219,,,19.249,,,,,
317999,317999,32,413214.0,2026-05-19T03:48:20,862.1,,,1.2498,0.6102,0.6396,0.985,0.0173,,1.226,,,19.252,,,,,
318991,318991,32,414125.0,2026-05-19T04:03:31,861.7,,,1.2421,0.6019,0.6402,0.991,0.0171,,1.214,,,19.263,,,,,
320006,320006,32,415037.0,2026-05-19T04:18:43,867.0,,,1.2387,0.6,0.6387,0.9842,0.017,,1.214,,,19.264,,,,,
321022,321022,32,415948.0,2026-05-19T04:33:55,860.0,,,1.2377,0.5996,0.6381,0.9861,0.0169,,1.211,,,19.253,,,,,
321968,321968,32,416798.0,2026-05-19T04:48:05,860.5,,,1.2412,0.6027,0.6385,0.99,0.017,,1.213,,,19.248,,,,,
322982,322982,32,417711.0,2026-05-19T05:03:17,858.1,,,1.2405,0.6007,0.6398,0.9767,0.0168,,1.215,,,19.253,,,,,
323994,323994,32,418622.0,2026-05-19T05:18:29,860.1,,,1.2376,0.5999,0.6377,0.9828,0.0168,,1.212,,,19.254,,,,,
325006,325006,32,419534.0,2026-05-19T05:33:40,856.0,,,1.2418,0.6028,0.639,0.9627,0.0167,,1.215,,,19.245,,,,,
326024,326024,32,420446.0,2026-05-19T05:48:52,852.9,,,1.2419,0.6025,0.6394,0.9924,0.0167,,1.216,,,19.249,,,,,
326973,326973,32,421296.0,2026-05-19T06:03:03,849.4,,,1.2397,0.6002,0.6395,0.9894,0.0166,,1.213,,,19.252,,,,,
327993,327993,32,422208.0,2026-05-19T06:18:14,849.0,,,1.2402,0.6014,0.6388,0.9894,0.0166,,1.213,,,19.25,,,,,
329007,329007,32,423118.0,2026-05-19T06:33:25,847.0,,,1.2404,0.6009,0.6395,0.9843,0.0165,,1.212,,,19.249,,,,,
330030,330030,32,424030.0,2026-05-19T06:48:37,846.8,,,1.2388,0.5997,0.6391,0.9894,0.0165,,1.212,,,19.257,,,,,
330981,330981,32,424880.0,2026-05-19T07:02:46,841.2,,,1.241,0.6022,0.6388,0.9843,0.0165,,1.215,,,19.25,,,,,
332002,332002,32,425792.0,2026-05-19T07:17:58,842.3,,,1.2388,0.6013,0.6375,0.985,0.0165,,1.217,,,19.256,,,,,
333023,333023,32,426704.0,2026-05-19T07:33:10,834.1,,,1.2395,0.6018,0.6377,0.9915,0.0164,,1.212,,,19.244,,,,,
333983,333983,32,427555.0,2026-05-19T07:47:21,834.1,,,1.24,0.6007,0.6393,0.9851,0.0164,,1.214,,,19.256,,,,,
335006,335006,32,428468.0,2026-05-19T08:02:34,829.4,,,1.2415,0.6011,0.6404,0.9863,0.0163,,1.211,,,19.259,,,,,
336016,336016,32,429380.0,2026-05-19T08:17:46,817.9,,,1.2373,0.5975,0.6398,0.983,0.0162,,1.21,,,19.281,,,,,
337005,337005,32,430292.0,2026-05-19T08:32:59,845.0,,,1.2343,0.5962,0.6381,0.9832,0.0162,,1.209,,,19.276,,,,,
337995,337995,33,433142.0,2026-05-19T09:21:48,880.6,,,1.2363,0.5969,0.6394,0.9601,0.0161,,1.21,,,19.278,,,,,
339012,339012,33,436120.0,2026-05-19T10:11:26,3433.8,,,1.2288,0.5934,0.6354,0.9892,0.016,,1.202,,,19.282,,,,,
339994,339994,33,437030.0,2026-05-19T10:26:36,916.7,,,1.2296,0.5925,0.6371,0.9747,0.0161,,1.206,,,19.292,,,,,
340977,340977,33,437940.0,2026-05-19T10:41:46,913.0,,,1.2294,0.5924,0.637,0.9865,0.016,,1.204,,,19.283,,,,,
341973,341973,33,438849.0,2026-05-19T10:56:55,894.5,,,1.2309,0.5927,0.6382,0.9815,0.0159,,1.203,,,19.276,,,,,
342978,342978,33,439758.0,2026-05-19T11:12:04,889.2,,,1.2309,0.5926,0.6383,0.9722,0.0159,,1.201,,,19.277,,,,,
343980,343980,33,440668.0,2026-05-19T11:27:14,898.5,,,1.2289,0.5923,0.6366,0.9579,0.016,,1.2,,,19.267,,,,,
345013,345013,33,441637.0,2026-05-19T11:43:23,919.7,,,1.2281,0.593,0.6351,0.9938,0.0158,,1.197,,,19.257,,,,,
345997,345997,33,442548.0,2026-05-19T11:58:34,892.7,,,1.2289,0.5939,0.635,0.9837,0.0158,,1.203,,,19.258,,,,,
347004,347004,33,443457.0,2026-05-19T12:13:43,872.4,,,1.2287,0.5924,0.6363,0.9817,0.0158,,1.21,,,19.265,,,,,
348027,348027,33,444368.0,2026-05-19T12:28:55,865.5,,,1.2314,0.5935,0.6379,0.977,0.0158,,1.205,,,19.259,,,,,
349028,349028,33,445280.0,2026-05-19T12:44:06,878.5,,,1.2304,0.5936,0.6368,0.9829,0.0157,,1.203,,,19.277,,,,,
349973,349973,33,446130.0,2026-05-19T12:58:16,871.2,,,1.2291,0.5919,0.6372,0.9915,0.0157,,1.203,,,19.255,,,,,
351003,351003,33,447104.0,2026-05-19T13:14:30,968.9,,,1.2292,0.5922,0.637,0.982,0.0156,,1.203,,,19.254,,,,,
351989,351989,33,448260.0,2026-05-19T13:33:46,1005.4,,,1.231,0.594,0.637,0.9842,0.0156,,1.203,,,19.266,,,,,
352997,352997,34,449719.0,2026-05-19T13:59:03,1261.1,,,1.2275,0.5914,0.6361,0.9935,0.0155,,1.205,,,19.26,,,,,
354020,354020,34,451058.0,2026-05-19T14:21:23,1282.5,,,1.2274,0.5913,0.6361,0.9773,0.0155,,1.196,,,19.261,,,,,
354986,354986,34,452277.0,2026-05-19T14:41:41,1171.8,,,1.2286,0.5918,0.6368,0.9912,0.0154,,1.2,,,19.254,,,,,
356004,356004,34,453617.0,2026-05-19T15:04:01,1296.6,,,1.2297,0.5938,0.6359,0.9919,0.0155,,1.204,,,19.256,,,,,
357005,357005,34,454958.0,2026-05-19T15:26:22,1333.8,,,1.2281,0.5903,0.6378,0.9813,0.0154,,1.196,,,19.268,,,,,
358017,358017,34,456239.0,2026-05-19T15:47:43,1239.2,,,1.2268,0.5915,0.6353,0.9809,0.0154,,1.202,,,19.267,,,,,
359018,359018,34,457579.0,2026-05-19T16:10:03,1312.3,,,1.2279,0.5922,0.6357,0.988,0.0154,,1.199,,,19.278,,,,,
360019,360019,34,458859.0,2026-05-19T16:31:23,1247.6,,,1.2282,0.5913,0.6369,0.9925,0.0152,,1.201,,,19.271,,,,,
361002,361002,34,460657.0,2026-05-19T17:01:21,2324.9,,,1.229,0.5926,0.6364,0.98,0.0153,,1.202,,,19.269,,,,,
361988,361988,34,462322.0,2026-05-19T17:29:06,1265.8,,,1.2277,0.5924,0.6353,0.9785,0.0153,,1.202,,,19.279,,,,,
363004,363004,34,463599.0,2026-05-19T17:50:24,1234.0,,,1.2272,0.5918,0.6354,0.977,0.0153,,1.198,,,19.274,,,,,
364006,364006,34,464819.0,2026-05-19T18:10:43,1100.1,,,1.228,0.593,0.635,0.9826,0.0153,,1.199,,,19.27,,,,,
365001,365001,34,465923.0,2026-05-19T18:29:07,963.7,,,1.2276,0.5933,0.6343,0.9908,0.0152,,1.196,,,19.278,,,,,
366018,366018,34,467089.0,2026-05-19T18:48:34,933.2,,,1.2271,0.5921,0.635,0.9691,0.0152,,1.2,,,19.275,,,,,
366992,366992,34,468312.0,2026-05-19T19:08:56,1222.4,,,1.2296,0.5927,0.6369,0.9901,0.0152,,1.199,,,19.276,,,,,
368021,368021,34,469594.0,2026-05-19T19:30:18,1192.0,,,1.2254,0.5889,0.6365,0.9878,0.0151,,1.196,,,19.289,,,,,
369017,369017,34,470815.0,2026-05-19T19:50:39,1125.1,,,1.2286,0.5942,0.6344,0.9802,0.0148,,1.195,,,19.263,,,,,
370000,370000,34,472036.0,2026-05-19T20:11:01,1182.4,,,1.2233,0.5906,0.6327,0.9734,0.015,,1.192,,,19.286,,,,,
371008,371008,34,473320.0,2026-05-19T20:32:24,1205.6,,,1.0929,0.5318,0.5611,0.9846,0.015,,1.173,,,19.354,,,,,
372014,372014,34,474542.0,2026-05-19T20:52:47,1131.4,,,1.0934,0.5314,0.562,0.9843,0.0149,,1.177,,,19.357,,,,,
372981,372981,34,475701.0,2026-05-19T21:12:05,1133.9,,,1.0934,0.5323,0.5611,0.986,0.015,,1.175,,,19.349,,,,,
373980,373980,34,476922.0,2026-05-19T21:32:27,1169.9,,,1.0926,0.5307,0.5619,0.9772,0.0149,,1.174,,,19.354,,,,,
374992,374992,34,478345.0,2026-05-19T21:56:11,862.9,,,1.0953,0.5332,0.5621,0.9719,0.0148,,1.177,,,19.351,,,,,
376006,376006,34,,2026-05-19T22:20:54,,,,1.0934,0.5306,0.5628,,,,1.172,,,,,,,,
376999,376999,34,481261.0,2026-05-19T22:44:46,858.9,,,1.0942,0.5333,0.5609,0.9821,0.0147,,1.18,,,19.344,,,,,
377984,377984,34,482811.0,2026-05-19T23:10:37,855.6,,,1.0934,0.5317,0.5617,0.9869,0.0146,,1.178,,,19.353,,,,,
378984,378984,34,484551.0,2026-05-19T23:39:36,870.6,,,1.0954,0.533,0.5624,0.9897,0.0145,,1.173,,,19.349,,,,,
380012,380012,34,,2026-05-20T00:09:36,,,,1.0915,0.5303,0.5612,,,,1.175,,,,,,,,
381000,381000,34,488228.0,2026-05-20T00:40:54,894.5,,,1.0949,0.5314,0.5635,0.9727,0.0143,,1.174,,,19.342,,,,,
382005,382005,34,490226.0,2026-05-20T01:14:12,901.0,,,1.0926,0.5322,0.5604,0.9886,0.0145,,1.174,,,19.343,,,,,
383008,383008,34,492296.0,2026-05-20T01:48:42,909.5,,,1.0922,0.5323,0.5599,0.9852,0.0144,,1.177,,,19.334,,,,,
383996,383996,34,494362.0,2026-05-20T02:23:08,893.9,,,1.0937,0.5329,0.5608,0.9806,0.0144,,1.176,,,19.353,,,,,
385006,385006,34,496364.0,2026-05-20T02:56:30,897.8,,,1.0921,0.532,0.5601,0.988,0.0144,,1.178,,,19.353,,,,,
386001,386001,34,498433.0,2026-05-20T03:30:58,894.5,,,1.0935,0.5316,0.5619,0.9897,0.0145,,1.178,,,19.355,,,,,
386988,386988,34,500638.0,2026-05-20T04:07:44,924.3,,,1.0902,0.5307,0.5595,0.9853,0.0142,,1.175,,,19.357,,,,,
388007,388007,34,502834.0,2026-05-20T04:44:19,876.5,,,1.0894,0.5282,0.5612,0.9834,0.0142,,1.17,,,19.388,,,,,
389011,389011,34,504968.0,2026-05-20T05:19:54,875.8,,,1.0864,0.5269,0.5595,0.9804,0.0142,,1.171,,,19.358,,,,,
389997,389997,34,506910.0,2026-05-20T05:52:16,894.9,,,1.087,0.527,0.56,0.9733,0.0142,,1.166,,,19.367,,,,,
390990,390990,34,508863.0,2026-05-20T06:24:49,887.2,,,1.0884,0.5284,0.56,0.9864,0.014,,1.168,,,19.369,,,,,
391985,391985,34,510873.0,2026-05-20T06:58:19,896.5,,,1.089,0.5284,0.5606,0.9868,0.014,,1.171,,,19.346,,,,,
393003,393003,34,513017.0,2026-05-20T07:34:03,899.4,,,1.0901,0.5299,0.5602,0.9884,0.014,,1.174,,,19.353,,,,,
394012,394012,34,515229.0,2026-05-20T08:10:55,900.7,,,1.0873,0.5278,0.5595,0.993,0.014,,1.164,,,19.35,,,,,
394990,394990,34,517385.0,2026-05-20T08:46:51,891.6,,,1.0876,0.5275,0.5601,0.9838,0.0138,,1.168,,,19.348,,,,,
395984,395984,34,518754.0,2026-05-20T09:09:38,837.3,,,1.0879,0.5269,0.561,0.9836,0.0139,,1.164,,,19.368,,,,,
397029,397029,34,519794.0,2026-05-20T09:26:59,808.7,,,1.089,0.5294,0.5596,0.9853,0.014,,1.169,,,19.365,,,,,
397989,397989,34,520714.0,2026-05-20T09:42:19,798.5,,,1.0894,0.5286,0.5608,0.9679,0.0139,,1.172,,,19.35,,,,,
398995,398995,34,,2026-05-20T09:58:25,,,,1.0889,0.5289,0.56,,,,1.167,,,,,,,,
400014,400014,34,522672.0,2026-05-20T10:14:57,796.2,,,1.0854,0.5265,0.5589,0.9949,0.0138,,1.166,,,19.366,,,,,
400971,400971,34,523590.0,2026-05-20T10:30:14,795.4,,,1.0877,0.5279,0.5598,0.9801,0.0139,,1.168,,,19.36,,,,,
401988,401988,34,524817.0,2026-05-20T10:50:42,1048.5,,,1.0885,0.5276,0.5609,0.9901,0.0139,,1.167,,,19.356,,,,,
403002,403002,34,526106.0,2026-05-20T11:12:11,1038.0,,,1.0876,0.5278,0.5598,0.9787,0.014,,1.168,,,19.367,,,,,
403981,403981,34,527460.0,2026-05-20T11:34:45,1098.5,,,1.0873,0.5288,0.5585,0.9865,0.0136,,1.167,,,19.369,,,,,
405008,405008,34,528938.0,2026-05-20T11:59:23,1098.5,,,1.0868,0.5279,0.5589,0.9934,0.0137,,1.166,,,19.378,,,,,
405987,405987,34,530353.0,2026-05-20T12:22:58,1074.2,,,1.084,0.5271,0.5569,0.9806,0.0133,,1.162,,,19.356,,,,,
407008,407008,34,531702.0,2026-05-20T12:45:27,1012.1,,,1.0848,0.5261,0.5587,0.9939,0.0134,,1.162,,,19.364,,,,,
408025,408025,34,532991.0,2026-05-20T13:06:55,1010.3,,,1.0848,0.5266,0.5582,0.9936,0.0134,,1.165,,,19.349,,,,,
408993,408993,34,534218.0,2026-05-20T13:27:23,997.7,,,1.0849,0.5271,0.5578,0.9918,0.0133,,1.164,,,19.341,,,,,
409989,409989,34,535507.0,2026-05-20T13:48:52,997.8,,,1.0858,0.5278,0.558,0.9631,0.0134,,1.163,,,19.351,,,,,
411012,411012,34,536797.0,2026-05-20T14:10:22,987.3,,,1.0841,0.5271,0.557,0.981,0.0133,,1.162,,,19.336,,,,,
412002,412002,34,,2026-05-20T14:32:53,,,,1.0836,0.526,0.5576,,,,1.159,,,,,,,,
412977,412977,34,539444.0,2026-05-20T14:54:29,990.2,,,1.0864,0.5279,0.5585,0.9877,0.0132,,1.161,,,19.341,,,,,
414013,414013,34,540796.0,2026-05-20T15:17:01,985.1,,,1.0846,0.527,0.5576,0.9915,0.0132,,1.161,,,19.342,,,,,
414988,414988,34,542088.0,2026-05-20T15:38:34,1003.8,,,1.0831,0.5245,0.5586,0.99,0.0132,,1.158,,,19.336,,,,,
415996,415996,34,544836.0,2026-05-20T16:24:23,956.3,,,1.0875,0.5282,0.5593,0.9858,0.0131,,1.165,,,19.302,,,,,
416996,416996,35,547341.0,2026-05-20T17:53:12,846.4,,,1.0786,0.5229,0.5557,0.9884,0.0132,,1.157,,,19.33,,,,,
418008,418008,36,550977.0,2026-05-20T19:00:54,883.2,,,1.0847,0.5267,0.558,0.9817,0.0132,,1.161,,,19.353,,,,,
418997,418997,36,551947.0,2026-05-20T19:17:04,1052.4,,,1.0833,0.5263,0.557,0.9923,0.0132,,1.156,,,19.344,,,,,
420008,420008,35,550008.0,2026-05-20T18:37:40,882.4,,,1.0825,0.5257,0.5568,0.9827,0.0131,,1.158,,,19.354,,,,,
421012,421012,39,558689.0,2026-05-21T09:32:43,925.1,,,1.0815,0.5261,0.5554,0.987,0.013,,1.156,,,19.339,,,,,
421987,421987,39,559598.0,2026-05-21T09:47:52,913.0,,,1.082,0.5251,0.5569,0.9831,0.0128,,1.154,,,19.344,,,,,
422974,422974,40,560506.0,2026-05-21T10:14:18,913.3,,,1.0822,0.5258,0.5564,0.9797,0.013,,1.152,,,19.322,,,,,
423991,423991,40,561478.0,2026-05-21T10:30:30,942.9,,,1.0827,0.5255,0.5572,0.9848,0.0128,,1.154,,,19.335,,,,,
425022,425022,40,562448.0,2026-05-21T10:46:40,925.5,,,1.0811,0.5238,0.5573,0.9878,0.0129,,1.151,,,19.328,,,,,
426000,426000,40,563662.0,2026-05-21T11:06:54,1308.7,,,1.0805,0.5244,0.5561,0.991,0.0128,,1.153,,,19.333,,,,,
426994,426994,40,564938.0,2026-05-21T11:28:10,1241.0,,,1.0823,0.5246,0.5577,0.9849,0.0128,,1.149,,,19.321,,,,,
427997,427997,40,566151.0,2026-05-21T11:48:23,1136.9,,,1.082,0.5255,0.5565,0.9888,0.0127,,1.154,,,19.329,,,,,
429017,429017,40,567428.0,2026-05-21T12:09:40,1276.6,,,1.0818,0.5251,0.5567,0.9948,0.0127,,1.152,,,19.342,,,,,
430021,430021,40,568706.0,2026-05-21T12:30:58,1244.8,,,1.0833,0.5262,0.5571,0.9688,0.0126,,1.151,,,19.325,,,,,
431023,431023,40,569923.0,2026-05-21T12:51:16,1149.0,,,1.0805,0.5238,0.5567,0.9697,0.0127,,1.149,,,19.323,,,,,
432010,432010,40,571140.0,2026-05-21T13:11:32,1261.2,,,1.0815,0.5249,0.5566,0.9827,0.0127,,1.148,,,19.339,,,,,
433009,433009,41,576937.0,2026-05-21T15:52:57,2647.0,,,1.0825,0.5268,0.5557,0.9939,0.0126,,1.155,,,19.302,,,,,
434000,434000,42,585442.0,2026-05-21T19:00:52,4065.1,,,1.2644,0.5742,0.6902,0.9913,0.013,,1.171,,,19.337,,,,,
434993,434993,42,587891.0,2026-05-21T19:41:42,2419.3,,,1.2651,0.5726,0.6925,0.9889,0.013,,1.16,,,19.326,,,,,
436001,436001,42,643056.0,2026-05-22T11:01:07,91062.7,,,1.2711,0.5815,0.6896,0.972,0.0128,,1.173,,,19.246,,,,,
437009,437009,42,645647.0,2026-05-22T11:44:18,2515.1,,,1.2613,0.5719,0.6894,0.9795,0.0128,,1.167,,,19.341,,,,,
438001,438001,42,648179.0,2026-05-22T12:26:30,2407.3,,,1.2592,0.5718,0.6874,0.9846,0.0128,,1.159,,,19.338,,,,,
438995,438995,43,650834.0,2026-05-22T13:15:58,2384.6,,,1.2647,0.5739,0.6908,0.9876,0.0125,,1.165,,,19.309,,,,,
439994,439994,43,653357.0,2026-05-22T13:58:01,2468.9,,,1.259,0.5698,0.6892,0.9757,0.0127,,1.159,,,19.343,,,,,
440999,440999,43,655876.0,2026-05-22T14:40:00,2467.2,,,1.2598,0.5699,0.6899,0.993,0.0126,,1.154,,,19.33,,,,,
442008,442008,43,658456.0,2026-05-22T15:23:00,2536.2,,,1.2612,0.5706,0.6906,0.9892,0.0125,,1.15,,,19.33,,,,,
442999,442999,43,660987.0,2026-05-22T16:05:12,2399.3,,,1.2594,0.5695,0.6899,0.9896,0.0125,,1.145,,,19.336,,,,,
443995,443995,43,663581.0,2026-05-22T16:48:25,2446.7,,,1.262,0.5697,0.6923,0.9889,0.0126,,1.149,,,19.328,,,,,
445009,445009,43,666297.0,2026-05-22T17:33:41,2484.1,,,1.2593,0.5706,0.6887,0.9845,0.0124,,1.151,,,19.334,,,,,
446007,446007,43,668826.0,2026-05-22T18:15:51,2379.1,,,1.2604,0.5696,0.6908,0.9848,0.0124,,1.152,,,19.342,,,,,
446989,446989,43,671301.0,2026-05-22T18:57:05,2359.3,,,1.2589,0.5702,0.6887,0.983,0.0124,,1.151,,,19.339,,,,,
448005,448005,43,673835.0,2026-05-22T19:39:19,2354.3,,,1.2584,0.569,0.6894,0.985,0.0124,,1.151,,,19.356,,,,,
448996,448996,43,676307.0,2026-05-22T20:20:32,2333.4,,,1.2594,0.5707,0.6887,0.9903,0.0122,,1.147,,,19.34,,,,,
450006,450006,43,678782.0,2026-05-22T21:01:46,2301.8,,,1.2551,0.5687,0.6864,0.9895,0.0122,,1.147,,,19.352,,,,,
450998,450998,43,681257.0,2026-05-22T21:43:02,2313.2,,,1.2565,0.5685,0.688,0.991,0.0122,,1.147,,,19.351,,,,,
451989,451989,43,683685.0,2026-05-22T22:23:30,1622.3,,,1.2565,0.5686,0.6879,0.9945,0.0122,,1.147,,,19.354,,,,,
452988,452988,43,686240.0,2026-05-22T23:06:05,1550.4,,,1.258,0.5678,0.6902,0.9944,0.0122,,1.14,,,19.367,,,,,
453998,453998,43,688797.0,2026-05-22T23:48:42,1552.1,,,1.2572,0.569,0.6882,0.98,0.0121,,1.143,,,19.361,,,,,
454990,454990,43,691418.0,2026-05-23T00:32:23,1536.5,,,1.2596,0.5696,0.69,0.9937,0.0121,,1.142,,,19.356,,,,,
455993,455993,43,694115.0,2026-05-23T01:17:20,1430.7,,,1.263,0.5717,0.6913,0.9863,0.0122,,1.148,,,19.345,,,,,
456999,456999,43,696676.0,2026-05-23T02:00:01,1464.1,,,1.2584,0.5708,0.6876,0.9873,0.012,,1.15,,,19.365,,,,,
457997,457997,43,699178.0,2026-05-23T02:41:43,1461.4,,,1.2588,0.5692,0.6896,0.988,0.0121,,1.14,,,19.361,,,,,
459005,459005,43,701672.0,2026-05-23T03:23:18,1411.6,,,1.2594,0.5711,0.6883,0.9888,0.0119,,1.141,,,19.385,,,,,
459996,459996,43,704179.0,2026-05-23T04:05:04,1458.4,,,1.2544,0.57,0.6844,0.9878,0.0119,,1.146,,,19.375,,,,,
460990,460990,43,706754.0,2026-05-23T04:48:00,1473.7,,,1.2603,0.5693,0.691,0.9904,0.0121,,1.145,,,19.379,,,,,
462000,462000,43,709454.0,2026-05-23T05:32:59,1467.1,,,1.2603,0.5717,0.6886,0.9882,0.012,,1.143,,,19.366,,,,,
463001,463001,43,712162.0,2026-05-23T06:18:08,1433.8,,,1.2573,0.5682,0.6891,0.9944,0.0121,,1.143,,,19.396,,,,,
464012,464012,43,714932.0,2026-05-23T07:04:17,1464.5,,,1.2587,0.5698,0.6889,0.9936,0.012,,1.143,,,19.39,,,,,
464999,464999,43,717778.0,2026-05-23T07:51:44,1518.4,,,1.252,0.5657,0.6863,0.9926,0.0119,,1.145,,,19.425,,,,,
466000,466000,43,720616.0,2026-05-23T08:39:01,1585.0,,,1.2498,0.5647,0.6851,0.9881,0.0118,,1.137,,,19.434,,,,,
467001,467001,43,723580.0,2026-05-23T09:28:26,1573.0,,,1.253,0.5655,0.6875,0.987,0.012,,1.137,,,19.417,,,,,
468002,468002,43,726485.0,2026-05-23T10:16:50,1552.5,,,1.253,0.5673,0.6857,0.995,0.0119,,1.138,,,19.424,,,,,
468995,468995,43,729391.0,2026-05-23T11:05:16,1513.0,,,1.2554,0.5663,0.6891,0.9934,0.0118,,1.134,,,19.412,,,,,
470008,470008,43,732371.0,2026-05-23T11:54:56,1548.5,,,1.253,0.5672,0.6858,0.9791,0.012,,1.139,,,19.386,,,,,
471000,471000,43,735421.0,2026-05-23T12:45:47,1557.6,,,1.2527,0.5656,0.6871,0.9804,0.0119,,1.141,,,19.406,,,,,
471993,471993,43,,2026-05-23T13:34:31,,,,1.2516,0.5631,0.6885,,,,1.129,,,,,,,,
473005,473005,43,740753.0,2026-05-23T14:14:38,1728.2,,,1.2524,0.5656,0.6868,0.987,0.0119,,1.135,,,19.416,,,,,
473998,473998,43,743109.0,2026-05-23T14:53:55,1694.3,,,1.2511,0.5654,0.6857,0.9865,0.0117,,1.133,,,19.429,,,,,
475001,475001,43,747087.0,2026-05-23T16:00:13,1724.1,,,1.2516,0.5649,0.6867,0.9913,0.0118,,1.133,,,19.414,,,,,
476005,476005,43,751104.0,2026-05-23T17:07:11,1592.6,,,1.2527,0.5662,0.6865,0.9855,0.0117,,1.132,,,19.424,,,,,
477001,477001,43,755071.0,2026-05-23T18:13:16,1633.4,,,1.2502,0.5668,0.6834,0.9856,0.0117,,1.139,,,19.435,,,,,
477988,477988,43,757365.0,2026-05-23T18:51:30,1666.7,,,1.2491,0.5644,0.6847,0.9837,0.0116,,1.131,,,19.439,,,,,
479009,479009,43,759719.0,2026-05-23T19:30:44,1654.5,,,1.2513,0.5651,0.6862,0.988,0.0116,,1.132,,,19.439,,,,,
480006,480006,43,762079.0,2026-05-23T20:10:03,1625.4,,,1.2505,0.5657,0.6848,0.9846,0.0116,,1.132,,,19.449,,,,,
481003,481003,43,764369.0,2026-05-23T20:48:14,1616.4,,,1.2523,0.5658,0.6865,0.9852,0.0115,,1.136,,,19.435,,,,,
481998,481998,43,767330.0,2026-05-23T21:37:37,1603.4,,,1.2532,0.5664,0.6868,0.983,0.0115,,1.132,,,19.428,,,,,
483001,483001,43,772307.0,2026-05-23T23:00:34,1582.5,,,1.2498,0.5656,0.6842,0.9899,0.0116,,1.127,,,19.438,,,,,
484002,484002,43,777304.0,2026-05-24T00:23:51,1603.8,,,1.2488,0.5641,0.6847,0.9856,0.0115,,1.126,,,19.448,,,,,
485004,485004,43,,2026-05-24T01:45:39,,,,1.2501,0.565,0.6851,,,,1.126,,,,,,,,
485998,485998,43,787484.0,2026-05-24T03:13:31,1596.0,,,1.2522,0.5657,0.6865,0.9917,0.0116,,1.124,,,19.434,,,,,
486999,486999,43,792882.0,2026-05-24T04:43:29,1580.5,,,1.248,0.5648,0.6832,0.9852,0.0115,,1.127,,,19.44,,,,,
488004,488004,43,798432.0,2026-05-24T06:15:59,1568.8,,,1.2488,0.565,0.6838,0.9921,0.0114,,1.123,,,19.446,,,,,
489001,489001,43,803988.0,2026-05-24T07:48:35,1579.3,,,1.2499,0.5661,0.6838,0.9924,0.0114,,1.13,,,19.432,,,,,
489997,489997,43,809932.0,2026-05-24T09:27:40,1601.0,,,1.2484,0.5654,0.683,0.9814,0.0114,,1.124,,,19.436,,,,,
490999,490999,43,815737.0,2026-05-24T11:04:22,1612.1,,,1.252,0.5672,0.6848,0.9865,0.0114,,1.128,,,19.447,,,,,
492005,492005,43,817724.0,2026-05-24T11:37:29,766.5,,,1.2465,0.5641,0.6824,0.9886,0.0113,,1.124,,,19.469,,,,,
493014,493014,43,818957.0,2026-05-24T11:58:02,749.7,,,1.2465,0.5614,0.6851,0.9795,0.0114,,1.123,,,19.486,,,,,
493987,493987,43,820132.0,2026-05-24T12:17:36,744.9,,,1.249,0.5628,0.6862,0.9913,0.0113,,1.12,,,19.476,,,,,
495007,495007,44,822663.0,2026-05-24T17:17:02,3720.9,596.493,5.17077,1.4929,0.6837,0.8092,0.9933,0.0113,,1.327,,,19.444,,,,,
495992,495992,48,827314.0,2026-06-10T13:21:48,2249.1,595.681,4.50426,3.6036,2.7326,0.871,0.9686,0.0407,,1.301,,,16.0,,,,,
496998,496998,48,829652.0,2026-06-10T14:00:47,2292.6,584.167,4.44819,3.5619,2.6981,0.8638,0.949,0.0439,,1.237,,,15.696,,,,,
498004,498004,48,832045.0,2026-06-10T14:40:40,2387.8,590.782,4.40536,3.559,2.6885,0.8705,0.952,0.0444,,1.204,,,15.553,,,,,
498993,498993,48,834378.0,2026-06-10T15:19:33,2341.2,574.056,5.03813,2.5815,1.7141,0.8674,0.9845,0.0357,,1.166,,,15.563,,,,,
500005,500005,48,836852.0,2026-06-10T16:00:47,2419.9,574.907,5.30964,1.8215,0.9576,0.8639,0.9635,0.0211,,1.126,,,15.912,,,,,
500989,500989,48,839075.0,2026-06-10T16:37:50,1978.4,582.497,5.39824,1.8172,0.952,0.8652,0.9818,0.0193,,1.142,,,16.229,,,,,
502012,502012,48,841408.0,2026-06-10T17:16:43,2290.5,579.14,5.46474,1.8141,0.9498,0.8643,0.99,0.0185,,1.159,,,16.706,,,,,
503002,503002,48,843682.0,2026-06-10T17:54:37,2176.7,581.66,5.50427,1.8124,0.9501,0.8623,0.965,0.0179,,1.164,,,17.238,,,,,
504005,504005,48,845777.0,2026-06-10T18:29:32,1819.2,571.491,5.71696,1.7705,0.8913,0.8792,0.9777,0.0167,,1.174,,,18.296,,,,,
505002,505002,48,847811.0,2026-06-10T19:03:26,1804.9,575.757,5.92077,1.6811,0.8059,0.8752,0.9751,0.0139,,1.146,,,18.691,,,,,
505992,505992,48,863959.0,2026-06-10T23:32:34,12761.1,568.91,6.17776,1.5318,0.7121,0.8197,0.9783,0.0123,,1.123,,,19.039,,,,,
507010,507010,48,866180.0,2026-06-11T00:09:35,2092.7,569.772,6.16485,1.5156,0.6998,0.8158,0.993,0.012,,1.125,,,19.128,,,,,
507993,507993,48,868275.0,2026-06-11T00:44:30,2004.9,569.772,6.17338,1.5061,0.6944,0.8117,0.9911,0.012,,1.123,,,19.173,,,,,
508997,508997,48,870133.0,2026-06-11T01:15:28,1574.5,571.491,6.17959,1.5108,0.6973,0.8135,0.9947,0.0119,,1.132,,,19.204,,,,,
510008,510008,48,872051.0,2026-06-11T01:47:27,1567.9,569.772,6.18577,1.5121,0.6983,0.8138,0.9885,0.0119,,1.133,,,19.225,,,,,
511007,511007,48,873973.0,2026-06-11T02:19:28,1557.1,568.91,6.18286,1.5003,0.6879,0.8124,0.9948,0.0119,,1.138,,,19.311,,,,,
511985,511985,48,875835.0,2026-06-11T02:50:31,1551.4,574.907,6.27793,1.4293,0.6493,0.78,0.9876,0.0113,,1.122,,,19.443,,,,,
512998,512998,48,877816.0,2026-06-11T03:23:31,1593.6,574.907,6.27382,1.4298,0.6514,0.7784,0.9833,0.0111,,1.128,,,19.465,,,,,
513995,513995,48,879809.0,2026-06-11T03:56:45,1584.6,574.907,6.27509,1.4274,0.6492,0.7782,0.9934,0.0111,,1.125,,,19.481,,,,,
514988,514988,48,881795.0,2026-06-11T04:29:51,1550.2,575.757,6.26262,1.4342,0.6519,0.7823,0.9924,0.0111,,1.125,,,19.492,,,,,
515985,515985,48,883789.0,2026-06-11T05:03:05,1576.7,570.632,6.25791,1.4316,0.6523,0.7793,0.9878,0.0111,,1.129,,,19.501,,,,,
517000,517000,48,,2026-06-11T05:37:26,,574.907,6.27367,1.4356,0.6522,0.7834,,,,1.124,,,,,,,,
517987,517987,48,887905.0,2026-06-11T06:11:41,1532.1,571.491,6.28436,1.4324,0.6527,0.7797,0.9924,0.0111,,1.12,,,19.53,,,,,
519002,519002,48,890222.0,2026-06-11T06:50:18,1519.8,574.907,6.28127,1.4338,0.6518,0.782,0.9893,0.011,,1.123,,,19.54,,,,,
519988,519988,48,892557.0,2026-06-11T07:29:13,1468.7,575.757,6.25175,1.4327,0.6521,0.7806,0.9819,0.0109,,1.127,,,19.549,,,,,
520992,520992,48,894965.0,2026-06-11T08:09:27,1602.0,576.605,6.2694,1.4282,0.6499,0.7783,0.9875,0.0109,,1.124,,,19.558,,,,,
521991,521991,48,897140.0,2026-06-11T08:45:34,2213.6,574.056,6.28068,1.4352,0.6537,0.7815,0.9942,0.0108,,1.127,,,19.568,,,,,
522992,522992,48,899491.0,2026-06-11T09:24:48,2134.3,574.056,6.27372,1.4275,0.6489,0.7786,0.9961,0.0109,,1.126,,,19.576,,,,,
523994,523994,48,901784.0,2026-06-11T10:02:59,2146.3,573.202,6.25191,1.4318,0.6521,0.7797,0.9826,0.0108,,1.127,,,19.58,,,,,
525008,525008,48,904266.0,2026-06-11T10:44:22,1975.0,577.452,6.2677,1.4352,0.6539,0.7813,0.9947,0.0107,,1.126,,,19.589,,,,,
525998,525998,48,906859.0,2026-06-11T11:27:35,1819.9,580.822,6.24599,1.4263,0.6494,0.7769,0.9872,0.0108,,1.127,,,19.595,,,,,
527005,527005,48,909510.0,2026-06-11T12:11:45,1747.6,574.907,6.25376,1.4376,0.6548,0.7828,0.9878,0.0107,,1.132,,,19.6,,,,,
528003,528003,48,912085.0,2026-06-11T12:54:41,1741.6,574.056,6.25289,1.4289,0.6506,0.7783,0.9798,0.0107,,1.129,,,19.609,,,,,
529010,529010,48,914658.0,2026-06-11T13:37:34,1649.0,573.202,6.33166,1.3696,0.6185,0.7511,0.9928,0.0103,,1.114,,,19.651,,,,,
530002,530002,48,917123.0,2026-06-11T14:18:40,1599.8,576.605,6.2842,1.3786,0.623,0.7556,0.9786,0.0103,,1.119,,,19.668,,,,,
531004,531004,48,919707.0,2026-06-11T15:01:42,2158.9,570.632,6.32639,1.3711,0.6187,0.7524,0.9931,0.0104,,1.116,,,19.674,,,,,
531991,531991,48,923769.0,2026-06-11T16:09:24,2108.3,571.491,6.35322,1.3727,0.6201,0.7526,0.9878,0.0103,,1.122,,,19.674,,,,,
