channel,label,mirror,row_norm,bias,residual_norm,row_cos_mean_row,row_max_abs,static_logit_level,indep_logit_std_estimate,residual_logit_std_estimate,feature_rounding_noise
0,Q-N1,0,1.39621,0,1.38719,0.113635,0.223633,2.02049,0.813162,0.807906,0.00222657
1,Q-N2,1,1.36786,0,1.36544,0.0713228,0.183594,-0.17155,0.796651,0.795241,0.00218136
2,Q-N3,2,1.44889,0,1.44203,0.0974213,0.207031,-0.70878,0.843843,0.83985,0.00231057
3,Q-N4,3,1.42814,0,1.41747,0.123245,0.18457,-0.0819966,0.831759,0.825542,0.00227749
4,Q-N5,4,1.42684,0,1.42609,0.0579874,0.197266,1.18362,0.830999,0.830564,0.00227541
5,Q-N6,5,1.42056,0,1.41438,0.09397,0.206055,0.441005,0.827341,0.823746,0.00226539
6,Q-N7,6,1.34334,0,1.34067,0.0739368,0.208984,1.2304,0.782369,0.780817,0.00214225
7,Q-NE1,49,1.40682,0,1.40146,0.0891263,0.191406,-0.393283,0.819339,0.816219,0.00224348
8,Q-NE2,50,1.35561,0,1.34816,0.104889,0.195312,-0.120212,0.789514,0.785177,0.00216181
9,Q-NE3,51,1.41498,0,1.39904,0.158169,0.188477,0.658161,0.824091,0.814808,0.00225649
10,Q-NE4,52,1.31155,0,1.29958,0.136363,0.191406,-0.101297,0.763853,0.756886,0.00209155
11,Q-NE5,53,1.41715,0,1.41448,0.0710211,0.208008,0.901462,0.825354,0.823801,0.00225995
12,Q-NE6,54,1.36534,0,1.36651,0.0477111,0.243164,0.525941,0.795184,0.795866,0.00217734
13,Q-NE7,55,1.36562,0,1.36998,0.0265753,0.167969,0.64588,0.795344,0.797886,0.00217778
14,Q-E1,42,1.47626,0,1.46367,0.134035,0.177734,-0.0127667,0.859781,0.852452,0.00235422
15,Q-E2,43,1.42286,0,1.41279,0.119476,0.201172,-0.287807,0.828681,0.822817,0.00226906
16,Q-E3,44,1.35836,0,1.3614,0.0355915,0.224609,-0.0664648,0.791115,0.79289,0.0021662
17,Q-E4,45,1.32624,0,1.30808,0.176217,0.192383,0.233805,0.772412,0.761833,0.00211498
18,Q-E5,46,1.39421,0,1.38622,0.106886,0.169922,0.307698,0.811994,0.807344,0.00222337
19,Q-E6,47,1.34585,0,1.3453,0.0598803,0.194336,-0.16635,0.783833,0.783513,0.00214626
20,Q-E7,48,1.46259,0,1.45329,0.112986,0.208984,1.41872,0.851819,0.846403,0.00233241
21,Q-SE1,35,1.47569,0,1.46788,0.102728,0.192383,0.408589,0.85945,0.854903,0.00235331
22,Q-SE2,36,1.33209,0,1.32073,0.131548,0.1875,-0.324043,0.775819,0.769202,0.00212431
23,Q-SE3,37,1.43596,0,1.42542,0.122058,0.192383,0.532838,0.836312,0.830175,0.00228995
24,Q-SE4,38,1.45717,0,1.45355,0.0758187,0.219727,1.11056,0.848665,0.846558,0.00232378
25,Q-SE5,39,1.42222,0,1.41477,0.102282,0.177734,-0.86613,0.82831,0.823973,0.00226804
26,Q-SE6,40,1.35015,0,1.34313,0.102327,0.171875,0.290943,0.786335,0.782245,0.00215311
27,Q-SE7,41,1.36327,0,1.35608,0.102876,0.177734,-0.146178,0.793976,0.78979,0.00217403
28,Q-S1,28,1.44195,0,1.42863,0.140072,0.220703,0.75112,0.839803,0.832045,0.00229951
29,Q-S2,29,1.48097,0,1.48009,0.0569542,0.175781,0.126389,0.862528,0.862014,0.00236174
30,Q-S3,30,1.46751,0,1.45307,0.146439,0.223633,0.118071,0.854684,0.846278,0.00234026
31,Q-S4,31,1.35739,0,1.35672,0.0601925,0.198242,-0.171759,0.790553,0.790164,0.00216466
32,Q-S5,32,1.47977,0,1.47897,0.0564076,0.235352,-0.579845,0.861825,0.861362,0.00235981
33,Q-S6,33,1.46527,0,1.46969,0.022441,0.188477,-1.33722,0.853381,0.855955,0.00233669
34,Q-S7,34,1.42393,0,1.41479,0.113367,0.212891,0.490806,0.829306,0.82398,0.00227077
35,Q-SW1,21,1.35323,0,1.34356,0.119542,0.164062,0.237402,0.788127,0.782499,0.00215802
36,Q-SW2,22,1.38196,0,1.36202,0.185526,0.170898,0.50003,0.80486,0.793247,0.00220383
37,Q-SW3,23,1.42811,0,1.42252,0.0899052,0.194336,-0.505263,0.831742,0.828482,0.00227744
38,Q-SW4,24,1.37831,0,1.3629,0.156106,0.197266,-0.156943,0.802737,0.793764,0.00219802
39,Q-SW5,25,1.39414,0,1.39064,0.0774241,0.205078,-0.264689,0.811956,0.809915,0.00222326
40,Q-SW6,26,1.33766,0,1.33134,0.0982833,0.185547,-0.348772,0.779064,0.775379,0.0021332
41,Q-SW7,27,1.47985,0,1.47437,0.0872833,0.195312,0.50756,0.861872,0.85868,0.00235994
42,Q-W1,14,1.45013,0,1.43902,0.125294,0.229492,-0.273895,0.844565,0.838095,0.00231255
43,Q-W2,15,1.4614,0,1.46394,0.0350082,0.245117,-0.879676,0.851126,0.852607,0.00233052
44,Q-W3,16,1.41379,0,1.41192,0.0659134,0.202148,-0.28603,0.823403,0.822312,0.00225461
45,Q-W4,17,1.42415,0,1.41478,0.114797,0.225586,-0.285198,0.829432,0.823978,0.00227111
46,Q-W5,18,1.33151,0,1.31908,0.138569,0.191406,-0.0334716,0.775478,0.768239,0.00212338
47,Q-W6,19,1.43259,0,1.42521,0.101476,0.201172,-0.796408,0.83435,0.83005,0.00228458
48,Q-W7,20,1.43053,0,1.4243,0.0939668,0.203125,0.0992501,0.833151,0.829523,0.0022813
49,Q-NW1,7,1.34974,0,1.33734,0.137641,0.183594,0.139891,0.786098,0.778874,0.00215246
50,Q-NW2,8,1.40988,0,1.39566,0.14714,0.201172,-0.302296,0.821124,0.812842,0.00224837
51,Q-NW3,9,1.48555,0,1.46176,0.206832,0.198242,1.21024,0.865193,0.851337,0.00236903
52,Q-NW4,10,1.44121,0,1.43526,0.0916997,0.234375,0.00247238,0.839368,0.835907,0.00229832
53,Q-NW5,11,1.43169,0,1.43138,0.0549423,0.196289,-0.515391,0.833828,0.833646,0.00228315
54,Q-NW6,12,1.41434,0,1.40217,0.133509,0.196289,0.361861,0.823718,0.816634,0.00225547
55,Q-NW7,13,1.36122,0,1.35151,0.119521,0.19043,-0.474352,0.792782,0.787126,0.00217076
56,Kn-0(up-right),63,1.39399,0,1.37594,0.172691,0.200195,-0.621219,0.811866,0.801359,0.00222302
57,Kn-1(right-up),62,1.49661,0,1.47745,0.176337,0.188477,0.00846729,0.871638,0.860477,0.00238668
58,Kn-2(right-down),61,1.48562,0,1.48521,0.053623,0.186523,-0.724334,0.865233,0.864998,0.00236914
59,Kn-3(down-right),60,1.39044,0,1.38738,0.0746755,0.201172,0.140771,0.809803,0.808018,0.00221737
60,Kn-4(down-left),59,1.41897,0,1.40793,0.125987,0.194336,0.224992,0.826419,0.819988,0.00226286
61,Kn-5(left-down),58,1.46071,0,1.45884,0.0641291,0.178711,-0.84193,0.850724,0.849639,0.00232942
62,Kn-6(left-up),57,1.41417,0,1.40984,0.0820488,0.213867,-0.364442,0.823621,0.821102,0.0022552
63,Kn-7(up-left),56,1.37578,0,1.3705,0.0898224,0.1875,-0.766467,0.801263,0.798189,0.00219398
64,UP-knight-fwd,64,1.45077,0,1.44707,0.0766247,0.229492,1.06363,0.84494,0.842782,0.00231358
65,UP-knight-capL,66,1.41476,0,1.41016,0.0838545,0.174805,0.579563,0.823966,0.821286,0.00225615
66,UP-knight-capR,65,1.42087,0,1.40509,0.156924,0.204102,0.739312,0.827526,0.818335,0.0022659
67,UP-rook-fwd,67,1.46126,0,1.43895,0.198014,0.181641,1.63452,0.851048,0.838055,0.0023303
68,UP-rook-capL,69,1.38199,0,1.37696,0.0879643,0.205078,-0.067661,0.804881,0.80195,0.00220389
69,UP-rook-capR,68,1.38108,0,1.37871,0.0704643,0.212891,0.379743,0.804348,0.802967,0.00220243
70,UP-bishop-fwd,70,1.44549,0,1.43309,0.133914,0.216797,-1.12008,0.841863,0.834641,0.00230515
71,UP-bishop-capL,72,1.42411,0,1.40592,0.172527,0.216797,-0.38208,0.829413,0.818819,0.00227106
72,UP-bishop-capR,71,1.43227,0,1.42056,0.129838,0.210938,0.0998972,0.834161,0.827344,0.00228406
73,QP-fwd,73,1.45543,0,1.43895,0.16028,0.233398,1.37737,0.847653,0.838052,0.00232101
74,QP-capL,75,1.30722,0,1.29453,0.141346,0.228516,0.161455,0.761334,0.753941,0.00208465
75,QP-capR,74,1.37612,0,1.35644,0.184098,0.188477,-0.448244,0.801464,0.789998,0.00219453
