k,gamma,beta,running_mean,running_var,on_ratio,p_on,act_mean,act_std,act_second,pre_row_norm,final_col_norm,effective_contribution,mean_over_std,bn_input_rounding_noise,dead,mostly_off,flat,always_on,negative_gamma,mean_row_component,shared_contribution,column_shared_fraction,pre_row_velocity_norm,pre_row_velocity_cos_w,gamma_velocity,beta_velocity,final_col_velocity_norm
0,0.914062,2.3125,-0.589844,4.03125,2.52991,0.994295,2.31423,0.909179,6.18227,2.02314,4.36982,3.97295,0.293777,0.00252691,0,0,0,0,0,-0.0493325,-0.114167,0.0984184,0.0573112,-0.00414563,-0.0533694,-0.00833359,0.16447
1,0.9375,1.0625,6.8125,3.54688,1.13333,0.871463,1.12319,0.835081,1.95892,1.8633,3.68374,3.07622,3.61729,0.00901815,0,0,0,0,0,-0.0108819,-0.0122225,0.0257528,0.189997,-0.00995592,-0.157902,0.049417,0.132856
2,1.3125,1.78906,-3.9375,3.75,1.3631,0.913574,1.84203,1.21436,4.86773,1.97724,3.37795,4.10203,2.03332,0.00592445,0,0,0,0,0,-0.168008,-0.309475,0.433594,0.0293223,-0.0198521,0.0260879,0.00773651,0.143465
3,1.89062,-2.07812,16.875,22.875,-1.09917,0.135846,0.131787,0.444834,0.215245,3.07304,3.88829,1.72964,3.52828,0.0088443,0,0,0,0,0,-0.127366,-0.0167852,0.285562,0.0770469,-0.0183498,-0.0245081,-0.0523862,0.17443
4,1.07812,0.972656,-0.898438,3.5,0.902174,0.816518,1.07868,0.914537,1.99994,2.07497,3.75653,3.43548,0.480235,0.00289108,0,0,0,0,0,-0.0508533,-0.0548547,0.118016,0.0420582,-0.0147187,-0.0276406,-0.03144,0.185012
5,1.24219,0.130859,4.59375,2.21875,0.105346,0.541949,0.56355,0.769971,0.910444,1.66773,3.04457,2.34423,3.08399,0.00797655,0,0,0,0,0,0.0242522,0.0136673,0.0694437,0.13889,-0.0111098,-0.055013,0.00743506,0.148994
6,1.14062,0.328125,11.1875,13.5,0.287671,0.613201,0.639124,0.773498,1.00678,2.40425,4.44293,3.4366,3.04485,0.0079001,0,0,0,0,0,0.0889824,0.0568708,0.174599,0.084883,-0.00936969,0.0783264,0.0851236,0.163484
7,1.85938,2.8125,-4.9375,5.71875,1.51261,0.93481,2.86547,1.7551,11.2913,1.86984,3.74678,6.57598,2.0647,0.00598574,0,0,0,0,0,-0.169951,-0.486988,0.395432,0.0553834,-0.0105338,-0.00846718,0.00598963,0.0700939
8,2.64062,0.0332031,-3.5625,3.1875,0.012574,0.505016,1.0755,1.54939,3.55732,1.56905,3.29101,5.09907,1.9954,0.00585039,0,0,0,0,0,-0.0689249,-0.0741286,0.18258,0.0577867,-0.00379015,0.00545523,-0.000893564,0.0639856
9,1.57031,1.72656,-6.78125,5.375,1.0995,0.864226,1.83595,1.38846,5.29852,2.19365,3.38904,4.70555,2.92496,0.00766595,0,0,0,0,0,-0.0745354,-0.136843,0.191731,0.153601,-0.00463945,-0.0208879,-0.0668782,0.130464
10,1.13281,-1.07031,9.375,7.0625,-0.944828,0.172373,0.104382,0.313746,0.109332,1.88526,2.73252,0.857318,3.5277,0.00884317,0,0,0,0,0,-0.0845973,-0.00883046,0.269898,0.0266397,-0.0198676,-0.0204259,-0.0348867,0.100651
11,1.39062,2.64062,-6,2.64062,1.89888,0.97121,2.65564,1.35625,8.89186,1.96901,3.8699,5.24856,3.69231,0.00916466,0,0,0,0,0,-0.142743,-0.379075,0.32156,0.0796916,-0.0105015,-0.0257336,-0.0134142,0.156844
12,1.44531,2.28125,-6.8125,3.92188,1.57838,0.942761,2.31492,1.3767,7.25413,1.85315,3.53021,4.86002,3.44001,0.00867189,0,0,0,0,0,-0.134438,-0.311213,0.331994,0.0821483,-0.00757587,-0.00990542,-0.0110782,0.0948511
13,1.61719,4.1875,-3.6875,6.34375,2.58937,0.995192,4.18991,1.61021,20.1482,2.52746,5.11556,8.23714,1.46406,0.00481262,0,0,0,0,0,-0.203694,-0.853462,0.34713,0.0333735,-0.0066483,0.0329341,0.00821701,0.223716
14,1.64062,3.23438,-0.507812,4.0625,1.97143,0.975663,3.24895,1.6063,13.1359,2.25551,4.72766,7.59403,0.251946,0.00244521,0,0,0,0,0,-0.255865,-0.831293,0.471814,0.124408,-0.00270228,-0.0351472,-0.0317658,0.158601
15,2.20312,1.67188,-5.34375,4.28125,0.758865,0.776033,1.95898,1.78906,7.03833,1.59672,3.10931,5.56274,2.58262,0.00699731,0,0,0,0,0,-0.159064,-0.311602,0.445978,0.151741,-0.00594194,0.0205779,-0.0421238,0.0403306
16,1.23438,1.57812,-3.82812,2.35938,1.27848,0.89946,1.63623,1.12978,3.95365,1.73846,3.02363,3.41603,2.49223,0.00682076,0,0,0,0,0,-0.186401,-0.304995,0.537437,0.0779411,-0.00357387,0.023449,-0.0387668,0.101675
17,2.3125,3.48438,-1.71094,8.4375,1.50676,0.934063,3.55132,2.18107,17.3689,1.96829,4.76993,10.4035,0.589016,0.00310355,0,0,0,0,0,-0.228227,-0.810509,0.417121,0.0818323,-0.0110972,-0.0246333,-0.0100447,0.120687
18,1.08594,1.63281,6.59375,6.4375,1.5036,0.933657,1.66452,1.02377,3.81875,2.08074,4.54783,4.65595,2.59881,0.00702892,0,0,0,0,0,-0.114631,-0.190806,0.219738,0.146411,-0.00552696,-0.0998245,0.0865082,0.144503
19,0.558594,1.38281,2.92188,6.53125,2.47552,0.993348,1.38407,0.555094,2.22379,2.14724,4.07845,2.26392,1.14331,0.00418615,0,0,0,0,0,0.118774,0.164393,0.253884,0.0365167,0.00305701,0.138247,0.0815026,0.140898
20,1.01562,-0.326172,1.71094,4.28125,-0.321154,0.374047,0.264592,0.479818,0.300234,2.21803,3.1076,1.49108,0.826892,0.00356815,0,0,0,0,0,-0.0201203,-0.00532368,0.0564438,0.0823361,-0.0023038,-0.0773714,-0.0247396,0.118979
21,1.28125,-0.929688,-1.66406,3.14062,-0.72561,0.234039,0.177223,0.435623,0.221176,1.59348,2.97995,1.29814,0.938991,0.00378709,0,0,0,0,0,0.00832287,0.00147501,0.0243484,0.124396,-0.00273514,0.0662327,0.0241247,0.124117
22,3.67188,1.20312,-5.59375,4.8125,0.32766,0.628415,2.15107,2.5346,11.0513,2.14069,4.41428,11.1884,2.54987,0.00693334,0,0,0,0,0,-0.110726,-0.238179,0.218673,0.0863076,-0.0080674,-0.00492036,-0.00843011,0.117943
23,3.64062,2.15625,-5.375,7.09375,0.592275,0.723167,2.77666,2.80399,15.5722,1.86297,4.48545,12.5771,2.01809,0.00589471,0,0,0,0,0,-0.321241,-0.891977,0.624356,0.0410762,-0.012103,0.00617536,-0.0300957,0.0481331
24,2.65625,1.39844,-10.875,11.5,0.526471,0.700719,1.89317,2.00513,7.60463,2.49807,4.63524,9.29425,3.20686,0.00821653,0,0,0,0,0,-0.296136,-0.560636,0.556963,0.109417,-0.00748542,0.00739622,0.022736,0.0693656
25,2.45312,-0.265625,-3.48438,2.21875,-0.10828,0.456887,0.850896,1.34073,2.52159,2.11167,3.67949,4.93322,2.33922,0.00652191,0,0,0,0,0,-0.0233379,-0.0198581,0.0552945,0.0939386,-0.0102117,0.00204759,0.00790534,0.101314
26,2.45312,0.640625,5.3125,7.03125,0.261146,0.60301,1.33307,1.64425,4.48062,2.48043,4.06921,6.6908,2.00347,0.00586615,0,0,0,0,0,-0.160411,-0.213839,0.343661,0.120429,-0.00897016,0.007777,-0.0080648,0.177806
27,0.472656,0.0412598,5.21875,1.52344,0.0872934,0.534781,0.210166,0.289869,0.128194,1.56244,2.1362,0.619218,4.22819,0.0102113,0,0,0,0,0,0.0198467,0.0041711,0.080994,0.0134774,0.00522576,-0.0477009,-0.0122752,0.0503647
28,1.67969,2.25,0.0805664,4.46875,1.33953,0.909802,2.32092,1.54935,7.78718,2.25283,3.66867,5.68405,0.0381119,0.00202756,0,0,0,0,0,-0.092117,-0.213797,0.218896,0.265469,-0.00608262,-0.00170853,-0.0474418,0.122846
29,1.19531,-1.79688,-1.97656,6.09375,-1.50327,0.066385,0.0349361,0.176122,0.0322396,2.09795,3.16037,0.556613,0.800697,0.00351699,0,0,0,0,0,-0.119335,-0.00416909,0.329181,0.0154045,-0.0157311,0.0189286,0.00259537,0.0806735
30,1.27344,-0.180664,5.46875,5.4375,-0.141871,0.443591,0.420319,0.682613,0.642629,1.88211,4.00473,2.73368,2.34525,0.00653368,0,0,0,0,0,0.0810555,0.0340692,0.176448,0.112272,-0.00589517,0.102626,0.0600054,0.167608
31,2.6875,2.60938,-1.17969,10.25,0.97093,0.834208,2.84681,2.3121,13.4502,2.5805,4.48402,10.3675,0.368472,0.0026728,0,0,0,0,0,-0.183999,-0.523812,0.35773,0.123285,-0.00218068,-0.0231486,-0.0261671,0.168318
