step,lr,momentum
1,0.0001,0.85
50,0.005,0.85
100,0.01,0.85
150,0.015,0.85
200,0.02,0.85
250,0.025,0.85
300,0.03,0.85
350,0.035,0.85
400,0.04,0.85
450,0.045,0.85
500,0.05,0.85
550,0.055,0.85
600,0.06,0.85
650,0.065,0.85
700,0.07,0.85
750,0.075,0.85
800,0.08,0.85
850,0.085,0.85
900,0.09,0.85
950,0.095,0.85
1000,0.1,0.85
1050,0.0999,0.85
1100,0.0998,0.85
1150,0.0996,0.8501
1200,0.0994,0.8501
1250,0.0991,0.8502
1300,0.0988,0.8502
1350,0.0984,0.8503
1400,0.0979,0.8504
1450,0.0974,0.8505
1500,0.0969,0.8506
1550,0.0963,0.8508
1600,0.0956,0.8509
1650,0.0949,0.8511
1700,0.0941,0.8512
1750,0.0934,0.8514
1800,0.0925,0.8516
1850,0.0916,0.8518
1900,0.0907,0.852
1950,0.0897,0.8523
2000,0.0887,0.8525
2050,0.0877,0.8527
2100,0.0866,0.853
2150,0.0855,0.8533
2200,0.0844,0.8536
2250,0.0832,0.8539
2300,0.082,0.8542
2350,0.0808,0.8545
2400,0.0795,0.8548
2450,0.0783,0.8552
2500,0.077,0.8555
2550,0.0757,0.8559
2600,0.0744,0.8563
2650,0.0731,0.8566
2700,0.0717,0.857
2750,0.0704,0.8574
2800,0.069,0.8579
2850,0.0676,0.8583
2900,0.0663,0.8587
2950,0.0649,0.8592
3000,0.0635,0.8596
3050,0.0622,0.8601
3100,0.0608,0.8606
3150,0.0594,0.8611
3200,0.0581,0.8616
3250,0.0567,0.8621
3300,0.0554,0.8626
3350,0.054,0.8631
3400,0.0527,0.8637
3450,0.0514,0.8642
3500,0.0501,0.8648
3550,0.0488,0.8653
3600,0.0475,0.8659
3650,0.0462,0.8665
3700,0.045,0.867
3750,0.0438,0.8676
3800,0.0426,0.8682
3850,0.0414,0.8689
3900,0.0402,0.8695
3950,0.039,0.8701
4000,0.0379,0.8707
4050,0.0368,0.8714
4100,0.0357,0.872
4150,0.0346,0.8727
4200,0.0336,0.8733
4250,0.0326,0.874
4300,0.0316,0.8747
4350,0.0306,0.8754
4400,0.0296,0.876
4450,0.0287,0.8767
4500,0.0278,0.8774
4550,0.0269,0.8781
4600,0.026,0.8788
4650,0.0252,0.8796
4700,0.0243,0.8803
4750,0.0235,0.881
4800,0.0227,0.8817
4850,0.022,0.8825
4900,0.0212,0.8832
4950,0.0205,0.8839
5000,0.0198,0.8847
5050,0.0191,0.8854
5100,0.0185,0.8862
5150,0.0178,0.8869
5200,0.0172,0.8877
5250,0.0166,0.8885
5300,0.016,0.8892
5350,0.0155,0.89
5400,0.0149,0.8908
5450,0.0144,0.8915
5500,0.0139,0.8923
5550,0.0134,0.8931
5600,0.0129,0.8939
5650,0.0125,0.8946
5700,0.012,0.8954
5750,0.0116,0.8962
5800,0.0112,0.897
5850,0.0108,0.8978
5900,0.0104,0.8986
5950,0.01,0.8993
6000,0.00966,0.9001
6050,0.00931,0.9009
6100,0.00898,0.9017
6150,0.00866,0.9025
6200,0.00835,0.9033
6250,0.00805,0.904
6300,0.00776,0.9048
6350,0.00749,0.9056
6400,0.00722,0.9064
6450,0.00696,0.9072
6500,0.00672,0.9079
6550,0.00648,0.9087
6600,0.00625,0.9095
6650,0.00603,0.9103
6700,0.00582,0.911
6750,0.00561,0.9118
6800,0.00542,0.9125
6850,0.00523,0.9133
6900,0.00505,0.9141
6950,0.00488,0.9148
7000,0.00471,0.9156
7050,0.00455,0.9163
7100,0.0044,0.917
7150,0.00425,0.9178
7200,0.0041,0.9185
7250,0.00397,0.9192
7300,0.00384,0.92
7350,0.00371,0.9207
7400,0.00359,0.9214
7450,0.00347,0.9221
7500,0.00336,0.9228
7550,0.00325,0.9235
7600,0.00315,0.9242
7650,0.00305,0.9249
7700,0.00296,0.9255
7750,0.00287,0.9262
7800,0.00278,0.9269
7850,0.00269,0.9275
7900,0.00261,0.9282
7950,0.00254,0.9288
8000,0.00246,0.9295
8050,0.00239,0.9301
8100,0.00232,0.9307
8150,0.00226,0.9313
8200,0.00219,0.9319
8250,0.00213,0.9325
8300,0.00207,0.9331
8350,0.00202,0.9337
8400,0.00196,0.9343
8450,0.00191,0.9349
8500,0.00186,0.9354
8550,0.00182,0.936
8600,0.00177,0.9365
8650,0.00173,0.937
8700,0.00169,0.9376
8750,0.00165,0.9381
8800,0.00161,0.9386
8850,0.00157,0.9391
8900,0.00154,0.9395
8950,0.0015,0.94
9000,0.00147,0.9405
9050,0.00144,0.9409
9100,0.00141,0.9414
9150,0.00138,0.9418
9200,0.00135,0.9422
9250,0.00133,0.9427
9300,0.0013,0.9431
9350,0.00128,0.9435
9400,0.00125,0.9438
9450,0.00123,0.9442
9500,0.00121,0.9446
9550,0.00119,0.9449
9600,0.00117,0.9453
9650,0.00116,0.9456
9700,0.00114,0.9459
9750,0.00112,0.9462
9800,0.00111,0.9465
9850,0.00109,0.9468
9900,0.00108,0.9471
9950,0.00106,0.9473
10000,0.00105,0.9476
10050,0.00104,0.9478
10100,0.00103,0.948
10150,0.00102,0.9482
10200,0.00101,0.9484
10250,0.001,0.9486
10300,0.000991,0.9488
10350,0.000983,0.949
10400,0.000976,0.9491
10450,0.000969,0.9493
10500,0.000963,0.9494
10550,0.000958,0.9495
10600,0.000953,0.9496
10650,0.000949,0.9497
10700,0.000945,0.9498
10750,0.000942,0.9498
10800,0.000939,0.9499
10850,0.000937,0.9499
10900,0.000935,0.95
10950,0.000934,0.95
11000,0.000933,0.95
11050,0.000933,0.95
11100,0.000934,0.95
11150,0.000935,0.9499
11200,0.000936,0.9499
11250,0.000938,0.9498
11300,0.000941,0.9498
11350,0.000944,0.9497
11400,0.000948,0.9496
11450,0.000952,0.9495
11500,0.000957,0.9494
11550,0.000962,0.9493
11600,0.000968,0.9491
11650,0.000975,0.949
11700,0.000982,0.9488
11750,0.000989,0.9486
11800,0.000998,0.9484
11850,0.00101,0.9482
11900,0.00102,0.948
11950,0.00103,0.9478
12000,0.00104,0.9476
12050,0.00105,0.9473
12100,0.00106,0.9471
12150,0.00107,0.9468
12200,0.00109,0.9465
12250,0.0011,0.9462
12300,0.00112,0.9459
12350,0.00113,0.9456
12400,0.00115,0.9453
12450,0.00117,0.9449
12500,0.00119,0.9446
12550,0.00121,0.9442
12600,0.00123,0.9439
12650,0.00125,0.9435
12700,0.00127,0.9431
12750,0.00129,0.9427
12800,0.00132,0.9423
12850,0.00134,0.9418
12900,0.00137,0.9414
12950,0.0014,0.941
13000,0.00143,0.9405
13050,0.00146,0.94
13100,0.00149,0.9396
13150,0.00152,0.9391
13200,0.00156,0.9386
13250,0.0016,0.9381
13300,0.00163,0.9376
13350,0.00167,0.9371
13400,0.00171,0.9365
13450,0.00176,0.936
13500,0.0018,0.9354
13550,0.00185,0.9349
13600,0.0019,0.9343
13650,0.00195,0.9338
13700,0.002,0.9332
13750,0.00205,0.9326
13800,0.00211,0.932
13850,0.00217,0.9314
13900,0.00223,0.9308
13950,0.00229,0.9302
14000,0.00236,0.9295
14050,0.00243,0.9289
14100,0.0025,0.9282
14150,0.00258,0.9276
14200,0.00266,0.9269
14250,0.00274,0.9263
14300,0.00283,0.9256
14350,0.00291,0.9249
14400,0.00301,0.9243
14450,0.0031,0.9236
14500,0.0032,0.9229
14550,0.00331,0.9222
14600,0.00342,0.9215
14650,0.00353,0.9208
14700,0.00365,0.9201
14750,0.00377,0.9193
14800,0.00389,0.9186
14850,0.00403,0.9179
14900,0.00416,0.9172
14950,0.00431,0.9164
15000,0.00446,0.9157
15050,0.00461,0.915
15100,0.00477,0.9142
15150,0.00494,0.9135
15200,0.00511,0.9127
15250,0.00529,0.9119
15300,0.00548,0.9112
15350,0.00568,0.9104
15400,0.00588,0.9097
15450,0.00609,0.9089
15500,0.00631,0.9081
15550,0.00654,0.9074
15600,0.00677,0.9066
15650,0.00702,0.9058
15700,0.00727,0.905
15750,0.00754,0.9043
15800,0.00781,0.9035
15850,0.0081,0.9027
15900,0.00839,0.9019
15950,0.0087,0.9012
16000,0.00902,0.9004
16050,0.00934,0.8996
16100,0.00969,0.8988
16150,0.01,0.898
16200,0.0104,0.8973
16250,0.0108,0.8965
16300,0.0112,0.8957
16350,0.0116,0.8949
16400,0.012,0.8942
16450,0.0124,0.8934
16500,0.0129,0.8926
16550,0.0133,0.8919
16600,0.0138,0.8911
16650,0.0143,0.8903
16700,0.0148,0.8896
16750,0.0154,0.8888
16800,0.0159,0.8881
16850,0.0165,0.8873
16900,0.017,0.8866
16950,0.0176,0.8858
17000,0.0182,0.8851
17050,0.0189,0.8843
17100,0.0195,0.8836
17150,0.0202,0.8829
17200,0.0209,0.8821
17250,0.0216,0.8814
17300,0.0223,0.8807
17350,0.023,0.88
17400,0.0238,0.8793
17450,0.0246,0.8786
17500,0.0254,0.8779
17550,0.0262,0.8772
17600,0.027,0.8765
17650,0.0279,0.8758
17700,0.0288,0.8752
17750,0.0297,0.8745
17800,0.0306,0.8739
17850,0.0315,0.8732
17900,0.0325,0.8726
17950,0.0334,0.8719
18000,0.0344,0.8713
18050,0.0354,0.8707
18100,0.0364,0.87
18150,0.0375,0.8694
18200,0.0385,0.8688
18250,0.0396,0.8682
18300,0.0407,0.8677
18350,0.0418,0.8671
18400,0.0429,0.8665
18450,0.044,0.8659
18500,0.0451,0.8654
18550,0.0463,0.8648
18600,0.0474,0.8643
18650,0.0486,0.8638
18700,0.0498,0.8633
18750,0.051,0.8628
18800,0.0521,0.8623
18850,0.0533,0.8618
18900,0.0545,0.8613
18950,0.0557,0.8608
19000,0.0569,0.8604
19050,0.0581,0.8599
19100,0.0593,0.8595
19150,0.0604,0.859
19200,0.0616,0.8586
19250,0.0628,0.8582
19300,0.064,0.8578
19350,0.0651,0.8574
19400,0.0662,0.857
19450,0.0674,0.8567
19500,0.0685,0.8563
19550,0.0696,0.856
19600,0.0706,0.8556
19650,0.0717,0.8553
19700,0.0727,0.855
19750,0.0737,0.8547
19800,0.0747,0.8544
19850,0.0757,0.8541
19900,0.0766,0.8539
19950,0.0775,0.8536
20000,0.0784,0.8534
20050,0.0792,0.8531
20100,0.08,0.8529
20150,0.0807,0.8527
20200,0.0815,0.8525
20250,0.0822,0.8523
20300,0.0828,0.8522
20350,0.0834,0.852
20400,0.084,0.8518
20450,0.0845,0.8517
20500,0.085,0.8516
20550,0.0854,0.8515
20600,0.0858,0.8514
20650,0.0861,0.8513
20700,0.0864,0.8512
20750,0.0866,0.8511
20800,0.0868,0.8511
20850,0.087,0.851
20900,0.0871,0.851
20950,0.0871,0.851
21000,0.0871,0.851
21050,0.087,0.851
21100,0.0869,0.851
21150,0.0868,0.8511
21200,0.0866,0.8511
21250,0.0863,0.8512
21300,0.086,0.8512
21350,0.0857,0.8513
21400,0.0853,0.8514
21450,0.0849,0.8515
21500,0.0844,0.8516
21550,0.0838,0.8518
21600,0.0833,0.8519
21650,0.0827,0.8521
21700,0.082,0.8522
21750,0.0813,0.8524
21800,0.0806,0.8526
21850,0.0798,0.8528
21900,0.079,0.853
21950,0.0782,0.8532
22000,0.0773,0.8535
22050,0.0764,0.8537
22100,0.0754,0.854
22150,0.0745,0.8543
22200,0.0735,0.8545
22250,0.0725,0.8548
22300,0.0714,0.8551
22350,0.0704,0.8555
22400,0.0693,0.8558
22450,0.0682,0.8561
22500,0.0671,0.8565
22550,0.0659,0.8568
22600,0.0648,0.8572
22650,0.0636,0.8576
22700,0.0625,0.858
22750,0.0613,0.8584
22800,0.0601,0.8588
22850,0.0589,0.8592
22900,0.0577,0.8596
22950,0.0565,0.8601
23000,0.0553,0.8605
23050,0.0541,0.861
23100,0.0529,0.8615
23150,0.0518,0.862
23200,0.0506,0.8625
23250,0.0494,0.863
23300,0.0482,0.8635
23350,0.0471,0.864
23400,0.0459,0.8645
23450,0.0447,0.8651
23500,0.0436,0.8656
23550,0.0425,0.8662
23600,0.0414,0.8667
23650,0.0403,0.8673
23700,0.0392,0.8679
23750,0.0381,0.8685
23800,0.0371,0.8691
23850,0.036,0.8697
23900,0.035,0.8703
23950,0.034,0.8709
24000,0.033,0.8715
24050,0.0321,0.8722
24100,0.0311,0.8728
24150,0.0302,0.8734
24200,0.0293,0.8741
24250,0.0284,0.8748
24300,0.0275,0.8754
24350,0.0266,0.8761
24400,0.0258,0.8768
24450,0.025,0.8775
24500,0.0242,0.8782
24550,0.0234,0.8789
24600,0.0226,0.8796
24650,0.0219,0.8803
24700,0.0212,0.881
24750,0.0205,0.8817
24800,0.0198,0.8824
24850,0.0191,0.8831
24900,0.0185,0.8839
24950,0.0179,0.8846
25000,0.0173,0.8853
25050,0.0167,0.8861
25100,0.0161,0.8868
25150,0.0155,0.8876
25200,0.015,0.8883
25250,0.0145,0.8891
25300,0.014,0.8898
25350,0.0135,0.8906
25400,0.013,0.8914
25450,0.0125,0.8921
25500,0.0121,0.8929
25550,0.0117,0.8937
25600,0.0113,0.8944
25650,0.0109,0.8952
25700,0.0105,0.896
25750,0.0101,0.8967
25800,0.00974,0.8975
25850,0.00939,0.8983
25900,0.00905,0.8991
25950,0.00873,0.8998
26000,0.00841,0.9006
26050,0.00811,0.9014
26100,0.00782,0.9022
26150,0.00754,0.903
26200,0.00727,0.9037
26250,0.00701,0.9045
26300,0.00676,0.9053
26350,0.00652,0.9061
26400,0.00629,0.9068
26450,0.00606,0.9076
26500,0.00585,0.9084
26550,0.00564,0.9091
26600,0.00544,0.9099
26650,0.00525,0.9107
26700,0.00507,0.9114
26750,0.00489,0.9122
26800,0.00472,0.9129
26850,0.00456,0.9137
26900,0.0044,0.9144
26950,0.00425,0.9152
27000,0.0041,0.9159
27050,0.00396,0.9166
27100,0.00383,0.9174
27150,0.0037,0.9181
27200,0.00357,0.9188
27250,0.00346,0.9195
27300,0.00334,0.9203
27350,0.00323,0.921
27400,0.00313,0.9217
27450,0.00302,0.9224
27500,0.00293,0.9231
27550,0.00283,0.9237
27600,0.00274,0.9244
27650,0.00266,0.9251
27700,0.00258,0.9258
27750,0.0025,0.9264
27800,0.00242,0.9271
27850,0.00235,0.9278
27900,0.00228,0.9284
27950,0.00221,0.929
28000,0.00214,0.9297
28050,0.00208,0.9303
28100,0.00202,0.9309
28150,0.00196,0.9315
28200,0.00191,0.9321
28250,0.00186,0.9327
28300,0.00181,0.9333
28350,0.00176,0.9339
28400,0.00171,0.9344
28450,0.00167,0.935
28500,0.00162,0.9356
28550,0.00158,0.9361
28600,0.00154,0.9366
28650,0.0015,0.9372
28700,0.00147,0.9377
28750,0.00143,0.9382
28800,0.0014,0.9387
28850,0.00137,0.9392
28900,0.00134,0.9397
28950,0.00131,0.9401
29000,0.00128,0.9406
29050,0.00125,0.941
29100,0.00123,0.9415
29150,0.0012,0.9419
29200,0.00118,0.9423
29250,0.00116,0.9427
29300,0.00113,0.9431
29350,0.00111,0.9435
29400,0.00109,0.9439
29450,0.00107,0.9443
29500,0.00106,0.9446
29550,0.00104,0.945
29600,0.00102,0.9453
29650,0.00101,0.9456
29700,0.000991,0.9459
29750,0.000977,0.9462
29800,0.000963,0.9465
29850,0.000951,0.9468
29900,0.000938,0.9471
29950,0.000927,0.9473
30000,0.000916,0.9476
30050,0.000906,0.9478
30100,0.000896,0.948
30150,0.000887,0.9483
30200,0.000879,0.9485
30250,0.000871,0.9486
30300,0.000863,0.9488
30350,0.000856,0.949
30400,0.00085,0.9491
30450,0.000844,0.9493
30500,0.000839,0.9494
30550,0.000834,0.9495
30600,0.00083,0.9496
30650,0.000826,0.9497
30700,0.000823,0.9498
30750,0.00082,0.9498
30800,0.000818,0.9499
30850,0.000816,0.9499
30900,0.000814,0.95
30950,0.000813,0.95
31000,0.000813,0.95
31050,0.000813,0.95
31100,0.000813,0.95
31150,0.000814,0.9499
31200,0.000815,0.9499
31250,0.000817,0.9498
31300,0.000819,0.9498
31350,0.000822,0.9497
31400,0.000825,0.9496
31450,0.000829,0.9495
31500,0.000833,0.9494
31550,0.000838,0.9493
31600,0.000843,0.9491
31650,0.000849,0.949
31700,0.000855,0.9488
31750,0.000862,0.9486
31800,0.000869,0.9485
31850,0.000877,0.9483
31900,0.000885,0.948
31950,0.000894,0.9478
32000,0.000904,0.9476
32050,0.000914,0.9473
32100,0.000924,0.9471
32150,0.000936,0.9468
32200,0.000948,0.9465
32250,0.00096,0.9463
32300,0.000974,0.946
32350,0.000988,0.9456
32400,0.001,0.9453
32450,0.00102,0.945
32500,0.00103,0.9446
32550,0.00105,0.9443
32600,0.00107,0.9439
32650,0.00109,0.9435
32700,0.00111,0.9431
32750,0.00113,0.9427
32800,0.00115,0.9423
32850,0.00117,0.9419
32900,0.00119,0.9415
32950,0.00122,0.9411
33000,0.00124,0.9406
