run,seed,beta_init,step,model_id,file,block,gamma_W_fro,beta_W_fro,beta_row_norm_mean,gamma_bias_mean,beta_bias_mean,beta_bias_absmean,gamma_cos_to_init,gamma_orth_to_init_fro,beta_cos_to_init,beta_orth_to_init_fro
se_sb,1,glorot,0,20260929-12-JZOe,20260929-test_SE_scale+bias-fresh.safetensors,0,5.303612,5.289571,0.464469,0.0,0.0,0.0,1.0,0.0,1.0,0.0
se_sb,1,glorot,0,20260929-12-JZOe,20260929-test_SE_scale+bias-fresh.safetensors,1,5.362166,5.315222,0.466764,0.0,0.0,0.0,1.0,0.0,1.0,0.0
se_sb,1,glorot,0,20260929-12-JZOe,20260929-test_SE_scale+bias-fresh.safetensors,2,5.304177,5.283236,0.463594,0.0,0.0,0.0,1.0,0.0,1.0,0.0
se_sb,1,glorot,1000,20260929-22-bWdy,20260929-test_SE_scale+bias-replay-step1000.safetensors,0,5.21575,5.259799,0.461664,0.002092,-4e-06,0.005861,0.997151,0.393432,0.988512,0.794986
se_sb,1,glorot,1000,20260929-22-bWdy,20260929-test_SE_scale+bias-replay-step1000.safetensors,1,5.281477,5.21729,0.458113,0.002231,0.0,0.003242,0.998288,0.308929,0.998392,0.295795
se_sb,1,glorot,1000,20260929-22-bWdy,20260929-test_SE_scale+bias-replay-step1000.safetensors,2,5.212999,5.173529,0.453992,0.004334,-1.8e-05,0.004405,0.995994,0.466152,0.997007,0.399977
se_sb,1,glorot,2000,20260929-22-bWdy,20260929-test_SE_scale+bias-replay-step2000.safetensors,0,5.074649,5.166037,0.453264,0.002609,-5e-06,0.00843,0.99381,0.563754,0.977412,1.091807
se_sb,1,glorot,2000,20260929-22-bWdy,20260929-test_SE_scale+bias-replay-step2000.safetensors,1,5.140346,5.058521,0.444155,0.00294,-1e-06,0.005029,0.994537,0.536597,0.99669,0.411249
se_sb,1,glorot,2000,20260929-22-bWdy,20260929-test_SE_scale+bias-replay-step2000.safetensors,2,5.065429,5.016244,0.440196,0.005668,-1.6e-05,0.007083,0.987309,0.804438,0.992798,0.600942
se_sb,1,glorot,3000,20260929-22-bWdy,20260929-test_SE_scale+bias-replay-step3000.safetensors,0,4.96681,5.084581,0.445895,0.002941,-5e-06,0.009589,0.99115,0.659345,0.970366,1.228647
se_sb,1,glorot,3000,20260929-22-bWdy,20260929-test_SE_scale+bias-replay-step3000.safetensors,1,5.039033,4.941116,0.433834,0.003051,3e-06,0.005824,0.9906,0.689279,0.995014,0.492788
se_sb,1,glorot,3000,20260929-22-bWdy,20260929-test_SE_scale+bias-replay-step3000.safetensors,2,4.961343,4.907332,0.430579,0.006497,-1.5e-05,0.008135,0.980663,0.970944,0.988999,0.725891
se_sb,1,glorot,4000,20260929-22-bWdy,20260929-test_SE_scale+bias-replay-step4000.safetensors,0,4.898562,5.027347,0.440597,0.003152,-4e-06,0.010123,0.989402,0.711267,0.965945,1.300808
se_sb,1,glorot,4000,20260929-22-bWdy,20260929-test_SE_scale+bias-replay-step4000.safetensors,1,4.973794,4.867258,0.427321,0.002721,-1e-06,0.006148,0.987633,0.779824,0.99353,0.552792
se_sb,1,glorot,4000,20260929-22-bWdy,20260929-test_SE_scale+bias-replay-step4000.safetensors,2,4.896124,4.840476,0.424678,0.006846,-1e-05,0.008849,0.976337,1.058803,0.986037,0.806063
se_sb,1,glorot,5000,20260929-22-bWdy,20260929-test_SE_scale+bias-replay-step5000.safetensors,0,4.861477,4.996744,0.437742,0.003217,-3e-06,0.010382,0.988206,0.744432,0.963458,1.33842
se_sb,1,glorot,5000,20260929-22-bWdy,20260929-test_SE_scale+bias-replay-step5000.safetensors,1,4.940532,4.826576,0.423734,0.002405,4e-06,0.006286,0.985519,0.837735,0.992718,0.581421
se_sb,1,glorot,5000,20260929-22-bWdy,20260929-test_SE_scale+bias-replay-step5000.safetensors,2,4.858987,4.806077,0.421644,0.007063,-7e-06,0.009306,0.973665,1.107769,0.984015,0.855887
se_sb,1,glorot,6000,20260929-22-bWdy,20260929-test_SE_scale+bias-replay-step6000.safetensors,0,4.842198,4.979517,0.436175,0.00324,-5e-06,0.010478,0.987749,0.755641,0.962307,1.354259
se_sb,1,glorot,6000,20260929-22-bWdy,20260929-test_SE_scale+bias-replay-step6000.safetensors,1,4.922964,4.806141,0.421927,0.002312,4e-06,0.006367,0.984316,0.868469,0.992337,0.593838
se_sb,1,glorot,6000,20260929-22-bWdy,20260929-test_SE_scale+bias-replay-step6000.safetensors,2,4.839042,4.788474,0.420083,0.007192,-9e-06,0.009482,0.972573,1.125542,0.983205,0.873914
se_sb,1,glorot,7000,20260929-22-bWdy,20260929-test_SE_scale+bias-replay-step7000.safetensors,0,4.833861,4.972014,0.435451,0.00325,-4e-06,0.010523,0.987517,0.761397,0.961711,1.362651
se_sb,1,glorot,7000,20260929-22-bWdy,20260929-test_SE_scale+bias-replay-step7000.safetensors,1,4.914831,4.796477,0.421069,0.002234,4e-06,0.006377,0.983762,0.882096,0.992136,0.600346
se_sb,1,glorot,7000,20260929-22-bWdy,20260929-test_SE_scale+bias-replay-step7000.safetensors,2,4.830399,4.780027,0.419341,0.007202,-7e-06,0.009582,0.971931,1.136423,0.982745,0.884135
se_sb,1,glorot,8000,20260929-22-bWdy,20260929-test_SE_scale+bias-replay-step8000.safetensors,0,4.829231,4.968385,0.435116,0.003261,-4e-06,0.010557,0.987317,0.766688,0.961322,1.368436
se_sb,1,glorot,8000,20260929-22-bWdy,20260929-test_SE_scale+bias-replay-step8000.safetensors,1,4.910758,4.792116,0.420681,0.002202,-1e-06,0.006385,0.983413,0.890706,0.991993,0.605192
se_sb,1,glorot,8000,20260929-22-bWdy,20260929-test_SE_scale+bias-replay-step8000.safetensors,2,4.825543,4.776289,0.419012,0.007221,-1.1e-05,0.009644,0.971569,1.142484,0.98244,0.89116
se_sb,1,glorot,9000,20260929-22-bWdy,20260929-test_SE_scale+bias-replay-step9000.safetensors,0,4.826357,4.966406,0.434912,0.003267,-0.0,0.010584,0.987225,0.768999,0.961072,1.372207
se_sb,1,glorot,9000,20260929-22-bWdy,20260929-test_SE_scale+bias-replay-step9000.safetensors,1,4.908887,4.789652,0.420459,0.00218,2e-06,0.006397,0.98321,0.895758,0.991915,0.607841
se_sb,1,glorot,9000,20260929-22-bWdy,20260929-test_SE_scale+bias-replay-step9000.safetensors,2,4.82316,4.774008,0.41881,0.007234,-1.1e-05,0.00969,0.97127,1.147817,0.982262,0.8952
se_sb,1,glorot,10000,20260929-22-bWdy,20260929-test_SE_scale+bias-replay-step10000.safetensors,0,4.824872,4.965033,0.43478,0.003277,-2e-06,0.010589,0.987084,0.77297,0.960912,1.374583
se_sb,1,glorot,10000,20260929-22-bWdy,20260929-test_SE_scale+bias-replay-step10000.safetensors,1,4.907934,4.787858,0.420305,0.002158,0.0,0.006395,0.983027,0.900408,0.991882,0.608817
se_sb,1,glorot,10000,20260929-22-bWdy,20260929-test_SE_scale+bias-replay-step10000.safetensors,2,4.82158,4.772917,0.418714,0.00724,-1.1e-05,0.009713,0.971072,1.151325,0.982141,0.898015
se_sb,1,glorot,11000,20260929-22-bWdy,20260929-test_SE_scale+bias-replay-step11000.safetensors,0,4.823629,4.964365,0.434714,0.003271,-9e-06,0.010599,0.987005,0.775113,0.960802,1.376292
se_sb,1,glorot,11000,20260929-22-bWdy,20260929-test_SE_scale+bias-replay-step11000.safetensors,1,4.906509,4.786277,0.420165,0.002154,-0.0,0.006392,0.982877,0.904084,0.99184,0.610193
se_sb,1,glorot,11000,20260929-22-bWdy,20260929-test_SE_scale+bias-replay-step11000.safetensors,2,4.820492,4.771817,0.418613,0.007244,-9e-06,0.009743,0.970943,1.153587,0.982033,0.900488
se_sb,1,glorot,12000,20260929-22-bWdy,20260929-test_SE_scale+bias-replay-step12000.safetensors,0,4.822348,4.963478,0.434622,0.003282,-6e-06,0.010609,0.986924,0.777296,0.960607,1.379402
se_sb,1,glorot,12000,20260929-22-bWdy,20260929-test_SE_scale+bias-replay-step12000.safetensors,1,4.905584,4.784998,0.420055,0.002142,2e-06,0.006399,0.982731,0.907739,0.991789,0.611913
se_sb,1,glorot,12000,20260929-22-bWdy,20260929-test_SE_scale+bias-replay-step12000.safetensors,2,4.81934,4.771217,0.418559,0.007253,-1.3e-05,0.009772,0.970775,1.156597,0.981869,0.904434
se_sb,1,glorot,13000,20260929-22-bWdy,20260929-test_SE_scale+bias-replay-step13000.safetensors,0,4.820934,4.962117,0.434495,0.003283,-5e-06,0.010624,0.986838,0.77961,0.960537,1.38023
se_sb,1,glorot,13000,20260929-22-bWdy,20260929-test_SE_scale+bias-replay-step13000.safetensors,1,4.904407,4.783881,0.419955,0.002141,4e-06,0.006402,0.982545,0.912344,0.991712,0.614629
se_sb,1,glorot,13000,20260929-22-bWdy,20260929-test_SE_scale+bias-replay-step13000.safetensors,2,4.817745,4.770007,0.418453,0.007263,-8e-06,0.009798,0.970634,1.158968,0.981695,0.908496
se_sb,1,glorot,14000,20260929-22-bWdy,20260929-test_SE_scale+bias-replay-step14000.safetensors,0,4.818555,4.960095,0.434317,0.003284,-5e-06,0.010637,0.986768,0.78126,0.960383,1.382291
se_sb,1,glorot,14000,20260929-22-bWdy,20260929-test_SE_scale+bias-replay-step14000.safetensors,1,4.901697,4.781119,0.419719,0.002124,1e-06,0.006392,0.982338,0.917172,0.99166,0.616187
se_sb,1,glorot,14000,20260929-22-bWdy,20260929-test_SE_scale+bias-replay-step14000.safetensors,2,4.815452,4.768077,0.418281,0.007273,-9e-06,0.009826,0.970365,1.163618,0.981547,0.911749
se_sb,1,glorot,15000,20260929-22-bWdy,20260929-test_SE_scale+bias-replay-step15000.safetensors,0,4.814495,4.956012,0.433931,0.003299,-3e-06,0.010652,0.986583,0.786004,0.960044,1.386934
se_sb,1,glorot,15000,20260929-22-bWdy,20260929-test_SE_scale+bias-replay-step15000.safetensors,1,4.898201,4.776853,0.419342,0.002091,-1e-06,0.006401,0.982006,0.925023,0.991553,0.619581
se_sb,1,glorot,15000,20260929-22-bWdy,20260929-test_SE_scale+bias-replay-step15000.safetensors,2,4.811239,4.763733,0.417901,0.007322,-7e-06,0.00986,0.970046,1.168757,0.981298,0.917001
se_sb,1,glorot,16000,20260929-22-bWdy,20260929-test_SE_scale+bias-replay-step16000.safetensors,0,4.806142,4.948342,0.433252,0.003325,-3e-06,0.010695,0.986286,0.793217,0.959806,1.388815
se_sb,1,glorot,16000,20260929-22-bWdy,20260929-test_SE_scale+bias-replay-step16000.safetensors,1,4.890537,4.769454,0.41869,0.002016,-2e-06,0.006413,0.981365,0.939722,0.991322,0.626986
se_sb,1,glorot,16000,20260929-22-bWdy,20260929-test_SE_scale+bias-replay-step16000.safetensors,2,4.803352,4.755095,0.417141,0.007408,-7e-06,0.009928,0.969439,1.178421,0.980828,0.926657
se_sb,1,glorot,17000,20260929-22-bWdy,20260929-test_SE_scale+bias-replay-step17000.safetensors,0,4.788582,4.933156,0.431884,0.003332,-6e-06,0.01078,0.985939,0.800207,0.959074,1.396856
se_sb,1,glorot,17000,20260929-22-bWdy,20260929-test_SE_scale+bias-replay-step17000.safetensors,1,4.874441,4.751027,0.417074,0.002003,-4e-06,0.006431,0.980558,0.956507,0.990976,0.636811
se_sb,1,glorot,17000,20260929-22-bWdy,20260929-test_SE_scale+bias-replay-step17000.safetensors,2,4.786993,4.738581,0.415688,0.007535,-9e-06,0.010031,0.968578,1.190568,0.980079,0.941113
se_sb,1,glorot,18000,20260929-22-bWdy,20260929-test_SE_scale+bias-replay-step18000.safetensors,0,4.754758,4.904593,0.429288,0.003381,2e-06,0.011008,0.985076,0.818386,0.957431,1.415764
se_sb,1,glorot,18000,20260929-22-bWdy,20260929-test_SE_scale+bias-replay-step18000.safetensors,1,4.843679,4.715378,0.41394,0.002088,-6e-06,0.006555,0.97912,0.984646,0.990424,0.65099
se_sb,1,glorot,18000,20260929-22-bWdy,20260929-test_SE_scale+bias-replay-step18000.safetensors,2,4.756154,4.706414,0.412873,0.007857,-8e-06,0.01028,0.966345,1.22352,0.978306,0.975012
se_sb,1,glorot,19000,20260929-22-bWdy,20260929-test_SE_scale+bias-replay-step19000.safetensors,0,4.696852,4.857182,0.424968,0.003494,-1e-06,0.011411,0.983764,0.842923,0.954309,1.451436
se_sb,1,glorot,19000,20260929-22-bWdy,20260929-test_SE_scale+bias-replay-step19000.safetensors,1,4.79372,4.652792,0.408431,0.002244,-2e-06,0.006798,0.976605,1.03084,0.989458,0.673803
se_sb,1,glorot,19000,20260929-22-bWdy,20260929-test_SE_scale+bias-replay-step19000.safetensors,2,4.703498,4.65309,0.40821,0.008328,-7e-06,0.010646,0.962951,1.268429,0.975211,1.02963
se_sb,1,glorot,20000,20260929-22-bWdy,20260929-test_SE_scale+bias-replay-step20000.safetensors,0,4.611354,4.791156,0.418829,0.003662,-7e-06,0.012034,0.981367,0.886038,0.948161,1.522584
se_sb,1,glorot,20000,20260929-22-bWdy,20260929-test_SE_scale+bias-replay-step20000.safetensors,1,4.718153,4.566826,0.4009,0.002607,2e-06,0.00721,0.97274,1.094123,0.986935,0.735795
se_sb,1,glorot,20000,20260929-22-bWdy,20260929-test_SE_scale+bias-replay-step20000.safetensors,2,4.628862,4.573776,0.401167,0.009043,-2.3e-05,0.0113,0.957086,1.341458,0.970287,1.106663
se_sb,1,glorot,21000,20260929-22-bWdy,20260929-test_SE_scale+bias-replay-step21000.safetensors,0,4.51003,4.712795,0.411794,0.003837,1e-06,0.012868,0.97851,0.929975,0.941264,1.591375
se_sb,1,glorot,21000,20260929-22-bWdy,20260929-test_SE_scale+bias-replay-step21000.safetensors,1,4.628522,4.462622,0.391757,0.002995,4e-06,0.007571,0.967443,1.171428,0.983974,0.795736
se_sb,1,glorot,21000,20260929-22-bWdy,20260929-test_SE_scale+bias-replay-step21000.safetensors,2,4.538548,4.482358,0.393053,0.009836,-2.3e-05,0.01207,0.950205,1.414321,0.963868,1.194009
se_sb,1,glorot,22000,20260929-22-bWdy,20260929-test_SE_scale+bias-replay-step22000.safetensors,0,4.412497,4.634871,0.404595,0.004033,1e-06,0.01347,0.975394,0.972828,0.934161,1.65396
se_sb,1,glorot,22000,20260929-22-bWdy,20260929-test_SE_scale+bias-replay-step22000.safetensors,1,4.539479,4.367926,0.383438,0.003402,3e-06,0.008035,0.962488,1.231673,0.980224,0.864366
se_sb,1,glorot,22000,20260929-22-bWdy,20260929-test_SE_scale+bias-replay-step22000.safetensors,2,4.452679,4.39513,0.385276,0.010593,-4.6e-05,0.012798,0.942551,1.487466,0.958216,1.257202
se_sb,1,glorot,23000,20260929-22-bWdy,20260929-test_SE_scale+bias-replay-step23000.safetensors,0,4.334973,4.568277,0.39865,0.004179,-4e-06,0.013881,0.973068,0.999286,0.930207,1.676717
se_sb,1,glorot,23000,20260929-22-bWdy,20260929-test_SE_scale+bias-replay-step23000.safetensors,1,4.467617,4.296634,0.377196,0.003634,7e-06,0.008335,0.958503,1.27364,0.977073,0.91477
se_sb,1,glorot,23000,20260929-22-bWdy,20260929-test_SE_scale+bias-replay-step23000.safetensors,2,4.381584,4.325401,0.37906,0.010968,-4.1e-05,0.013326,0.937392,1.526006,0.953866,1.298629
se_sb,1,glorot,24000,20260929-22-bWdy,20260929-test_SE_scale+bias-replay-step24000.safetensors,0,4.284448,4.526744,0.394873,0.004319,-2e-06,0.014173,0.971486,1.015837,0.92721,1.69545
se_sb,1,glorot,24000,20260929-22-bWdy,20260929-test_SE_scale+bias-replay-step24000.safetensors,1,4.422198,4.248865,0.372983,0.00375,3e-06,0.008543,0.955663,1.30217,0.97503,0.94355
se_sb,1,glorot,24000,20260929-22-bWdy,20260929-test_SE_scale+bias-replay-step24000.safetensors,2,4.335779,4.28177,0.375174,0.011199,-5.3e-05,0.013708,0.933853,1.550727,0.950739,1.327312
se_sb,1,glorot,25000,20260929-22-bWdy,20260929-test_SE_scale+bias-replay-step25000.safetensors,0,4.256099,4.501313,0.392638,0.004363,-4e-06,0.014317,0.970491,1.026298,0.925578,1.703999
se_sb,1,glorot,25000,20260929-22-bWdy,20260929-test_SE_scale+bias-replay-step25000.safetensors,1,4.395048,4.222993,0.370729,0.003776,1.1e-05,0.008596,0.954201,1.314847,0.973658,0.962891
se_sb,1,glorot,25000,20260929-22-bWdy,20260929-test_SE_scale+bias-replay-step25000.safetensors,2,4.309159,4.256452,0.372919,0.011311,-4.9e-05,0.013841,0.931999,1.561903,0.949283,1.338322
se_sb,1,glorot,26000,20260929-22-bWdy,20260929-test_SE_scale+bias-replay-step26000.safetensors,0,4.241718,4.488938,0.391525,0.004374,-3e-06,0.014407,0.970162,1.028434,0.924574,1.710298
se_sb,1,glorot,26000,20260929-22-bWdy,20260929-test_SE_scale+bias-replay-step26000.safetensors,1,4.382603,4.211446,0.369712,0.00378,9e-06,0.008631,0.953392,1.322383,0.97285,0.974677
se_sb,1,glorot,26000,20260929-22-bWdy,20260929-test_SE_scale+bias-replay-step26000.safetensors,2,4.295857,4.243714,0.371778,0.011311,-5.3e-05,0.013963,0.931002,1.568045,0.948383,1.3458
se_sb,1,glorot,27000,20260929-22-bWdy,20260929-test_SE_scale+bias-replay-step27000.safetensors,0,4.235383,4.482591,0.390974,0.004386,-7e-06,0.014435,0.969845,1.032257,0.92418,1.712152
se_sb,1,glorot,27000,20260929-22-bWdy,20260929-test_SE_scale+bias-replay-step27000.safetensors,1,4.375727,4.20717,0.36933,0.003762,6e-06,0.008645,0.95295,1.32641,0.972402,0.981586
se_sb,1,glorot,27000,20260929-22-bWdy,20260929-test_SE_scale+bias-replay-step27000.safetensors,2,4.289267,4.237769,0.371231,0.011334,-5e-05,0.014014,0.930477,1.571379,0.94801,1.348629
se_sb,1,glorot,28000,20260929-22-bWdy,20260929-test_SE_scale+bias-replay-step28000.safetensors,0,4.232099,4.479621,0.390737,0.004402,1e-06,0.014456,0.969657,1.034615,0.924003,1.712945
se_sb,1,glorot,28000,20260929-22-bWdy,20260929-test_SE_scale+bias-replay-step28000.safetensors,1,4.372246,4.205316,0.369168,0.003758,9e-06,0.008639,0.952678,1.329085,0.972139,0.985748
se_sb,1,glorot,28000,20260929-22-bWdy,20260929-test_SE_scale+bias-replay-step28000.safetensors,2,4.286218,4.234619,0.370951,0.01134,-4.5e-05,0.014047,0.930133,1.573995,0.947791,1.350392
se_sb,1,glorot,29000,20260929-22-bWdy,20260929-test_SE_scale+bias-replay-step29000.safetensors,0,4.230241,4.478836,0.390659,0.004404,-2e-06,0.014462,0.969571,1.035603,0.923861,1.714181
se_sb,1,glorot,29000,20260929-22-bWdy,20260929-test_SE_scale+bias-replay-step29000.safetensors,1,4.370692,4.204413,0.369085,0.003768,1e-05,0.008645,0.952544,1.330437,0.971956,0.988715
se_sb,1,glorot,29000,20260929-22-bWdy,20260929-test_SE_scale+bias-replay-step29000.safetensors,2,4.284748,4.23306,0.370805,0.011335,-4.3e-05,0.014081,0.929985,1.57506,0.947547,1.352958
se_sb,1,glorot,30000,20260929-22-bWdy,20260929-test_SE_scale+bias-replay-step30000.safetensors,0,4.229314,4.477239,0.390527,0.004411,-5e-06,0.014464,0.969467,1.03712,0.923815,1.714063
se_sb,1,glorot,30000,20260929-22-bWdy,20260929-test_SE_scale+bias-replay-step30000.safetensors,1,4.3695,4.203616,0.36901,0.003758,1.3e-05,0.008645,0.952449,1.331381,0.971791,0.991397
se_sb,1,glorot,30000,20260929-22-bWdy,20260929-test_SE_scale+bias-replay-step30000.safetensors,2,4.283695,4.231689,0.370684,0.011341,-5e-05,0.014091,0.929846,1.576183,0.947461,1.353601
se_sb,1,glorot,31000,20260929-22-bWdy,20260929-test_SE_scale+bias-replay-step31000.safetensors,0,4.228327,4.476469,0.39045,0.004417,-2e-06,0.014467,0.969398,1.038025,0.923738,1.714595
se_sb,1,glorot,31000,20260929-22-bWdy,20260929-test_SE_scale+bias-replay-step31000.safetensors,1,4.368733,4.203151,0.36897,0.003756,1e-05,0.008644,0.952339,1.332643,0.971684,0.993136
se_sb,1,glorot,31000,20260929-22-bWdy,20260929-test_SE_scale+bias-replay-step31000.safetensors,2,4.282898,4.230677,0.370591,0.011357,-5e-05,0.014099,0.929703,1.577432,0.947419,1.353797
se_sb,1,glorot,32000,20260929-22-bWdy,20260929-test_SE_scale+bias-replay-step32000.safetensors,0,4.227498,4.475602,0.390379,0.004421,-5e-06,0.014474,0.969321,1.039107,0.923647,1.715253
se_sb,1,glorot,32000,20260929-22-bWdy,20260929-test_SE_scale+bias-replay-step32000.safetensors,1,4.368103,4.202465,0.368907,0.003744,9e-06,0.008648,0.95226,1.333534,0.971562,0.995079
se_sb,1,glorot,32000,20260929-22-bWdy,20260929-test_SE_scale+bias-replay-step32000.safetensors,2,4.28192,4.229846,0.370516,0.01136,-5.3e-05,0.014114,0.92955,1.578725,0.947361,1.354252
se_sb,1,glorot,33000,20260929-22-bWdy,20260929-test_SE_scale+bias-replay-step33000.safetensors,0,4.226328,4.474119,0.390263,0.004423,-6e-06,0.01448,0.969248,1.040044,0.923638,1.714772
se_sb,1,glorot,33000,20260929-22-bWdy,20260929-test_SE_scale+bias-replay-step33000.safetensors,1,4.367087,4.201965,0.368864,0.003752,7e-06,0.008656,0.952174,1.334393,0.971401,0.997738
se_sb,1,glorot,33000,20260929-22-bWdy,20260929-test_SE_scale+bias-replay-step33000.safetensors,2,4.280791,4.228692,0.370414,0.01136,-4.9e-05,0.014138,0.929436,1.579545,0.947265,1.355092
se_sb,1,glorot,33014,20260929-22-bWdy,20260929-test_SE_scale+bias-replay-step33014.safetensors,0,4.226195,4.474029,0.390259,0.004424,-5e-06,0.014479,0.969258,1.039841,0.923638,1.714743
se_sb,1,glorot,33014,20260929-22-bWdy,20260929-test_SE_scale+bias-replay-step33014.safetensors,1,4.367023,4.201842,0.368854,0.00375,1e-05,0.008657,0.952168,1.334454,0.971399,0.997736
se_sb,1,glorot,33014,20260929-22-bWdy,20260929-test_SE_scale+bias-replay-step33014.safetensors,2,4.280842,4.228759,0.370417,0.01136,-4.8e-05,0.014137,0.929438,1.579535,0.947255,1.355235
se_sb2,2,glorot,0,20260930-1-H1Oq,20260929-test_SE_scale+bias-seed2-fresh.safetensors,0,5.241276,5.424959,0.47602,0.0,0.0,0.0,1.0,0.0,1.0,0.0
se_sb2,2,glorot,0,20260930-1-H1Oq,20260929-test_SE_scale+bias-seed2-fresh.safetensors,1,5.30279,5.391194,0.472645,0.0,0.0,0.0,1.0,0.0,1.0,0.0
se_sb2,2,glorot,0,20260930-1-H1Oq,20260929-test_SE_scale+bias-seed2-fresh.safetensors,2,5.378682,5.267625,0.461743,0.0,0.0,0.0,1.0,0.0,1.0,0.0
se_sb2,2,glorot,1000,20260930-4-k98x,20260929-test_SE_scale+bias-seed2-replay-step1000.safetensors,0,5.165701,5.364515,0.470634,0.002584,-3e-06,0.005973,0.995342,0.498021,0.992099,0.673007
se_sb2,2,glorot,1000,20260930-4-k98x,20260929-test_SE_scale+bias-seed2-replay-step1000.safetensors,1,5.229218,5.273435,0.46227,0.002283,-2e-06,0.002856,0.997404,0.376558,0.997067,0.403572
se_sb2,2,glorot,1000,20260930-4-k98x,20260929-test_SE_scale+bias-seed2-replay-step1000.safetensors,2,5.309233,5.153076,0.451694,0.003868,-1.1e-05,0.003777,0.993235,0.616505,0.995323,0.497817
se_sb2,2,glorot,2000,20260930-4-k98x,20260929-test_SE_scale+bias-seed2-replay-step2000.safetensors,0,5.026125,5.24661,0.460111,0.003321,-6e-06,0.009038,0.9915,0.653936,0.982382,0.980509
se_sb2,2,glorot,2000,20260930-4-k98x,20260929-test_SE_scale+bias-seed2-replay-step2000.safetensors,1,5.090982,5.110644,0.447973,0.003079,-3e-06,0.00472,0.993281,0.589154,0.994272,0.546214
se_sb2,2,glorot,2000,20260930-4-k98x,20260929-test_SE_scale+bias-seed2-replay-step2000.safetensors,2,5.170019,5.002935,0.438477,0.004679,-1.6e-05,0.005989,0.984643,0.90258,0.989502,0.723031
se_sb2,2,glorot,3000,20260930-4-k98x,20260929-test_SE_scale+bias-seed2-replay-step3000.safetensors,0,4.924052,5.15299,0.451772,0.003868,-5e-06,0.01028,0.988073,0.758238,0.976325,1.114646
se_sb2,2,glorot,3000,20260930-4-k98x,20260929-test_SE_scale+bias-seed2-replay-step3000.safetensors,1,4.990946,4.991866,0.437575,0.003503,-2e-06,0.005631,0.989364,0.725985,0.992515,0.609609
se_sb2,2,glorot,3000,20260930-4-k98x,20260929-test_SE_scale+bias-seed2-replay-step3000.safetensors,2,5.068814,4.894433,0.428928,0.005113,-1.7e-05,0.006971,0.977424,1.070971,0.986108,0.812977
se_sb2,2,glorot,4000,20260930-4-k98x,20260929-test_SE_scale+bias-seed2-replay-step4000.safetensors,0,4.858199,5.094828,0.446617,0.004083,-1e-06,0.010898,0.985865,0.813944,0.972301,1.19082
se_sb2,2,glorot,4000,20260930-4-k98x,20260929-test_SE_scale+bias-seed2-replay-step4000.safetensors,1,4.930882,4.917428,0.431039,0.003406,-2e-06,0.00613,0.986446,0.809104,0.990923,0.661063
se_sb2,2,glorot,4000,20260930-4-k98x,20260929-test_SE_scale+bias-seed2-replay-step4000.safetensors,2,5.001374,4.82842,0.423128,0.005275,-1.6e-05,0.00752,0.973119,1.151839,0.983382,0.876585
se_sb2,2,glorot,5000,20260930-4-k98x,20260929-test_SE_scale+bias-seed2-replay-step5000.safetensors,0,4.822249,5.061573,0.443665,0.00418,0.0,0.011186,0.984478,0.846348,0.970098,1.22851
se_sb2,2,glorot,5000,20260930-4-k98x,20260929-test_SE_scale+bias-seed2-replay-step5000.safetensors,1,4.900139,4.877172,0.427484,0.003222,-1e-06,0.006343,0.984275,0.865577,0.989846,0.693245
se_sb2,2,glorot,5000,20260930-4-k98x,20260929-test_SE_scale+bias-seed2-replay-step5000.safetensors,2,4.963941,4.793866,0.420075,0.005419,-2.4e-05,0.007853,0.970719,1.192432,0.981652,0.914098
se_sb2,2,glorot,6000,20260930-4-k98x,20260929-test_SE_scale+bias-seed2-replay-step6000.safetensors,0,4.803396,5.043949,0.442092,0.004234,-0.0,0.011287,0.983879,0.859026,0.969137,1.243451
se_sb2,2,glorot,6000,20260930-4-k98x,20260929-test_SE_scale+bias-seed2-replay-step6000.safetensors,1,4.884946,4.856788,0.425679,0.003147,-1e-06,0.00645,0.983186,0.892014,0.989193,0.712094
se_sb2,2,glorot,6000,20260930-4-k98x,20260929-test_SE_scale+bias-seed2-replay-step6000.safetensors,2,4.943921,4.776928,0.418572,0.005494,-2.4e-05,0.008012,0.969519,1.21134,0.980853,0.930296
se_sb2,2,glorot,7000,20260930-4-k98x,20260929-test_SE_scale+bias-seed2-replay-step7000.safetensors,0,4.794221,5.036119,0.441396,0.004251,-0.0,0.011381,0.9836,0.864696,0.968625,1.251619
se_sb2,2,glorot,7000,20260930-4-k98x,20260929-test_SE_scale+bias-seed2-replay-step7000.safetensors,1,4.877742,4.847183,0.424835,0.003074,-1e-06,0.006495,0.982561,0.906979,0.988813,0.723
se_sb2,2,glorot,7000,20260930-4-k98x,20260929-test_SE_scale+bias-seed2-replay-step7000.safetensors,2,4.934761,4.769218,0.417885,0.005489,-2.4e-05,0.008114,0.968691,1.22515,0.980292,0.942182
se_sb2,2,glorot,7282,20260930-4-k98x,20260929-test_SE_scale+bias-seed2-replay-step7282.safetensors,0,4.792829,5.034615,0.441252,0.004258,-1e-06,0.011397,0.983504,0.866966,0.968531,1.253073
se_sb2,2,glorot,7282,20260930-4-k98x,20260929-test_SE_scale+bias-seed2-replay-step7282.safetensors,1,4.876352,4.845555,0.424693,0.003079,-1e-06,0.006506,0.982444,0.909716,0.988742,0.725045
se_sb2,2,glorot,7282,20260930-4-k98x,20260929-test_SE_scale+bias-seed2-replay-step7282.safetensors,2,4.932996,4.767987,0.417778,0.005486,-2.4e-05,0.008132,0.968593,1.226596,0.980178,0.944621
se_zb1,1,zero,0,20260930-7-crxN,20260929-test_SE_zerobeta-seed1-fresh.safetensors,0,5.303612,0.0,0.0,0.0,0.0,0.0,1.0,0.0,,0.0
se_zb1,1,zero,0,20260930-7-crxN,20260929-test_SE_zerobeta-seed1-fresh.safetensors,1,5.362166,0.0,0.0,0.0,0.0,0.0,1.0,0.0,,0.0
se_zb1,1,zero,0,20260930-7-crxN,20260929-test_SE_zerobeta-seed1-fresh.safetensors,2,5.304177,0.0,0.0,0.0,0.0,0.0,1.0,0.0,,0.0
se_zb1,1,zero,1000,20260930-9-RrGx,20260929-test_SE_zerobeta-seed1-replay-step1000.safetensors,0,5.19463,0.846893,0.061471,0.002683,1e-06,0.008321,0.997316,0.380341,,0.846893
se_zb1,1,zero,1000,20260930-9-RrGx,20260929-test_SE_zerobeta-seed1-replay-step1000.safetensors,1,5.282657,0.318384,0.024175,0.002922,1e-06,0.003866,0.997847,0.346475,,0.318384
se_zb1,1,zero,1000,20260930-9-RrGx,20260929-test_SE_zerobeta-seed1-replay-step1000.safetensors,2,5.223604,0.557318,0.041522,0.003827,1.1e-05,0.004564,0.994101,0.566565,,0.557318
se_zb1,1,zero,2000,20260930-9-RrGx,20260929-test_SE_zerobeta-seed1-replay-step2000.safetensors,0,5.040365,1.15163,0.086065,0.003467,-2e-06,0.011369,0.994157,0.544064,,1.15163
se_zb1,1,zero,2000,20260930-9-RrGx,20260929-test_SE_zerobeta-seed1-replay-step2000.safetensors,1,5.142217,0.455852,0.034874,0.003969,5e-06,0.005812,0.993331,0.592883,,0.455852
se_zb1,1,zero,2000,20260930-9-RrGx,20260929-test_SE_zerobeta-seed1-replay-step2000.safetensors,2,5.086357,0.808436,0.059708,0.00414,1.3e-05,0.007307,0.98427,0.898606,,0.808436
se_zb1,1,zero,3000,20260930-9-RrGx,20260929-test_SE_zerobeta-seed1-replay-step3000.safetensors,0,4.933316,1.277023,0.096445,0.003923,-1e-06,0.012877,0.991055,0.658358,,1.277023
se_zb1,1,zero,3000,20260930-9-RrGx,20260929-test_SE_zerobeta-seed1-replay-step3000.safetensors,1,5.045638,0.543746,0.041142,0.003985,3e-06,0.006797,0.988587,0.760145,,0.543746
se_zb1,1,zero,3000,20260930-9-RrGx,20260929-test_SE_zerobeta-seed1-replay-step3000.safetensors,2,4.98187,0.910691,0.067087,0.004188,1.1e-05,0.008396,0.978217,1.034164,,0.910691
se_zb1,1,zero,4000,20260930-9-RrGx,20260929-test_SE_zerobeta-seed1-replay-step4000.safetensors,0,4.864405,1.337806,0.101122,0.004086,0.0,0.013577,0.989277,0.710455,,1.337806
se_zb1,1,zero,4000,20260930-9-RrGx,20260929-test_SE_zerobeta-seed1-replay-step4000.safetensors,1,4.99907,0.606665,0.045544,0.003576,3e-06,0.007205,0.982863,0.921511,,0.606665
se_zb1,1,zero,4000,20260930-9-RrGx,20260929-test_SE_zerobeta-seed1-replay-step4000.safetensors,2,4.910087,0.965896,0.071293,0.004094,1.8e-05,0.009006,0.974821,1.094884,,0.965896
se_zb1,1,zero,5000,20260930-9-RrGx,20260929-test_SE_zerobeta-seed1-replay-step5000.safetensors,0,4.827298,1.364172,0.10388,0.004169,-1e-06,0.013872,0.988388,0.733516,,1.364172
se_zb1,1,zero,5000,20260930-9-RrGx,20260929-test_SE_zerobeta-seed1-replay-step5000.safetensors,1,4.97152,0.6379,0.04814,0.0034,2e-06,0.007421,0.979392,1.004083,,0.6379
se_zb1,1,zero,5000,20260930-9-RrGx,20260929-test_SE_zerobeta-seed1-replay-step5000.safetensors,2,4.87043,0.999838,0.073971,0.004035,1.4e-05,0.009377,0.972642,1.131446,,0.999838
se_zb1,1,zero,5030,20260930-9-RrGx,20260929-test_SE_zerobeta-seed1-replay-step5030.safetensors,0,4.826476,1.365264,0.104006,0.004165,-1e-06,0.013873,0.988356,0.73439,,1.365264
se_zb1,1,zero,5030,20260930-9-RrGx,20260929-test_SE_zerobeta-seed1-replay-step5030.safetensors,1,4.970857,0.638104,0.048139,0.003386,2e-06,0.007421,0.9793,1.00618,,0.638104
se_zb1,1,zero,5030,20260930-9-RrGx,20260929-test_SE_zerobeta-seed1-replay-step5030.safetensors,2,4.869598,1.000126,0.074055,0.004024,1.4e-05,0.009387,0.972576,1.132607,,1.000126
se_zb2,2,zero,0,20260930-8-8qyR,20260929-test_SE_zerobeta-seed2-fresh.safetensors,0,5.241276,0.0,0.0,0.0,0.0,0.0,1.0,0.0,,0.0
se_zb2,2,zero,0,20260930-8-8qyR,20260929-test_SE_zerobeta-seed2-fresh.safetensors,1,5.30279,0.0,0.0,0.0,0.0,0.0,1.0,0.0,,0.0
se_zb2,2,zero,0,20260930-8-8qyR,20260929-test_SE_zerobeta-seed2-fresh.safetensors,2,5.378682,0.0,0.0,0.0,0.0,0.0,1.0,0.0,,0.0
se_zb2,2,zero,1000,20260930-10-H51a,20260929-test_SE_zerobeta-seed2-replay-step1000.safetensors,0,5.150488,0.744712,0.056007,0.003372,3e-06,0.008984,0.996976,0.400232,,0.744712
se_zb2,2,zero,1000,20260930-10-H51a,20260929-test_SE_zerobeta-seed2-replay-step1000.safetensors,1,5.225592,0.504295,0.038799,0.002496,1e-06,0.004074,0.997359,0.379516,,0.504295
se_zb2,2,zero,1000,20260930-10-H51a,20260929-test_SE_zerobeta-seed2-replay-step1000.safetensors,2,5.287036,0.483512,0.038381,0.003524,5e-06,0.004663,0.995714,0.488985,,0.483512
se_zb2,2,zero,2000,20260930-10-H51a,20260929-test_SE_zerobeta-seed2-replay-step2000.safetensors,0,5.009234,1.047676,0.080868,0.004591,-1e-06,0.012676,0.991956,0.634078,,1.047676
se_zb2,2,zero,2000,20260930-10-H51a,20260929-test_SE_zerobeta-seed2-replay-step2000.safetensors,1,5.085001,0.693535,0.053814,0.003423,2e-06,0.006022,0.992659,0.614999,,0.693535
se_zb2,2,zero,2000,20260930-10-H51a,20260929-test_SE_zerobeta-seed2-replay-step2000.safetensors,2,5.128026,0.715577,0.05816,0.004316,1.3e-05,0.007255,0.987468,0.809294,,0.715577
se_zb2,2,zero,3000,20260930-10-H51a,20260929-test_SE_zerobeta-seed2-replay-step3000.safetensors,0,4.908269,1.165554,0.090573,0.005283,-7e-06,0.014216,0.988415,0.744962,,1.165554
se_zb2,2,zero,3000,20260930-10-H51a,20260929-test_SE_zerobeta-seed2-replay-step3000.safetensors,1,4.981267,0.782578,0.061106,0.003764,0.0,0.007046,0.988915,0.739644,,0.782578
se_zb2,2,zero,3000,20260930-10-H51a,20260929-test_SE_zerobeta-seed2-replay-step3000.safetensors,2,5.014129,0.81634,0.066886,0.005148,1.4e-05,0.00813,0.98078,0.978352,,0.81634
se_zb2,2,zero,4000,20260930-10-H51a,20260929-test_SE_zerobeta-seed2-replay-step4000.safetensors,0,4.844896,1.230364,0.095629,0.005558,-6e-06,0.01497,0.985998,0.807919,,1.230364
se_zb2,2,zero,4000,20260930-10-H51a,20260929-test_SE_zerobeta-seed2-replay-step4000.safetensors,1,4.918122,0.841607,0.065948,0.003757,-3e-06,0.007547,0.986029,0.819217,,0.841607
se_zb2,2,zero,4000,20260930-10-H51a,20260929-test_SE_zerobeta-seed2-replay-step4000.safetensors,2,4.944057,0.874563,0.071853,0.005578,8e-06,0.008644,0.975868,1.0796,,0.874563
se_zb2,2,zero,5000,20260930-10-H51a,20260929-test_SE_zerobeta-seed2-replay-step5000.safetensors,0,4.809196,1.266005,0.098485,0.005743,-6e-06,0.015281,0.984574,0.841463,,1.266005
se_zb2,2,zero,5000,20260930-10-H51a,20260929-test_SE_zerobeta-seed2-replay-step5000.safetensors,1,4.885393,0.874416,0.068443,0.00359,-3e-06,0.007764,0.984343,0.861124,,0.874416
se_zb2,2,zero,5000,20260930-10-H51a,20260929-test_SE_zerobeta-seed2-replay-step5000.safetensors,2,4.90649,0.909553,0.074995,0.005771,6e-06,0.008912,0.972846,1.135632,,0.909553
se_zb2,2,zero,5004,20260930-10-H51a,20260929-test_SE_zerobeta-seed2-replay-step5004.safetensors,0,4.809076,1.265813,0.09848,0.005747,-6e-06,0.015281,0.984574,0.841446,,1.265813
se_zb2,2,zero,5004,20260930-10-H51a,20260929-test_SE_zerobeta-seed2-replay-step5004.safetensors,1,4.885274,0.874333,0.068455,0.00359,-3e-06,0.007764,0.98433,0.861454,,0.874333
se_zb2,2,zero,5004,20260930-10-H51a,20260929-test_SE_zerobeta-seed2-replay-step5004.safetensors,2,4.906367,0.909703,0.075012,0.005776,6e-06,0.008911,0.972836,1.135794,,0.909703
