arm,step,seed1_pElo,seed2_pElo,d_pElo,seed1_nll,seed2_nll,d_nll
sb,1000,879.16,845.4,-33.76,3.1516,3.2644,0.1128
sb,2000,1073.88,1056.46,-17.42,2.74,2.7614,0.0214
sb,3000,1160.8,1145.69,-15.11,2.5973,2.6435,0.0462
sb,4000,1184.73,1140.47,-44.26,2.5454,2.6243,0.0789
sb,5000,1240.7,1204.97,-35.73,2.4899,2.5365,0.0466
sb,6000,1267.58,1237.6,-29.98,2.471,2.5041,0.0331
sb,7000,1268.09,1261.38,-6.71,2.4642,2.4751,0.0109
att,1000,916.67,940.38,23.71,3.0519,2.9796,-0.0723
att,2000,1092.83,1097.56,4.73,2.7291,2.6894,-0.0397
att,3000,1149.34,1159.24,9.9,2.6292,2.5795,-0.0497
att,4000,1201.86,1176.41,-25.45,2.5424,2.572,0.0296
att,5000,1256.21,1228.28,-27.93,2.4921,2.5185,0.0264
att,6000,1259.31,1239.67,-19.64,2.4888,2.4944,0.0056
att,7000,1265.0,1263.96,-1.04,2.4707,2.4732,0.0025
none,1000,916.12,850.03,-66.09,3.1137,3.1595,0.0458
none,2000,1085.47,1140.47,55.0,2.677,2.6428,-0.0342
none,3000,1172.25,1163.41,-8.84,2.5701,2.595,0.0249
none,4000,1222.59,1245.36,22.77,2.5411,2.5147,-0.0264
none,5000,1246.91,1245.87,-1.04,2.5029,2.5136,0.0107
none,6000,1265.0,1263.45,-1.55,2.4813,2.4937,0.0124
none,7000,1297.51,1299.57,2.06,2.4513,2.4501,-0.0012
zb,1000,935.43,909.45,-25.98,3.0545,3.0961,0.0416
zb,2000,1071.25,1030.46,-40.79,2.7754,2.8317,0.0563
zb,3000,1111.19,1124.8,13.61,2.6512,2.686,0.0348
zb,4000,1204.45,1188.88,-15.57,2.5404,2.5709,0.0305
zb,5000,1228.8,1270.68,41.88,2.5233,2.4707,-0.0526
