channel,label,mirror,row_norm,bias,residual_norm,row_cos_mean_row,row_max_abs
0,Q-N1,0,1.32887,0,1.30817,0.181387,0.431641
1,Q-N2,1,1.32785,0,1.33503,0.028839,0.353516
2,Q-N3,2,1.46595,0,1.44419,0.180765,0.451172
3,Q-N4,3,1.37146,0,1.40247,-0.106269,0.498047
4,Q-N5,4,1.35065,0,1.37025,-0.0412912,0.527344
5,Q-N6,5,1.45015,0,1.43328,0.154937,0.441406
6,Q-N7,6,1.57783,0,1.59762,-0.0519451,0.462891
7,Q-NE1,49,1.45748,0,1.45421,0.0803155,0.488281
8,Q-NE2,50,1.59402,0,1.54223,0.337267,0.519531
9,Q-NE3,51,1.39473,0,1.35246,0.294145,0.585938
10,Q-NE4,52,1.21501,0,1.16206,0.359782,0.351562
11,Q-NE5,53,1.22059,0,1.23921,-0.0287921,0.382812
12,Q-NE6,54,1.26856,0,1.26071,0.114677,0.375
13,Q-NE7,55,1.38536,0,1.39008,0.0396314,0.453125
14,Q-E1,42,1.43235,0,1.42662,0.0949177,0.515625
15,Q-E2,43,1.40279,0,1.37987,0.189819,0.511719
16,Q-E3,44,1.36169,0,1.32353,0.273689,0.582031
17,Q-E4,45,1.53638,0,1.54035,0.0373053,0.484375
18,Q-E5,46,1.2848,0,1.27677,0.114808,0.408203
19,Q-E6,47,1.32178,0,1.33057,0.0202542,0.388672
20,Q-E7,48,1.48059,0,1.46439,0.149978,0.435547
21,Q-SE1,35,1.22338,0,1.22419,0.0698302,0.451172
22,Q-SE2,36,1.403,0,1.38282,0.174993,0.527344
23,Q-SE3,37,1.56677,0,1.55764,0.10808,0.570312
24,Q-SE4,38,1.41967,0,1.37454,0.308328,0.488281
25,Q-SE5,39,1.31776,0,1.31682,0.0741313,0.398438
26,Q-SE6,40,1.60866,0,1.57501,0.239709,0.511719
27,Q-SE7,41,1.55158,0,1.55721,0.0275622,0.648438
28,Q-S1,28,1.3868,0,1.3703,0.155805,0.492188
29,Q-S2,29,1.46091,0,1.41868,0.291185,0.439453
30,Q-S3,30,1.41288,0,1.35721,0.364512,0.453125
31,Q-S4,31,1.36148,0,1.34367,0.164111,0.371094
32,Q-S5,32,1.38825,0,1.37033,0.163401,0.333984
33,Q-S6,33,1.47539,0,1.44006,0.253645,0.546875
34,Q-S7,34,1.4557,0,1.41132,0.302905,0.423828
35,Q-SW1,21,1.49725,0,1.48891,0.106447,0.46875
36,Q-SW2,22,1.40943,0,1.39873,0.123115,0.396484
37,Q-SW3,23,1.3369,0,1.33531,0.0767609,0.400391
38,Q-SW4,24,1.40064,0,1.41178,0.00337732,0.550781
39,Q-SW5,25,1.37208,0,1.33228,0.281979,0.351562
40,Q-SW6,26,1.57856,0,1.5735,0.0853869,0.582031
41,Q-SW7,27,1.44387,0,1.43562,0.108169,0.4375
42,Q-W1,14,1.323,0,1.32129,0.0780842,0.474609
43,Q-W2,15,1.31379,0,1.3039,0.123338,0.445312
44,Q-W3,16,1.3354,0,1.34947,-0.00976731,0.367188
45,Q-W4,17,1.33316,0,1.32987,0.0862472,0.425781
46,Q-W5,18,1.37397,0,1.38165,0.0238276,0.443359
47,Q-W6,19,1.23458,0,1.24872,-0.00461101,0.494141
48,Q-W7,20,1.40842,0,1.42921,-0.050658,0.46875
49,Q-NW1,7,1.48672,0,1.50166,-0.0214721,0.408203
50,Q-NW2,8,1.32487,0,1.31237,0.13702,0.384766
51,Q-NW3,9,1.33327,0,1.37219,-0.149033,0.542969
52,Q-NW4,10,1.32834,0,1.30679,0.186031,0.466797
53,Q-NW5,11,1.32334,0,1.31127,0.134796,0.394531
54,Q-NW6,12,1.41976,0,1.37088,0.328306,0.667969
55,Q-NW7,13,1.29673,0,1.282,0.150686,0.421875
56,Kn-0(up-right),63,1.67191,0,1.63421,0.259453,0.535156
57,Kn-1(right-up),62,1.45781,0,1.47587,-0.0375742,0.423828
58,Kn-2(right-down),61,1.35802,0,1.35862,0.0636323,0.46875
59,Kn-3(down-right),60,1.59312,0,1.59326,0.0563024,0.527344
60,Kn-4(down-left),59,1.17723,0,1.1637,0.151193,0.308594
61,Kn-5(left-down),58,1.17165,0,1.1886,-0.0163759,0.425781
62,Kn-6(left-up),57,1.49059,0,1.46082,0.223152,0.443359
63,Kn-7(up-left),56,1.58482,0,1.58319,0.0663266,0.550781
64,UP-knight-fwd,64,1.41414,0,1.39913,0.146387,0.386719
65,UP-knight-capL,66,1.26749,0,1.24005,0.22104,0.363281
66,UP-knight-capR,65,1.26002,0,1.22949,0.238074,0.408203
67,UP-rook-fwd,67,1.39803,0,1.41836,-0.0476224,0.566406
68,UP-rook-capL,69,1.43665,0,1.39059,0.312587,0.476562
69,UP-rook-capR,68,1.45062,0,1.4108,0.278678,0.474609
70,UP-bishop-fwd,70,1.17719,0,1.18277,0.0464335,0.322266
71,UP-bishop-capL,72,1.18344,0,1.15787,0.21594,0.419922
72,UP-bishop-capR,71,1.12495,0,1.10203,0.205547,0.349609
73,QP-fwd,73,1.81758,0,1.80025,0.144837,0.675781
74,QP-capL,75,1.30792,0,1.27743,0.235298,0.46875
75,QP-capR,74,1.48616,0,1.46891,0.155489,0.515625
