channel,label,mirror,row_norm,bias,residual_norm,row_cos_mean_row,row_max_abs,row_rel_change,row_cos_ref,row_norm_ratio_ref,bias_delta
0,Q-N1,0,2.33765,-0.314453,2.1891,0.369638,1.44531,1.56563,0.467084,1.75912,-0.314453
1,Q-N2,1,2.19245,-0.242188,2.02303,0.410204,0.925781,1.53916,0.410994,1.65113,-0.242188
2,Q-N3,2,1.55291,-0.22168,1.42245,0.401738,0.90625,1.09766,0.432968,1.05932,-0.22168
3,Q-N4,3,1.50397,-0.289062,1.35152,0.441295,0.453125,1.20802,0.338883,1.09662,-0.289062
4,Q-N5,4,1.56506,-0.231445,1.44561,0.383199,0.664062,1.41988,0.140939,1.15874,-0.231445
5,Q-N6,5,1.89749,-0.19043,1.82737,0.272233,0.84375,1.34643,0.343625,1.30848,-0.19043
6,Q-N7,6,2.01673,-0.197266,1.98804,0.194839,1.25,1.3745,0.291225,1.27817,-0.197266
7,Q-NE1,49,2.20964,-0.160156,2.05227,0.390373,1.25781,1.25437,0.568913,1.51607,-0.160156
8,Q-NE2,50,1.71681,-0.129883,1.53472,0.463741,1.13281,1.16454,0.373179,1.07703,-0.129883
9,Q-NE3,51,1.62676,-0.267578,1.48515,0.41077,0.828125,1.21819,0.375701,1.16636,-0.267578
10,Q-NE4,52,1.5425,-0.238281,1.41247,0.402287,0.597656,1.27728,0.386069,1.26953,-0.238281
11,Q-NE5,53,1.86157,-0.217773,1.75622,0.33193,0.742188,1.90284,-0.0966281,1.52514,-0.217773
12,Q-NE6,54,1.57222,-0.147461,1.47568,0.346332,0.625,1.39196,0.24146,1.23938,-0.147461
13,Q-NE7,55,0.983903,-0.182617,0.910814,0.419629,0.375,1.02207,0.323684,0.710213,-0.182617
14,Q-E1,42,1.70216,0.0292969,1.54067,0.433798,0.738281,0.995506,0.597959,1.18837,0.0292969
15,Q-E2,43,1.77824,-0.134766,1.64793,0.378529,1.10938,1.15322,0.503693,1.26765,-0.134766
16,Q-E3,44,1.73004,-0.239258,1.58813,0.401012,0.664062,1.25495,0.409009,1.27051,-0.239258
17,Q-E4,45,1.6549,-0.228516,1.53239,0.378162,0.558594,1.15777,0.380547,1.07714,-0.228516
18,Q-E5,46,1.79475,-0.273438,1.72669,0.277689,0.789062,1.69706,0.0255354,1.3969,-0.273438
19,Q-E6,47,1.5615,-0.209961,1.49065,0.306498,0.585938,1.19195,0.412599,1.18136,-0.209961
20,Q-E7,48,1.60035,-0.177734,1.5294,0.302115,0.621094,1.21697,0.317934,1.08089,-0.177734
21,Q-SE1,35,1.70715,-0.310547,1.51696,0.476832,1.07031,1.35523,0.397933,1.39544,-0.310547
22,Q-SE2,36,1.64865,-0.271484,1.48963,0.435248,0.601562,1.13664,0.463325,1.17509,-0.271484
23,Q-SE3,37,1.52928,-0.243164,1.38968,0.418614,0.757812,0.986059,0.502218,0.976069,-0.243164
24,Q-SE4,38,1.63893,-0.259766,1.5188,0.376104,0.605469,1.16828,0.419193,1.15444,-0.259766
25,Q-SE5,39,1.52691,-0.209961,1.39569,0.405993,0.535156,1.22134,0.367194,1.15871,-0.209961
26,Q-SE6,40,1.13887,-0.185547,1.01319,0.460457,0.388672,0.98516,0.374785,0.707958,-0.185547
27,Q-SE7,41,0.883677,-0.167969,0.823908,0.432395,0.283203,0.938104,0.390082,0.569534,-0.167969
28,Q-S1,28,1.64064,-0.131836,1.47333,0.448674,0.609375,1.16802,0.43757,1.18304,-0.131836
29,Q-S2,29,1.59565,-0.170898,1.43152,0.448532,0.546875,1.05071,0.498513,1.09223,-0.170898
30,Q-S3,30,1.3952,-0.199219,1.25952,0.430202,0.478516,1.08547,0.403488,0.987487,-0.199219
31,Q-S4,31,1.1751,-0.291016,1.05966,0.437283,0.535156,1.14462,0.251874,0.863102,-0.291016
32,Q-S5,32,1.30373,-0.242188,1.19031,0.410268,0.53125,1.37241,-0.00082714,0.939121,-0.242188
33,Q-S6,33,1.364,-0.267578,1.22455,0.440532,0.462891,1.12162,0.3227,0.924501,-0.267578
34,Q-S7,34,1.24176,-0.197266,1.14012,0.402994,0.447266,1.11966,0.277842,0.853032,-0.197266
35,Q-SW1,21,1.65696,-0.181641,1.44884,0.508182,0.691406,1.13798,0.420046,1.10666,-0.181641
36,Q-SW2,22,1.69053,-0.277344,1.48834,0.496275,0.664062,1.18029,0.43586,1.19944,-0.277344
37,Q-SW3,23,1.6603,-0.239258,1.48651,0.456542,0.671875,1.31453,0.327852,1.2419,-0.239258
38,Q-SW4,24,1.60033,-0.261719,1.46203,0.408497,0.5,1.30764,0.260619,1.14257,-0.261719
39,Q-SW5,25,1.46209,-0.136719,1.32937,0.416466,0.574219,1.39657,0.0868522,1.0656,-0.136719
40,Q-SW6,26,1.15835,-0.197266,1.00518,0.497154,0.347656,0.983873,0.388702,0.733804,-0.197266
41,Q-SW7,27,0.913263,-0.178711,0.785111,0.525338,0.263672,0.898727,0.468261,0.632511,-0.178711
42,Q-W1,14,1.83198,-0.0177002,1.67933,0.40873,1.10156,1.31555,0.428528,1.38472,-0.0177002
43,Q-W2,15,1.89523,-0.0622559,1.7427,0.403504,0.699219,1.29464,0.486947,1.44257,-0.0622559
44,Q-W3,16,1.67623,-0.213867,1.51931,0.429283,0.722656,1.24943,0.404122,1.25523,-0.213867
45,Q-W4,17,1.497,-0.177734,1.36871,0.405161,0.453125,1.12587,0.442297,1.1229,-0.177734
46,Q-W5,18,1.81011,-0.173828,1.68915,0.361029,0.617188,1.35461,0.341821,1.31742,-0.173828
47,Q-W6,19,1.56682,-0.133789,1.42702,0.414551,0.53125,1.39496,0.261889,1.26911,-0.133789
48,Q-W7,20,1.46359,-0.194336,1.34605,0.392807,0.492188,1.17892,0.331999,1.03917,-0.194336
49,Q-NW1,7,1.88521,-0.429688,1.73502,0.400648,0.78125,1.12148,0.532395,1.26803,-0.429688
50,Q-NW2,8,1.73896,-0.157227,1.55656,0.462232,0.894531,1.34351,0.349616,1.31256,-0.157227
51,Q-NW3,9,1.48717,-0.242188,1.35379,0.414249,0.527344,1.05811,0.504107,1.11543,-0.242188
52,Q-NW4,10,1.49931,-0.145508,1.36462,0.414739,0.625,1.17612,0.394579,1.12871,-0.145508
53,Q-NW5,11,1.72145,-0.222656,1.62033,0.337739,0.683594,1.30257,0.382633,1.30083,-0.222656
54,Q-NW6,12,1.50622,-0.0961914,1.36395,0.425519,0.447266,1.113,0.417916,1.0609,-0.0961914
55,Q-NW7,13,0.830479,-0.144531,0.759851,0.470534,0.267578,0.976463,0.356539,0.64044,-0.144531
56,Kn-0(up-right),63,1.58923,-0.0234375,1.55127,0.249548,0.589844,0.910251,0.565455,0.950547,-0.0234375
57,Kn-1(right-up),62,1.57462,-0.10791,1.55259,0.224858,0.527344,1.22722,0.305794,1.08013,-0.10791
58,Kn-2(right-down),61,1.68681,-0.279297,1.58168,0.347528,0.828125,1.27508,0.36914,1.24212,-0.279297
59,Kn-3(down-right),60,1.66742,-0.207031,1.5819,0.318246,0.953125,1.04032,0.484015,1.04664,-0.207031
60,Kn-4(down-left),59,1.38617,-0.126953,1.26342,0.411705,0.816406,1.24954,0.350378,1.17749,-0.126953
61,Kn-5(left-down),58,1.62294,-0.113281,1.53619,0.324986,0.742188,1.2452,0.493868,1.38518,-0.113281
62,Kn-6(left-up),57,1.61624,-0.0678711,1.53774,0.312485,0.535156,1.01418,0.528978,1.08429,-0.0678711
63,Kn-7(up-left),56,1.58497,0.0437012,1.53259,0.273732,0.550781,1.04607,0.452922,1.0001,0.0437012
64,UP-knight-fwd,64,1.15374,-0.185547,1.07182,0.389969,0.535156,1.12856,0.240224,0.81586,-0.185547
65,UP-knight-capL,66,0.707145,-0.151367,0.599219,0.586857,0.225586,0.776513,0.634771,0.557911,-0.151367
66,UP-knight-capR,65,0.681416,-0.126953,0.608337,0.551059,0.219727,0.793933,0.612181,0.540796,-0.126953
67,UP-rook-fwd,67,1.15781,-0.137695,1.0732,0.393302,0.542969,1.10495,0.280714,0.82817,-0.137695
68,UP-rook-capL,69,0.708772,-0.112793,0.604512,0.580661,0.253906,0.811948,0.592009,0.49335,-0.112793
69,UP-rook-capR,68,0.711536,-0.118164,0.656555,0.505128,0.195312,0.76836,0.662805,0.490506,-0.118164
70,UP-bishop-fwd,70,1.14289,-0.217773,1.06046,0.393154,0.539062,1.01376,0.471167,0.970867,-0.217773
71,UP-bishop-capL,72,0.591444,-0.158203,0.561817,0.549041,0.180664,0.8583,0.513328,0.499766,-0.158203
72,UP-bishop-capR,71,0.56153,-0.173828,0.488862,0.641737,0.158203,0.881696,0.472567,0.499162,-0.173828
73,QP-fwd,73,1.45108,-0.212891,1.32215,0.412102,0.625,0.864803,0.557076,0.79836,-0.212891
74,QP-capL,75,1.31156,-0.185547,1.17369,0.446331,0.546875,1.10581,0.390293,1.00278,-0.185547
75,QP-capR,74,1.35126,-0.19043,1.20845,0.44754,0.550781,1.18419,0.23338,0.909228,-0.19043
