channel,label,mirror,row_norm,bias,residual_norm,row_cos_mean_row,row_max_abs,static_logit_level,indep_logit_std_estimate,residual_logit_std_estimate,feature_rounding_noise,row_rel_change,row_cos_ref,row_norm_ratio_ref,bias_delta,row_velocity_norm,row_velocity_cos_w,bias_velocity
0,Q-N1,0,2.0526,0.474057,2.00511,0.219664,0.825503,3.85204,1.43014,1.38744,0.00399258,1.083,0.682705,1.48207,0.474057,0.239683,-0.542802,-0.0168605
1,Q-N2,1,2.25786,0.153257,2.18008,0.296684,0.648437,1.93484,1.49552,1.43731,0.00415527,1.11171,0.740024,1.6252,0.153257,0.149531,-0.535733,-0.0118409
2,Q-N3,2,1.89949,-0.00462189,1.82671,0.296707,0.634464,0.813585,1.27571,1.22193,0.00351404,0.719469,0.815641,1.24332,-0.00462189,0.0344114,0.397119,0.00129748
3,Q-N4,3,1.78523,-0.0556028,1.74176,0.220841,0.637848,0.699559,1.21465,1.17738,0.00333986,0.738514,0.822624,1.29391,-0.0556028,0.0272555,0.122143,0.000596611
4,Q-N5,4,1.87614,-0.0569102,1.84638,0.177603,0.554711,0.475841,1.27463,1.24907,0.00351181,0.773365,0.805667,1.30285,-0.0569102,0.0401596,-0.334787,-0.00146895
5,Q-N6,5,1.97962,-0.00133902,1.94809,0.177801,0.644172,-0.521286,1.31781,1.29507,0.00363239,0.799043,0.813455,1.36134,-0.00133902,0.0139612,-0.240574,-0.0003045
6,Q-N7,6,1.90605,-0.0428862,1.88528,0.150652,0.668576,-0.0136128,1.28887,1.26873,0.00353336,0.867179,0.800962,1.42829,-0.0428862,0.0753502,0.35019,0.00290716
7,Q-NE1,49,1.8265,0.0877695,1.77481,0.241689,0.645497,2.5104,1.22092,1.17792,0.00337954,0.893032,0.74063,1.32888,0.0877695,0.0848904,0.17475,0.00118545
8,Q-NE2,50,1.7245,0.00774044,1.66326,0.273754,0.433474,1.30877,1.12363,1.0793,0.00310481,0.809751,0.789232,1.31704,0.00774044,0.0751032,-0.437486,-0.00327504
9,Q-NE3,51,1.75081,0.00839974,1.67545,0.311262,0.79275,0.941369,1.17731,1.12112,0.00324543,0.851915,0.735906,1.25293,0.00839974,0.0544874,-0.41747,-0.00207548
10,Q-NE4,52,1.8098,-0.0543172,1.76554,0.221775,0.681044,0.327433,1.17606,1.14944,0.00323313,0.702106,0.851383,1.31808,-0.0543172,0.0242259,-0.392096,-0.000685325
11,Q-NE5,53,1.90537,-0.00482425,1.86376,0.20958,0.539309,0.181369,1.23909,1.2118,0.00341172,0.824537,0.800198,1.36604,-0.00482425,0.00849941,-0.1664,-0.000121466
12,Q-NE6,54,1.48383,-0.000803853,1.43287,0.261171,0.39852,0.634775,0.985627,0.954011,0.00272043,0.736284,0.756291,1.09406,-0.000803853,0.0222623,-0.463471,-0.000977035
13,Q-NE7,55,1.33602,-0.0167252,1.28253,0.280856,0.323065,0.294888,0.869225,0.831436,0.00239283,0.206102,0.979302,0.940447,-0.0167252,0.000875059,0.184007,3.34499e-05
14,Q-E1,42,1.67268,0.0742996,1.63175,0.220183,0.530029,2.00077,1.08169,1.05566,0.00298376,0.668,0.818108,1.158,0.0742996,0.176576,0.463905,0.00796109
15,Q-E2,43,1.77757,0.0049034,1.72062,0.258906,0.751396,1.17799,1.15603,1.12158,0.00318332,0.759497,0.800942,1.26822,0.0049034,0.0755495,0.29196,0.00237103
16,Q-E3,44,1.77115,-0.0419216,1.70222,0.292466,0.531103,0.67098,1.17079,1.1272,0.00322702,0.496085,0.89753,1.12482,-0.0419216,0.029957,0.025406,9.06686e-05
17,Q-E4,45,1.79719,-0.0562168,1.73743,0.265668,0.488817,0.341329,1.18417,1.14992,0.003256,0.733182,0.802493,1.22858,-0.0562168,0.0224186,-0.157189,-3.87373e-05
18,Q-E5,46,1.72127,-0.0575379,1.66577,0.258012,0.438916,0.505902,1.15008,1.11403,0.00316882,0.909388,0.761737,1.39988,-0.0575379,0.02785,-0.396416,-0.00105745
19,Q-E6,47,1.71696,-0.0713185,1.72659,0.0736261,0.511347,-0.0632309,1.15047,1.15853,0.00316449,0.651709,0.840931,1.2041,-0.0713185,0.016724,0.161439,0.000418745
20,Q-E7,48,1.57429,-0.0471289,1.56362,0.141103,0.457393,0.0892824,1.04459,1.03881,0.00287171,0.656671,0.847303,1.23349,-0.0471289,0.00470427,-0.480687,-3.93504e-05
21,Q-SE1,35,1.68835,0.069477,1.62525,0.280983,0.678376,1.68353,1.152,1.10005,0.00319312,0.667614,0.805463,1.11284,0.069477,0.197757,0.409282,0.00788687
22,Q-SE2,36,1.67356,-0.0260419,1.60579,0.294769,0.412933,1.04677,1.11215,1.05908,0.00306228,0.70139,0.816992,1.21627,-0.0260419,0.0245611,0.247564,0.000503473
23,Q-SE3,37,1.70251,-0.0144632,1.65386,0.240004,0.549866,0.704814,1.12686,1.0887,0.00308857,0.64762,0.833526,1.17143,-0.0144632,0.0594906,-0.342261,-0.00218648
24,Q-SE4,38,1.72749,0.00328213,1.66582,0.274763,0.406203,0.228555,1.10184,1.05646,0.00303273,0.649055,0.831864,1.16842,0.00328213,0.0543954,0.32614,0.00190836
25,Q-SE5,39,1.53721,-0.0184064,1.49488,0.233147,0.425495,0.109577,1.01041,0.982311,0.00277979,0.55444,0.881077,1.17039,-0.0184064,0.00828495,0.238816,0.000312977
26,Q-SE6,40,1.47617,-0.0335454,1.43578,0.232339,0.342624,0.483613,0.949978,0.917132,0.00261881,0.363845,0.933538,0.995794,-0.0335454,0.00154884,-0.288568,1.36841e-05
27,Q-SE7,41,1.31377,-0.0567572,1.28455,0.215466,0.289148,0.821998,0.842376,0.824369,0.00232541,0.237626,0.972822,0.919448,-0.0567572,0.000683519,-0.131073,1.78102e-05
28,Q-S1,28,1.59283,0.046205,1.51695,0.322075,0.518248,1.42537,1.04698,0.995487,0.00288647,0.796651,0.750312,1.19486,0.046205,0.0738679,-0.0337452,0.000438845
29,Q-S2,29,1.67948,-0.045932,1.60087,0.324182,0.538145,0.636418,1.10947,1.05608,0.00305626,0.709286,0.812262,1.21582,-0.045932,0.104108,0.351606,0.00365064
30,Q-S3,30,1.67486,-0.0303705,1.60298,0.305975,0.43827,0.511535,1.08885,1.04041,0.00299468,0.698792,0.807202,1.18121,-0.0303705,0.0202911,0.148856,0.00026391
31,Q-S4,31,1.61601,-0.0402793,1.55374,0.283139,0.469166,0.366179,1.06454,1.02552,0.00293263,0.612567,0.851177,1.16699,-0.0402793,0.0148013,0.307555,0.000418268
32,Q-S5,32,1.66983,-0.0303519,1.63754,0.196114,0.419536,0.400335,1.07875,1.06168,0.00296575,0.537627,0.879191,1.12823,-0.0303519,0.035178,-0.296704,-0.00103642
33,Q-S6,33,1.63312,-0.0383078,1.57216,0.278431,0.449062,-0.202073,1.08115,1.04123,0.00297334,0.469026,0.898337,1.06264,-0.0383078,0.00922732,0.0963876,0.000246012
34,Q-S7,34,1.5658,-0.0383783,1.5281,0.218169,0.322619,-0.173193,1.04225,1.02082,0.00287356,0.419134,0.915848,1.03606,-0.0383783,0.0148556,-0.375645,-0.000405012
35,Q-SW1,21,1.66343,0.0163295,1.59268,0.303593,0.467387,1.71345,1.09696,1.04108,0.00304509,0.697799,0.796811,1.14585,0.0163295,0.0519198,-0.219221,0.000175917
36,Q-SW2,22,1.70699,-0.0132248,1.63514,0.30404,0.38096,0.722077,1.11353,1.06341,0.00307251,0.615662,0.857244,1.19474,-0.0132248,0.0218232,0.156819,3.93423e-05
37,Q-SW3,23,1.57461,-0.0337096,1.52116,0.26149,0.377951,0.650888,1.04176,1.00175,0.00287492,0.657574,0.831979,1.18496,-0.0337096,0.0140111,0.0049042,0.00025756
38,Q-SW4,24,1.68248,-0.0383753,1.63575,0.235829,0.537653,0.377763,1.10649,1.07832,0.00304606,0.532253,0.879089,1.11592,-0.0383753,0.0312899,-0.375186,-0.00104193
39,Q-SW5,25,1.61452,-0.0337466,1.56993,0.234144,0.334794,0.448653,1.05924,1.02729,0.0029216,0.461673,0.903628,1.07592,-0.0337466,0.00357827,-0.0119009,0.000134202
40,Q-SW6,26,1.31737,-0.0188055,1.25904,0.29598,0.334782,0.0252763,0.865852,0.827971,0.00238533,0.345219,0.940374,0.999363,-0.0188055,0.00767111,-0.387331,-0.000254002
41,Q-SW7,27,1.12631,-0.0316515,1.06912,0.314661,0.242199,0.597287,0.725355,0.685151,0.00199803,0.271208,0.963022,0.931959,-0.0316515,0.00947904,-0.27218,-0.00027418
42,Q-W1,14,1.60884,0.0625038,1.57185,0.213228,0.571514,1.99071,1.02635,1.00032,0.00284056,0.712085,0.783993,1.13286,0.0625038,0.114943,0.495467,0.00566788
43,Q-W2,15,1.71128,0.00731457,1.65766,0.253351,0.598949,1.09119,1.09698,1.06407,0.00302407,0.785176,0.778763,1.25096,0.00731457,0.106285,0.419363,0.00484422
44,Q-W3,16,1.84465,-0.00870634,1.77595,0.288053,0.539298,0.462454,1.2161,1.17366,0.00335278,0.697175,0.815825,1.20521,-0.00870634,0.0245781,-0.16235,-0.000203897
45,Q-W4,17,1.7135,-0.0425686,1.68516,0.182309,0.678151,0.48195,1.11152,1.08755,0.00305751,0.741986,0.812696,1.27206,-0.0425686,0.0122773,0.0670014,0.000123766
46,Q-W5,18,1.89111,-0.0198305,1.83018,0.264278,0.587663,0.139806,1.25056,1.2121,0.00344917,0.703164,0.828658,1.25423,-0.0198305,0.00822336,-0.37749,-4.66586e-05
47,Q-W6,19,1.75944,-0.0540869,1.72087,0.208526,0.383302,0.385556,1.16481,1.13755,0.0032177,0.579648,0.863629,1.14972,-0.0540869,0.00828769,-0.0945072,5.40008e-05
48,Q-W7,20,1.65187,-0.0429905,1.61809,0.20142,0.370057,0.11711,1.07447,1.05794,0.00295322,0.582313,0.849163,1.09445,-0.0429905,0.00491974,0.00696505,0.00015926
49,Q-NW1,7,1.96534,0.156059,1.8969,0.281753,0.693336,2.28959,1.30013,1.25242,0.00360981,0.932878,0.755269,1.41912,0.156059,0.255439,-0.3929,-0.0121276
50,Q-NW2,8,1.6309,0.0438192,1.59587,0.206264,0.428246,1.61476,1.07922,1.0484,0.00298253,0.800945,0.773939,1.26434,0.0438192,0.0397684,-0.387232,-0.00110341
51,Q-NW3,9,1.77561,-0.00696665,1.73533,0.212424,0.530738,0.995255,1.1656,1.13826,0.00321848,0.645338,0.834461,1.1703,-0.00696665,0.0499196,-0.406567,-0.00191554
52,Q-NW4,10,1.80315,-0.0372419,1.76898,0.193754,0.529895,0.596227,1.18334,1.15851,0.00325719,0.768891,0.804068,1.29163,-0.0372419,0.0466969,0.446547,0.00242656
53,Q-NW5,11,1.75591,-0.0336046,1.71966,0.202181,0.476155,0.335184,1.15342,1.13656,0.0031754,0.714682,0.829112,1.2743,-0.0336046,0.0290527,-0.460968,-0.00137949
54,Q-NW6,12,1.64626,-0.00259449,1.61288,0.200638,0.367624,-0.0946203,1.06773,1.04705,0.00294379,0.490395,0.896582,1.10717,-0.00259449,0.0046272,0.203593,0.000210432
55,Q-NW7,13,1.31196,-0.0197615,1.31858,0.113565,0.29439,0.129062,0.839122,0.845096,0.00231377,0.17716,0.986905,0.913646,-0.0197615,0.0012355,-0.16663,-4.31475e-05
56,Kn-0(up-right),63,1.69883,0.137019,1.67609,0.167327,0.589608,1.76037,1.14599,1.12641,0.00317465,0.645812,0.840644,1.19243,0.137019,0.101251,0.550168,0.00594101
57,Kn-1(right-up),62,1.725,0.0534378,1.69988,0.172526,0.607431,1.52671,1.1413,1.12393,0.00316416,0.645012,0.837898,1.18158,0.0534378,0.0612102,0.49292,0.0026291
58,Kn-2(right-down),61,1.75952,0.0190736,1.73065,0.181191,0.477524,1.29852,1.156,1.13769,0.00320353,0.593212,0.873483,1.21241,0.0190736,0.0367223,0.348433,0.00166099
59,Kn-3(down-right),60,1.75529,-0.00424773,1.72844,0.175695,0.618196,0.894719,1.15691,1.13357,0.00319449,0.738717,0.826873,1.30585,-0.00424773,0.0174259,0.194061,0.000558809
60,Kn-4(down-left),59,1.66345,0.0095771,1.64092,0.168906,0.461814,1.07937,1.06769,1.05207,0.00294354,0.640233,0.846988,1.20376,0.0095771,0.0418547,0.405726,0.00194167
61,Kn-5(left-down),58,1.72403,-0.0153978,1.71686,0.121498,0.536395,1.42124,1.11891,1.11319,0.00308947,0.669469,0.822976,1.1772,-0.0153978,0.0398211,0.467437,0.00158398
62,Kn-6(left-up),57,1.76116,0.100083,1.71399,0.232543,0.534291,1.51065,1.15308,1.12178,0.00319391,0.664007,0.827167,1.18088,0.100083,0.141987,0.50187,0.00732047
63,Kn-7(up-left),56,1.70504,0.107153,1.68485,0.159714,0.575761,1.68222,1.13308,1.12228,0.00313958,0.611283,0.846374,1.1464,0.107153,0.118988,-0.594618,-0.007293
64,UP-knight-fwd,64,1.47231,0.00213959,1.48721,0.0751715,0.482254,0.706884,0.976361,0.984323,0.00269153,0.536353,0.863827,1.04787,0.00213959,0.00265591,-0.479646,-0.000113808
65,UP-knight-capL,66,1.24877,-0.0254673,1.27193,0.0721989,0.28388,-0.700302,0.800402,0.82106,0.00220723,0.118956,0.997197,0.904721,-0.0254673,0.000100547,-0.000225024,-1.90369e-06
66,UP-knight-capR,65,1.27428,-0.0584989,1.27834,0.124871,0.307022,-0.201759,0.803209,0.808524,0.00221148,0.203373,0.984421,0.882217,-0.0584989,0.000705184,0.0231161,-2.67122e-05
67,UP-rook-fwd,67,1.50612,-0.00138112,1.5204,0.0743188,0.443159,0.815916,0.985644,0.991328,0.00271662,0.472851,0.892873,1.03713,-0.00138112,0.00516409,-0.488574,-0.000211588
68,UP-rook-capL,69,1.29557,-0.0163445,1.37608,-0.104211,0.295253,-0.947062,0.827738,0.879392,0.00228139,0.109639,0.99868,0.901821,-0.0163445,0.000454671,0.0999108,-1.69964e-05
69,UP-rook-capR,68,1.24493,-0.051878,1.29501,-0.00698762,0.362853,-0.0814142,0.808988,0.844531,0.00223197,0.173621,0.989518,0.89313,-0.051878,0.000617217,-0.112245,-2.18015e-05
70,UP-bishop-fwd,70,1.46287,0.00492589,1.46433,0.114776,0.401635,0.332876,0.95203,0.95108,0.00262518,0.501379,0.875966,1.0127,0.00492589,0.00223305,-0.476211,-8.75555e-05
71,UP-bishop-capL,72,1.19149,-0.0520501,1.22289,0.0546558,0.28341,-0.47256,0.77329,0.800797,0.00213815,0.217699,0.981314,0.879482,-0.0520501,9.93489e-05,0.0904022,-9.57306e-07
72,UP-bishop-capR,71,1.37869,-0.017389,1.40249,0.0572309,0.405868,-0.894282,0.889062,0.91237,0.00245179,0.103139,0.998848,0.90755,-0.017389,0.000712665,0.0375054,-2.85154e-05
73,QP-fwd,73,1.75537,-0.00244879,1.75507,0.0999841,0.467951,0.178588,1.16335,1.16284,0.00321457,0.472745,0.915708,1.16473,-0.00244879,0.0119089,0.368462,0.000449751
74,QP-capL,75,1.56626,-0.0286937,1.56696,0.109081,0.356125,0.764199,1.02037,1.02272,0.00281452,0.474018,0.8978,1.07312,-0.0286937,0.00416943,0.415741,0.000238674
75,QP-capR,74,1.53468,-0.0491614,1.53288,0.118557,0.383265,0.50083,1.00127,1.00429,0.00276048,0.432128,0.910394,1.0351,-0.0491614,0.0105433,-0.500586,-0.000376937
