k,gamma,beta,running_mean,running_var,on_ratio,p_on,act_mean,act_std,act_second,pre_row_norm,final_col_norm,effective_contribution,mean_over_std,bn_input_rounding_noise,dead,mostly_off,flat,always_on,negative_gamma,mean_row_component,shared_contribution,column_shared_fraction,pre_row_rel_change,pre_row_cos_ref,pre_row_norm_ratio_ref,gamma_delta,beta_delta,final_col_rel_change,pre_row_velocity_norm,pre_row_velocity_cos_w,gamma_velocity,beta_velocity,final_col_velocity_norm
0,1.00692,0.0121172,0.253035,0.929979,0.0120338,0.504801,0.409837,0.590626,0.516806,1.40344,0.970202,0.573027,0.262388,0.0024656,0,0,0,0,0,-0.0204435,-0.00837852,0.183696,0.272574,0.962946,0.923419,0.00692356,0.0121172,0.359953,0.0130758,-0.000935303,0.000710511,-0.000486615,0.0152766
1,1.03863,0.0357831,1.07381,0.763687,0.0344523,0.513742,0.434383,0.617358,0.56982,1.41864,1.13953,0.703497,1.22876,0.00435305,0,0,0,0,0,-0.00464649,-0.00201836,0.0355473,0.374876,0.927132,0.937421,0.0386271,0.0357831,0.523577,0.0361589,-0.000395449,-0.00831512,-0.00411142,0.0495487
2,1.01008,0.00977626,-0.975065,1.44702,0.00967874,0.503861,0.409931,0.591651,0.518094,1.21646,0.989399,0.585379,0.810581,0.00353629,0,0,0,0,0,-0.0342499,-0.0140401,0.301783,0.171447,0.988405,0.908793,0.010076,0.00977626,0.160813,0.00210876,-9.90667e-05,-0.00020681,2.34139e-05,0.00259886
3,1.04349,-0.0129422,-0.298477,1.09866,-0.0124028,0.495052,0.41197,0.603296,0.533685,1.4848,1.36461,0.823261,0.28476,0.0025093,0,0,0,0,0,0.0387078,0.0159464,0.247285,0.363826,0.931669,0.95108,0.043487,-0.0129422,0.570628,0.0340741,-0.00104491,-0.0118145,-0.00528997,0.0398861
4,0.989461,-0.00674024,0.334383,0.666228,-0.00681203,0.497282,0.393406,0.573953,0.48419,1.40718,1.05761,0.60702,0.409669,0.00275326,0,0,0,0,0,0.00651068,0.00256134,0.0536669,0.379119,0.925449,0.939137,-0.0105391,-0.00674024,0.464992,0.0270402,-0.000911766,0.000431031,0.000961215,0.039282
5,1.05338,0.111873,-0.319116,0.924323,0.106203,0.54229,0.478346,0.653272,0.655579,1.41579,1.50024,0.980063,0.331922,0.00260141,0,0,0,0,0,0.048172,0.0230429,0.279925,0.487574,0.882288,1.00941,0.0533838,0.111873,0.59698,0.0355234,-0.00129161,-0.00766601,7.01516e-05,0.0548902
6,1.18498,-0.00697613,0.394015,0.864914,-0.00588716,0.497651,0.47169,0.68774,0.695477,1.39562,1.51243,1.04016,0.423669,0.0027806,0,0,0,0,0,0.0478202,0.0225563,0.27564,0.524042,0.86,0.979246,0.184975,-0.00697613,0.716507,0.0297603,-0.00135427,-0.00799834,-0.00269534,0.0481227
7,0.904917,0.0125945,0.228825,0.758178,0.0139178,0.505552,0.369171,0.531385,0.418657,1.34393,1.11107,0.590404,0.262796,0.0024664,0,0,0,0,0,-0.0014536,-0.000536626,0.0114054,0.444373,0.900393,0.990805,-0.0950833,0.0125945,0.537232,0.0321471,-0.00132659,-0.0116443,-0.00428608,0.0422312
8,0.908224,0.0296477,0.05215,1.77272,0.0326436,0.513021,0.379024,0.539269,0.43447,1.51198,0.948924,0.511726,0.0391683,0.00202963,0,0,0,0,0,-0.00401875,-0.0015232,0.0369204,0.255061,0.967924,0.923964,-0.091776,0.0296477,0.439921,0.013763,-0.000711396,-0.000824539,-0.000698295,0.0259094
9,1.1522,0.0658274,-0.632531,0.800531,0.0571321,0.52278,0.494947,0.694119,0.726773,1.52854,1.31572,0.913266,0.706956,0.0033339,0,0,0,0,0,0.0281722,0.0139438,0.186666,0.366068,0.931128,0.962817,0.152196,0.0658274,0.696369,0.0383628,-0.00186913,0.0059927,0.00105128,0.0608263
10,1.02832,0.0246083,-0.532401,0.898159,0.0239306,0.509546,0.424663,0.607437,0.549318,1.33773,1.02676,0.623694,0.561775,0.00305034,0,0,0,0,0,-0.00406843,-0.00172771,0.0345433,0.337359,0.941381,0.944349,0.0283196,0.0246083,0.47116,0.0201015,-0.00163487,-0.00949048,-0.00109905,0.0407793
11,1.20601,0.135852,-0.641717,1.38449,0.112646,0.544844,0.551538,0.750773,0.867853,1.49542,1.64016,1.23139,0.54538,0.00301832,0,0,0,0,0,0.0447044,0.0246562,0.237614,0.486154,0.88712,1.03985,0.206007,0.135852,0.872496,0.0634259,-0.0019531,-0.0252293,-0.00926681,0.0684997
12,1.32036,0.0774813,0.244037,1.00519,0.0586818,0.523397,0.568209,0.796157,0.956728,1.45697,1.45686,1.15989,0.243407,0.00242853,0,0,0,0,0,0.0215323,0.0122349,0.128848,0.436998,0.904274,0.997437,0.320363,0.0774813,0.974169,0.0331647,-0.00171458,-0.00379585,-0.00100033,0.0535528
13,1.0292,0.0802513,0.0173379,1.0987,0.0779747,0.531076,0.452836,0.627713,0.599084,1.43514,1.22869,0.771266,0.0165408,0.00198543,0,0,0,0,0,0.00330982,0.0014988,0.0234838,0.347441,0.937856,0.954864,0.0291963,0.0802513,0.547216,0.0317399,-0.000988643,-0.00402496,-0.00268915,0.0434394
14,1.08859,-0.00537383,0.084363,0.660032,-0.00493648,0.498031,0.433842,0.632158,0.587842,1.21978,1.17786,0.744594,0.103841,0.00215594,0,0,0,0,0,-0.0110317,-0.00478603,0.0816499,0.419541,0.9085,0.945733,0.0885949,-0.00537383,0.387128,0.0349511,-0.000787746,0.00324079,0.00295227,0.0201197
15,1.02435,0.0129132,0.510003,0.713585,0.0126063,0.505029,0.417223,0.601051,0.535337,1.31288,1.3046,0.784133,0.60374,0.0031323,0,0,0,0,0,0.0169137,0.0070568,0.113023,0.437834,0.902326,0.979073,0.024349,0.0129132,0.622009,0.0327524,-0.00160791,0.010585,0.00255174,0.0517034
16,1.09863,0.0629506,-0.279281,0.879722,0.0572989,0.522846,0.47203,0.661917,0.660947,1.45074,1.23373,0.81663,0.297762,0.00253469,0,0,0,0,0,-0.0155549,-0.0073424,0.109914,0.429255,0.904031,0.943167,0.0986347,0.0629506,0.597205,0.0220227,-0.00038405,-0.00288557,-0.00207768,0.0411141
17,1.04432,-0.0339733,0.104162,0.881303,-0.0325313,0.487024,0.40179,0.596653,0.51743,1.37566,1.18922,0.709551,0.110955,0.00216983,0,0,0,0,0,0.00094216,0.000378551,0.00690669,0.387478,0.921913,0.929835,0.044325,-0.0339733,0.555509,0.0244309,-0.000687099,0.00459238,0.00252202,0.0368682
18,1.06489,0.0474806,0.0466177,0.830167,0.0445873,0.517782,0.450764,0.636778,0.608675,1.4618,1.29902,0.827185,0.0511644,0.00205306,0,0,0,0,0,-0.00924906,-0.00416915,0.0620712,0.331345,0.943545,0.95177,0.0648919,0.0474806,0.540601,0.0225779,-0.000869118,-0.000146423,0.000840791,0.0387368
19,1.16261,-0.0520142,1.35516,0.668026,-0.0447393,0.482158,0.440201,0.659472,0.62868,1.36961,1.44194,0.950919,1.65803,0.00519147,0,0,0,0,0,0.0018311,0.000806051,0.0110706,0.467926,0.890162,0.996665,0.162606,-0.0520142,0.747808,0.0308132,-0.00113388,-0.00515481,5.94127e-05,0.0533448
20,1.08255,0.0540285,-0.439773,1.24792,0.0499086,0.519902,0.461119,0.649379,0.634323,1.37374,1.21743,0.790574,0.393673,0.00272202,0,0,0,0,0,-0.0105544,-0.00486685,0.0755784,0.36746,0.930388,0.955842,0.0825485,0.0540285,0.645234,0.0229268,-0.00139242,0.003784,0.000843921,0.0429152
21,0.987342,-0.0124696,0.663422,0.917737,-0.0126295,0.494962,0.389692,0.570759,0.477626,1.27758,1.13702,0.648962,0.692517,0.0033057,0,0,0,0,0,0.00851666,0.00331887,0.0652995,0.364798,0.931095,0.927099,-0.0126579,-0.0124696,0.370747,0.0157229,-0.00147625,0.00133615,0.000597892,0.0229884
22,1.04475,0.0272721,-0.465042,0.841806,0.026104,0.510413,0.432582,0.617935,0.56897,1.35162,1.21926,0.753422,0.506858,0.00294308,0,0,0,0,0,-0.0202333,-0.00875254,0.14467,0.387254,0.9223,0.946832,0.0447464,0.0272721,0.496164,0.0375456,-0.00099603,0.000671548,-0.00208876,0.0418972
23,1.26529,-0.0325674,-0.59523,0.919713,-0.0257391,0.489733,0.491101,0.725797,0.767961,1.3813,1.55914,1.13162,0.620667,0.00316537,0,0,0,0,0,0.0271256,0.0133214,0.15167,0.501473,0.877166,1.02172,0.26529,-0.0325674,0.826101,0.0367274,-0.00196029,0.00139931,0.00293543,0.0567883
24,0.987953,0.00276988,-0.270165,1.12275,0.00280365,0.501118,0.397557,0.576345,0.490224,1.31182,1.03844,0.598497,0.254969,0.00245111,0,0,0,0,0,0.00461953,0.00183652,0.0387815,0.343006,0.939343,0.935034,-0.0120468,0.00276988,0.622582,0.0310343,-0.000775294,0.0136701,0.00500561,0.0298651
25,1.02811,0.014868,0.16762,1.00949,0.0144615,0.505769,0.419708,0.60392,0.540874,1.37718,1.2514,0.755746,0.16683,0.00227897,0,0,0,0,0,-0.00336079,-0.00141055,0.0234127,0.479311,0.883146,0.981568,0.0281093,0.014868,0.493124,0.0413182,-0.00195395,-0.00178308,0.000645209,0.0411202
26,1.09138,0.00809224,-0.322249,0.581488,0.00741466,0.502958,0.441694,0.638422,0.602676,1.30921,1.28419,0.819855,0.422591,0.0027785,0,0,0,0,0,0.00956336,0.00422408,0.0649214,0.434504,0.902553,0.960828,0.0913844,0.00809224,0.769995,0.0294338,-0.00182446,-0.000701207,-0.00111571,0.0477306
27,1.04994,-0.0365002,0.700392,0.58718,-0.034764,0.486134,0.40278,0.599075,0.521122,1.23627,1.05609,0.632679,0.91402,0.00373832,0,0,0,0,0,-0.00916203,-0.00369028,0.0756304,0.568664,0.834466,0.974862,0.0499442,-0.0365002,0.450495,0.040686,-0.00131836,0.00466459,0.00211641,0.0225365
28,1.11234,0.0994162,-0.865497,0.638321,0.0893758,0.535608,0.495758,0.68301,0.712279,1.38884,1.17784,0.804479,1.08329,0.00406893,0,0,0,0,0,-0.0436494,-0.0216395,0.323071,0.426847,0.904557,0.925079,0.112338,0.0994162,0.515164,0.0245808,-0.00104368,-0.00273866,-0.00170969,0.0287743
29,1.04137,0.0413995,-0.396068,0.827149,0.039755,0.515856,0.43829,0.620931,0.577654,1.34357,1.45445,0.903112,0.435489,0.00280369,0,0,0,0,0,0.0341734,0.0149778,0.204831,0.433085,0.904857,0.984415,0.0413651,0.0413995,0.724224,0.0362242,-0.00199982,-0.00727584,-0.001724,0.0443969
30,1.0284,0.235106,-0.436066,1.8974,0.228613,0.590415,0.537518,0.67959,0.750768,1.36098,1.28609,0.874011,0.316572,0.00257143,0,0,0,0,0,0.0076457,0.0041097,0.0518268,0.543711,0.861519,1.05604,0.0283996,0.235106,0.837663,0.0297014,-0.00161505,0.0157668,0.00794953,0.0379569
31,1.11675,0.0750682,-1.39216,1.91112,0.0672201,0.526797,0.485355,0.676795,0.69362,1.47502,1.21266,0.820719,1.00704,0.00391999,0,0,0,0,0,-0.0188108,-0.00912989,0.135231,0.319708,0.947547,0.939869,0.116753,0.0750682,0.563082,0.0263915,-4.42306e-05,0.0142606,0.00460489,0.0273521
32,1.17468,-0.109142,0.245975,0.658548,-0.0929123,0.462987,0.416477,0.647775,0.593066,1.28522,1.48534,0.962166,0.303108,0.00254513,0,0,0,0,0,0.0552382,0.0230054,0.324205,0.554727,0.847797,1.01053,0.174676,-0.109142,0.827549,0.0477531,-0.00107779,-0.00599917,-0.00403904,0.0563602
33,0.965486,-0.0786295,-0.233731,0.795996,-0.0814403,0.467546,0.347847,0.535995,0.408288,1.31778,1.19075,0.638236,0.261975,0.0024648,0,0,0,0,0,0.00122406,0.000425786,0.00896167,0.426481,0.905746,0.953309,-0.0345141,-0.0786295,0.342778,0.0261548,-0.000870622,0.00588943,0.00179662,0.0213822
34,1.10372,0.00126737,-0.0549536,0.682859,0.00114828,0.500458,0.443227,0.643248,0.610219,1.41238,1.23829,0.796528,0.0665014,0.00208301,0,0,0,0,0,-0.00172847,-0.000766106,0.0121688,0.368436,0.929736,0.942127,0.103717,0.00126737,0.678761,0.0316208,-0.0008929,-0.00903157,-0.00310397,0.0477876
35,0.918984,-0.0109019,1.18876,0.750529,-0.011863,0.495267,0.363064,0.531484,0.41429,1.36391,1.01371,0.53877,1.37218,0.00463317,0,0,0,0,0,-0.00361708,-0.00131323,0.0311065,0.278876,0.961015,0.92465,-0.0810158,-0.0109019,0.352386,0.0110239,0.0004466,-0.000323951,0.000553217,0.0132709
36,1.10171,0.0616696,-0.300906,0.891398,0.0559761,0.52232,0.472624,0.663252,0.663277,1.40195,1.39546,0.92554,0.31871,0.00257561,0,0,0,0,0,0.0273376,0.0129204,0.170785,0.51409,0.86619,0.986912,0.101713,0.0616696,0.874322,0.0386892,-0.00214259,0.00538706,0.00288977,0.0538341
37,1.03693,0.0614087,-0.177221,1.31355,0.0592218,0.523612,0.446515,0.62545,0.590564,1.37911,1.41472,0.884839,0.154629,0.00225514,0,0,0,0,0,-0.00631663,-0.00282047,0.0389243,0.362121,0.932688,0.964922,0.0369275,0.0614087,0.555553,0.0281228,-0.000724437,-0.00206769,0.00126629,0.0529553
38,1.15547,-0.00470869,0.264826,1.42771,-0.00407513,0.498374,0.460991,0.671334,0.663202,1.5341,1.5646,1.05037,0.221637,0.00238601,0,0,0,0,0,0.115385,0.0531913,0.64291,0.351105,0.936682,0.962145,0.155469,-0.00470869,0.994772,0.027947,-0.0019399,-0.00584864,0.000367876,0.0552097
39,1.0125,0.00638896,-0.386698,0.711782,0.0063101,0.502517,0.409208,0.591889,0.517783,1.37118,1.28204,0.758823,0.458351,0.00284834,0,0,0,0,0,-0.00816825,-0.00334252,0.0555438,0.430893,0.90517,0.975886,0.0124969,0.00638896,0.423088,0.0427578,-0.00200283,0.0039434,0.00217633,0.0260356
40,0.933217,-0.0399684,0.0210196,1.09445,-0.0428286,0.482919,0.354238,0.52995,0.406332,1.33894,0.955023,0.506115,0.0200922,0.00199237,0,0,0,0,0,0.0139551,0.00494343,0.127387,0.26199,0.965854,0.926965,-0.0667828,-0.0399684,0.413797,0.015188,-0.00103266,0.00106453,0.0004633,0.0256309
41,1.12751,0.112866,-0.0402289,0.90926,0.100102,0.539868,0.508569,0.69673,0.744074,1.42268,1.42177,0.990588,0.0421885,0.00203552,0,0,0,0,0,0.0219233,0.0111495,0.134426,0.467441,0.889285,0.985877,0.127513,0.112866,1.0178,0.0651192,-0.00177021,-0.0338825,-0.00603854,0.0648192
42,1.08813,0.129886,0.64884,1.23189,0.119366,0.547507,0.501286,0.680082,0.7138,1.25445,1.38604,0.94262,0.584591,0.0030949,0,0,0,0,0,0.00529459,0.00265411,0.0333015,0.474956,0.888103,1.00773,0.0881314,0.129886,0.804705,0.0371061,-0.00293787,-0.00651133,0.000225689,0.0572117
43,1.10219,0.0230903,-0.132966,0.988207,0.0209495,0.508357,0.453525,0.649924,0.628086,1.4257,1.48156,0.962904,0.133757,0.00221437,0,0,0,0,0,0.0416808,0.0189033,0.245258,0.409392,0.913523,0.959622,0.102187,0.0230903,0.773181,0.0330494,-0.000707034,-0.00883611,0.000444008,0.0550159
44,0.953895,0.22414,-0.306866,2.33554,0.234973,0.592885,0.502445,0.632099,0.652,1.44897,1.30939,0.827664,0.200796,0.00234531,0,0,0,0,0,-0.0137707,-0.00691901,0.0916841,0.457816,0.891989,0.964376,-0.0461046,0.22414,0.522978,0.0265554,-0.00239061,0.0169745,0.00640826,0.0320642
45,1.24878,0.0289907,-0.0849049,0.8993,0.0232152,0.509261,0.51526,0.737354,0.809183,1.49072,1.49755,1.10422,0.0895324,0.00212799,0,0,0,0,0,0.0347602,0.0179105,0.202352,0.444321,0.89944,0.979526,0.248782,0.0289907,0.823261,0.0400902,-0.00138596,-0.00823298,-0.00174444,0.0623042
46,1.01988,0.0170654,-0.246468,0.717731,0.0167328,0.506675,0.417507,0.599892,0.534182,1.35411,1.11987,0.671801,0.290925,0.00252134,0,0,0,0,0,-0.0102824,-0.00429297,0.0800447,0.400681,0.91793,0.973977,0.0198805,0.0170654,0.532627,0.0395567,-0.001812,-0.00211834,-0.00133521,0.0291646
47,1.04222,0.0904268,0.26133,0.778681,0.086764,0.53457,0.463145,0.638966,0.62278,1.2651,1.11256,0.710885,0.296149,0.00253154,0,0,0,0,0,-0.0275839,-0.0127753,0.216143,0.372881,0.928609,0.965425,0.0422161,0.0904268,0.40351,0.0220408,-0.00122686,-0.00706875,-0.00167913,0.041656
48,0.975548,0.0333987,0.127548,0.539707,0.0342358,0.513655,0.407896,0.57979,0.502536,1.25202,0.857885,0.497393,0.173618,0.00229222,0,0,0,0,0,-0.0141236,-0.00576097,0.143524,0.322019,0.946993,0.924809,-0.024452,0.0333987,0.499872,0.0199135,-0.000325519,-0.00378902,-0.00127108,0.0264479
49,1.05521,-0.0112404,0.31291,0.589601,-0.0106522,0.49575,0.417523,0.610707,0.547289,1.46316,1.06249,0.648869,0.407512,0.00274905,0,0,0,0,0,0.00910813,0.00380286,0.0747329,0.342229,0.939741,0.92444,0.0552144,-0.0112404,0.577151,0.0155046,-0.00156758,0.00280869,0.000244106,0.0359317
50,0.955041,0.0525336,-0.0153449,0.496423,0.0550067,0.521933,0.40924,0.574623,0.497669,1.37353,1.1379,0.653865,0.021779,0.00199566,0,0,0,0,0,0.0145746,0.00596453,0.11166,0.3893,0.922361,0.970354,-0.0449593,0.0525336,0.542487,0.0352181,-0.00164622,0.00270935,0.00113535,0.0334747
51,1.12194,0.0636593,-0.395469,1.13426,0.0567401,0.522624,0.481732,0.675737,0.688686,1.4128,1.31422,0.888069,0.371326,0.00267837,0,0,0,0,0,0.0145747,0.00702112,0.0966805,0.455442,0.894457,0.980947,0.121944,0.0636593,0.642549,0.0358557,-0.00102602,0.0181976,0.00523377,0.0347562
52,1.1814,-0.00770003,-0.161226,0.781186,-0.00651772,0.4974,0.469894,0.685409,0.690585,1.4481,1.477,1.01235,0.182414,0.0023094,0,0,0,0,0,0.0834176,0.0391974,0.492361,0.434099,0.903969,0.978812,0.181399,-0.00770003,0.909752,0.029071,-0.00154538,-0.00416373,-0.00100324,0.0553502
53,1.0177,0.0145935,0.601307,1.6608,0.0143396,0.50572,0.415398,0.597764,0.529877,1.32589,1.1626,0.69496,0.466592,0.00286444,0,0,0,0,0,0.0105431,0.00437958,0.0790577,0.343427,0.939246,0.950487,0.0177023,0.0145935,0.478143,0.0263163,-0.000846355,-0.00169628,-0.000990309,0.0371715
54,0.983328,0.0309161,-0.520527,0.845282,0.0314403,0.512541,0.409775,0.583447,0.508326,1.33523,1.01824,0.594092,0.566165,0.00305892,0,0,0,0,0,-0.00782536,-0.00320664,0.0669976,0.223657,0.976714,0.913524,-0.0166721,0.0309161,0.187227,0.00623052,-0.000330164,0.000735144,-5.70843e-05,0.00755065
55,1.29725,-0.0125161,0.465344,1.25061,-0.00964822,0.496151,0.513941,0.75123,0.828482,1.43595,1.72547,1.29623,0.416115,0.00276585,0,0,0,0,0,0.0708346,0.0364048,0.357886,0.526124,0.86747,1.03868,0.297247,-0.0125161,0.956222,0.0478548,-0.00236059,-0.0311712,-0.00661352,0.0783506
56,1.07509,0.0151923,-0.404223,0.61075,0.0141311,0.505637,0.438711,0.631395,0.591128,1.28355,1.34264,0.847737,0.517236,0.00296335,0,0,0,0,0,0.0393648,0.0172698,0.255597,0.546603,0.853851,1.0207,0.0750936,0.0151923,0.810116,0.04048,-0.00135176,-0.006804,-0.0050311,0.0478071
57,1.19407,-0.0142175,0.20763,0.705561,-0.0119068,0.49525,0.471716,0.690558,0.699386,1.3306,1.39764,0.965153,0.247185,0.00243591,0,0,0,0,0,-0.00849587,-0.00400764,0.052993,0.501563,0.873433,0.993644,0.194069,-0.0142175,0.73766,0.0507949,-0.00189469,-0.0204996,-0.00591187,0.0674694
58,0.935584,-0.0121998,0.472507,0.565563,-0.0130398,0.494798,0.369071,0.540708,0.428579,1.22924,0.965253,0.52192,0.6283,0.00318027,0,0,0,0,0,-0.00463106,-0.00170919,0.041826,0.228252,0.975551,0.913915,-0.0644162,-0.0121998,0.349247,0.0052741,-0.000932505,-9.96713e-05,-0.000274751,0.00676486
59,1.12123,-0.0636642,0.328556,1.23221,-0.0567805,0.47736,0.417785,0.631518,0.573359,1.55711,1.5084,0.952582,0.295983,0.00253122,0,0,0,0,0,0.0687496,0.0287225,0.397338,0.373762,0.928547,0.972118,0.121232,-0.0636642,0.842746,0.0285735,-0.000618678,-0.0124898,-0.00318374,0.0756649
60,1.00038,0.0410432,-0.116423,0.823733,0.0410274,0.516363,0.421678,0.596945,0.534156,1.28491,1.05477,0.629641,0.128276,0.00220366,0,0,0,0,0,-0.0304219,-0.0128282,0.25144,0.213212,0.979339,0.911784,0.00038445,0.0410432,0.229873,0.0103158,-0.000223597,-0.000451922,-0.000661955,0.00598085
61,1.13771,0.00858727,1.0719,0.934345,0.00754786,0.503011,0.460518,0.665573,0.655064,1.47876,1.50419,1.00115,1.10893,0.004119,0,0,0,0,0,0.0612324,0.0281986,0.354884,0.40693,0.914991,0.96791,0.13771,0.00858727,0.91536,0.0239298,-0.00161044,0.00731201,0.000272964,0.0537449
62,1.28483,0.138567,0.545472,1.35976,0.107848,0.542942,0.584505,0.797583,0.977785,1.47755,1.66353,1.32681,0.467779,0.00286676,0,0,0,0,0,0.0259497,0.0151677,0.13599,0.441483,0.905085,1.02377,0.284834,0.138567,0.823871,0.0426149,-0.00131859,-0.00389195,4.92677e-05,0.0489047
63,1.06845,0.0168036,-0.0745399,0.884715,0.015727,0.506274,0.436853,0.628087,0.585335,1.37649,1.27453,0.800515,0.0792477,0.00210791,0,0,0,0,0,-0.0105258,-0.00459824,0.0719969,0.457183,0.892183,0.962946,0.0684518,0.0168036,0.573237,0.0364551,-0.00146866,0.0137791,0.00422304,0.0508391
64,1.04466,0.0323424,-0.168504,0.70498,0.0309599,0.512349,0.435081,0.61966,0.573273,1.34044,1.17957,0.73093,0.200688,0.00234509,0,0,0,0,0,0.00190865,0.000830416,0.0141062,0.378982,0.925541,0.941468,0.0446563,0.0323424,0.755323,0.0361045,-0.000699962,-0.0137522,-0.00452685,0.0416735
65,1.03883,-0.0525691,0.74177,1.02481,-0.0506042,0.47982,0.390288,0.587232,0.497166,1.35651,1.29696,0.761617,0.732735,0.00338425,0,0,0,0,0,-0.00509439,-0.00198828,0.034243,0.381283,0.924862,0.952164,0.0388283,-0.0525691,0.578657,0.0282844,-0.00114893,0.00355663,0.00238955,0.0430541
66,1.08704,-0.0634867,-1.00133,0.84727,-0.0584032,0.476714,0.404163,0.611677,0.537497,1.36001,1.1549,0.706426,1.08784,0.00407782,0,0,0,0,0,-0.00931706,-0.00376561,0.0703302,0.424404,0.905972,0.936043,0.0870416,-0.0634867,0.532194,0.0428611,-0.000850061,0.00931603,0.00320338,0.0197477
67,0.909614,-0.0216481,0.283356,1.20411,-0.0237992,0.490506,0.353933,0.522371,0.398141,1.32284,1.05726,0.552282,0.258226,0.00245747,0,0,0,0,0,-0.0134488,-0.00475998,0.110894,0.296213,0.955632,0.924403,-0.0903858,-0.0216481,0.412239,0.0133627,-0.00020092,-0.00211883,0.000454227,0.0296386
68,1.0923,0.102871,0.203228,1.0216,0.0941783,0.537516,0.48945,0.672612,0.691969,1.41735,1.07231,0.721249,0.201069,0.00234584,0,0,0,0,0,-0.0295989,-0.0144872,0.240637,0.355394,0.934727,0.939235,0.0922998,0.102871,0.528859,0.0402382,-0.00131978,0.000234318,0.00230372,0.0280273
69,1.03294,0.0542339,-0.222921,0.572452,0.0525047,0.520937,0.441327,0.620571,0.579877,1.33235,1.00843,0.625801,0.294633,0.00252858,0,0,0,0,0,-0.0308358,-0.0136087,0.266574,0.358908,0.933419,0.924111,0.0329355,0.0542339,0.553218,0.0155845,-0.000519701,-0.00202104,-0.000872198,0.024274
70,1.02031,-0.0132794,-0.362602,1.22482,-0.013015,0.494808,0.402508,0.589684,0.50974,1.43853,1.11808,0.659313,0.327638,0.00259304,0,0,0,0,0,-0.0129653,-0.00521864,0.101092,0.309967,0.950775,0.943501,0.0203117,-0.0132794,0.596281,0.0336823,-0.00099245,-0.000867019,-0.00158697,0.0392424
71,1.04487,-0.0770938,0.729032,0.596877,-0.0737829,0.470592,0.38045,0.582671,0.484247,1.35626,1.32694,0.773168,0.943636,0.00379616,0,0,0,0,0,0.0385875,0.0146806,0.253515,0.471547,0.885671,0.967945,0.0448729,-0.0770938,0.715139,0.0272544,-0.00123235,0.00583629,0.00185948,0.0507578
72,1.06741,0.105888,-0.0292955,1.09738,0.0992009,0.539511,0.480977,0.659238,0.665934,1.39755,1.48084,0.976224,0.0279656,0.00200775,0,0,0,0,0,0.0237094,0.0114037,0.139579,0.472685,0.893072,1.03802,0.0674089,0.105888,0.765364,0.0611382,-0.00125829,-0.00796296,-0.00538747,0.050314
73,1.0316,0.129035,-0.571362,1.01702,0.125083,0.549771,0.47819,0.646925,0.647177,1.44316,1.32105,0.854622,0.56656,0.00305969,0,0,0,0,0,-0.00521684,-0.00249464,0.0344266,0.368055,0.931073,0.979673,0.0315962,0.129035,0.599951,0.0265946,-0.00194884,0.00434859,0.00167325,0.0490381
74,1.04168,-0.00115277,0.523103,0.724969,-0.00110665,0.499559,0.41714,0.606285,0.541587,1.38933,1.28281,0.777748,0.614366,0.00315306,0,0,0,0,0,0.0040615,0.00169421,0.0276014,0.375446,0.927631,0.965828,0.0416811,-0.00115277,0.517051,0.0286995,-0.00151051,-0.00114119,0.00137219,0.0550221
75,1.03645,0.0303057,-0.357971,1.42005,0.02924,0.511663,0.43077,0.614164,0.562761,1.37346,1.04165,0.639747,0.300397,0.00253984,0,0,0,0,0,-0.0335051,-0.014433,0.28041,0.289379,0.957903,0.9216,0.0364466,0.0303057,0.32921,0.0160124,9.85099e-05,-0.00166364,-0.000959646,0.0101541
76,0.991563,0.0161523,-0.533631,0.682201,0.0162897,0.506498,0.405695,0.583083,0.504574,1.33194,0.869265,0.506853,0.646078,0.003215,0,0,0,0,0,-0.0144108,-0.00584641,0.144525,0.316541,0.94896,0.922061,-0.00843686,0.0161523,0.430297,0.0117885,-0.000209379,0.000139034,-0.000445279,0.0103207
77,0.948426,-0.0313029,-1.1186,1.2414,-0.0330051,0.486835,0.36467,0.541712,0.426436,1.38263,1.00678,0.545383,1.00397,0.003914,0,0,0,0,0,-0.00439489,-0.00160268,0.0380559,0.295696,0.955793,0.924536,-0.0515738,-0.0313029,0.456156,0.0187574,-0.00131736,-0.00341434,-0.00230915,0.0245637
78,1.05891,0.11475,-0.0331548,1.16117,0.108366,0.543147,0.482001,0.657538,0.664681,1.4675,1.20511,0.792404,0.030768,0.00201322,0,0,0,0,0,-0.0187818,-0.00905285,0.135868,0.387918,0.923118,0.974386,0.0589105,0.11475,0.632841,0.0490429,-0.00166821,0.00455676,-0.00306858,0.0417266
79,1.09854,-0.00363924,0.115985,0.82621,-0.00331279,0.498678,0.438699,0.638547,0.600199,1.37099,1.50612,0.961729,0.127602,0.00220235,0,0,0,0,0,0.0296475,0.0130063,0.171607,0.504094,0.876683,1.0273,0.0985435,-0.00363924,0.752026,0.0594422,-0.0015077,-0.0133983,-0.00418907,0.0619233
80,1.33224,-0.00860045,-0.104162,0.667615,-0.00645563,0.497425,0.529931,0.772951,0.87828,1.34916,1.70221,1.31573,0.127481,0.00220211,0,0,0,0,0,0.0336582,0.0178365,0.172379,0.547144,0.860008,1.05744,0.332241,-0.00860045,0.880428,0.0372427,-0.00272649,1.31545e-05,0.000134025,0.0610833
81,1.22744,0.080983,0.380872,1.22089,0.0659774,0.526302,0.532696,0.743326,0.836298,1.40816,1.62859,1.21057,0.344701,0.00262637,0,0,0,0,0,0.0550643,0.0293325,0.294759,0.511268,0.872604,1.02371,0.227435,0.080983,1.0021,0.0475579,-0.000584669,-0.0126081,-0.00268491,0.0692722
82,1.08359,0.103174,-1.26059,0.970745,0.095215,0.537928,0.486109,0.667658,0.682069,1.33281,1.26199,0.842576,1.27945,0.00445204,0,0,0,0,0,-0.015252,-0.00741413,0.10536,0.448817,0.894765,0.939934,0.0835901,0.103174,0.83436,0.0328288,-0.00118328,-0.0145138,-0.00390805,0.0462437
83,0.996048,0.0392974,0.430835,1.27129,0.0394533,0.515736,0.419066,0.593804,0.52822,1.36754,1.27262,0.755686,0.382109,0.00269943,0,0,0,0,0,0.0694142,0.0290892,0.475507,0.484321,0.882977,1.0022,-0.00395203,0.0392974,1.00648,0.0547201,-0.00105403,-0.0127198,-0.000749223,0.0458239
84,1.11926,0.0502482,0.541892,0.881227,0.0448941,0.517904,0.47395,0.669411,0.672739,1.31508,1.61019,1.07788,0.577257,0.00308058,0,0,0,0,0,0.0288379,0.0136677,0.156133,0.572264,0.83415,0.986767,0.11926,0.0502482,0.721277,0.040633,-0.00125383,-0.0241626,-0.00464986,0.0613678
85,1.13483,0.310464,0.432142,3.03371,0.273577,0.607795,0.62568,0.764803,0.976399,1.50932,1.52769,1.16838,0.248108,0.00243771,0,0,0,0,0,0.0135853,0.00850002,0.0775244,0.438713,0.904283,1.00526,0.134831,0.310464,0.867261,0.0439411,-0.000400279,0.0248744,0.00827641,0.0527187
86,1.08428,0.0645253,0.138838,0.758105,0.0595098,0.523727,0.467062,0.654124,0.646025,1.35753,1.21958,0.797756,0.159457,0.00226456,0,0,0,0,0,0.0201592,0.0094156,0.144102,0.418059,0.910413,0.970629,0.0842804,0.0645253,0.656458,0.0255862,-0.00137099,0.00405884,-0.000486169,0.040979
87,1.19055,0.136455,-0.356301,1.10985,0.114615,0.545625,0.545643,0.742014,0.848311,1.40522,1.4959,1.10998,0.338208,0.00261369,0,0,0,0,0,0.0519739,0.0283592,0.302893,0.490237,0.883673,1.02931,0.190554,0.136455,0.938289,0.039329,-0.00268946,-0.000882493,0.00145997,0.0631683
88,0.959753,-0.0131667,-0.4437,0.917458,-0.0137188,0.494527,0.37828,0.554454,0.450515,1.33098,0.85947,0.476537,0.463229,0.00285787,0,0,0,0,0,-0.0212981,-0.00805663,0.216031,0.247856,0.970488,0.913224,-0.040247,-0.0131667,0.214856,0.00567943,-0.000417619,5.12103e-05,0.000353611,0.00600823
89,0.974805,0.0690539,0.251095,0.76015,0.0708387,0.528237,0.425426,0.592035,0.531493,1.43047,1.21328,0.718304,0.287997,0.00251562,0,0,0,0,0,-0.00382046,-0.00162532,0.0274512,0.447814,0.897295,0.972629,-0.0251948,0.0690539,0.487995,0.0285991,-0.00124857,8.32722e-05,0.000481421,0.0291766
90,0.991351,0.130053,0.109253,1.39898,0.131188,0.552187,0.462561,0.623926,0.603246,1.38673,1.2615,0.787085,0.0923691,0.00213353,0,0,0,0,0,0.00502594,0.0023248,0.0347325,0.453911,0.897746,1.00721,-0.00864911,0.130053,0.612687,0.0432596,-0.000981675,0.00468747,0.00353282,0.0507997
91,1.12688,0.000272528,-0.734631,0.706979,0.000241843,0.500096,0.452018,0.656396,0.635175,1.45489,1.30331,0.855487,0.873707,0.00365958,0,0,0,0,0,0.0343097,0.0155086,0.229496,0.353883,0.935511,0.955872,0.126879,0.000272528,0.763679,0.0363385,-0.000632365,-0.00201402,0.000988369,0.0557625
92,1.02263,-0.0196546,0.3412,1.02934,-0.0192197,0.492333,0.400249,0.588861,0.506957,1.38913,1.21738,0.716868,0.336303,0.00260997,0,0,0,0,0,0.00731001,0.00292582,0.0523479,0.390541,0.921447,0.961278,0.0226275,-0.0196546,0.407755,0.0326875,-0.00174157,-0.00923302,-0.00304243,0.0421089
93,0.954421,0.0840574,-0.319358,1.01201,0.0880716,0.53509,0.424754,0.585593,0.523335,1.34338,1.10754,0.648566,0.317457,0.00257316,0,0,0,0,0,-0.0186565,-0.00792442,0.146851,0.391486,0.920431,0.941755,-0.0455785,0.0840574,0.425513,0.0197686,-0.000923578,0.00784437,-0.000158449,0.0305697
94,1.10838,0.146454,0.787684,1.64923,0.132133,0.552561,0.51769,0.697969,0.755164,1.35446,1.34491,0.938706,0.613355,0.00315108,0,0,0,0,0,-0.00127032,-0.000657634,0.00823433,0.425834,0.90857,0.991233,0.10838,0.146454,0.702365,0.0523834,-0.000834234,0.00144119,-0.00314954,0.0516109
95,1.00234,0.0867362,0.328192,1.05947,0.0865339,0.534479,0.445308,0.614433,0.575827,1.33965,1.14745,0.705031,0.318848,0.00257588,0,0,0,0,0,-0.0294483,-0.0131136,0.223735,0.510378,0.863474,0.941408,0.00233757,0.0867362,0.44984,0.01536,-0.00111891,0.00414754,0.00196325,0.0315355
96,1.35596,0.0549515,-0.819213,0.702701,0.0405259,0.516163,0.571218,0.808882,0.98058,1.39339,1.57768,1.27616,0.977264,0.00386184,0,0,0,0,0,0.0522055,0.0298207,0.288473,0.475457,0.888919,1.01634,0.355958,0.0549515,0.961739,0.0546965,-0.00157012,0.00395582,-0.00256021,0.0543627
97,1.17991,-0.0260573,-1.32576,1.60533,-0.0220841,0.49119,0.460119,0.678284,0.67178,1.4524,1.47288,0.999033,1.04636,0.0039968,0,0,0,0,0,0.03269,0.0150413,0.193488,0.545453,0.8566,1.03347,0.179914,-0.0260573,1.04296,0.0236187,-0.00356975,0.000635904,0.000181454,0.0562014
98,1.02281,0.0217232,-0.272608,0.979416,0.0212387,0.508472,0.421011,0.60322,0.541125,1.41446,1.01797,0.614062,0.275458,0.00249113,0,0,0,0,0,0.00313001,0.00131777,0.0268051,0.397925,0.917808,0.944559,0.0228093,0.0217232,0.551801,0.0292883,-0.000443176,0.00977711,0.0033925,0.0286975
99,1.18658,-0.0547491,-0.229447,0.735165,-0.0461402,0.481599,0.448448,0.672518,0.653386,1.36809,1.50828,1.01434,0.267603,0.00247579,0,0,0,0,0,0.0677749,0.0303935,0.391737,0.504278,0.870309,0.978628,0.186582,-0.0547491,0.951929,0.0499908,-0.00199498,0.0151639,0.00562623,0.0543271
100,1.01985,0.0527467,-0.19613,0.755293,0.0517199,0.520624,0.435337,0.612427,0.564586,1.30679,1.15397,0.706722,0.225677,0.0023939,0,0,0,0,0,0.00365322,0.00159038,0.0275987,0.41993,0.908846,0.957234,0.0198543,0.0527467,0.578291,0.0286178,-0.00144483,-0.00617691,-0.00280081,0.0410795
101,1.29581,0.0616061,-0.340522,0.567553,0.0475425,0.51896,0.550427,0.776219,0.905486,1.4291,1.28156,0.994774,0.452004,0.00283595,0,0,0,0,0,-0.00287947,-0.00158494,0.0195875,0.410217,0.912394,0.939609,0.295812,0.0616061,0.949821,0.0247519,-0.00205444,0.00401194,3.48024e-06,0.0444841
102,1.05429,0.17049,0.614615,1.87931,0.16171,0.564233,0.508019,0.675554,0.714457,1.39446,1.18725,0.802051,0.448336,0.00282878,0,0,0,0,0,-0.0181954,-0.00924358,0.133606,0.65279,0.787069,1.00064,0.0542922,0.17049,0.546852,0.0346193,-0.00212821,0.0052687,0.00297485,0.0274901
103,1.26733,0.0961075,0.57191,0.733455,0.0758346,0.530225,0.556256,0.771975,0.905366,1.47398,1.49794,1.15638,0.667792,0.00325741,0,0,0,0,0,0.0355536,0.0197769,0.206916,0.447065,0.898576,0.984049,0.267331,0.0961075,0.745631,0.034237,-0.00166044,-0.00579505,-0.00137841,0.0518131
104,1.05845,0.0521813,0.549742,1.08995,0.0492996,0.51966,0.450533,0.634696,0.605819,1.3082,1.35494,0.859976,0.526569,0.00298158,0,0,0,0,0,0.0229166,0.0103247,0.147447,0.398945,0.918778,0.976309,0.058453,0.0521813,0.759347,0.036178,-0.00125725,0.0096866,0.00607865,0.0562634
105,0.970844,0.00704785,-0.764571,1.03255,0.0072595,0.502896,0.392835,0.567858,0.476782,1.36909,1.09821,0.623626,0.752423,0.0034227,0,0,0,0,0,-0.006618,-0.00259978,0.052535,0.345087,0.938689,0.953598,-0.0291557,0.00704785,0.740698,0.0338375,-0.000783621,0.0059698,-0.000368069,0.0456309
106,1.05388,0.0220619,-0.755545,0.713019,0.0209339,0.508351,0.43364,0.621434,0.574224,1.28478,1.04752,0.650964,0.894767,0.00370072,0,0,0,0,0,-0.0074402,-0.00322637,0.0619198,0.384631,0.92307,0.92285,0.0538824,0.0220619,0.542275,0.0133249,-0.00109336,0.00105125,0.000786864,0.0357188
107,1.17791,-0.0219646,0.718018,0.448827,-0.0186471,0.492561,0.461363,0.678508,0.673229,1.34622,1.28911,0.874674,1.07176,0.0040464,0,0,0,0,0,0.0301498,0.01391,0.203892,0.404782,0.91529,0.95534,0.177911,-0.0219646,0.849986,0.0185988,-0.00151301,-0.00199453,2.39203e-05,0.0453667
108,0.99046,0.0355962,0.375816,0.787097,0.0359391,0.514335,0.414975,0.589246,0.519415,1.33306,0.949898,0.559723,0.423605,0.00278048,0,0,0,0,0,-0.0187953,-0.00779959,0.172496,0.366179,0.930722,0.948897,-0.00954038,0.0355962,0.647546,0.0341988,-0.00134194,-0.0153857,-0.00435763,0.0467856
109,0.961087,0.0765786,-0.914402,0.865459,0.0796791,0.531754,0.423687,0.586764,0.523803,1.42164,1.21577,0.71337,0.982911,0.00387287,0,0,0,0,0,0.0121733,0.00515768,0.0872898,0.430976,0.906977,0.998344,-0.0389132,0.0765786,0.541368,0.0424215,-0.00232493,-0.000418166,-0.00393204,0.0331206
110,1.09835,0.024737,0.583621,1.1889,0.0225219,0.508984,0.452811,0.648266,0.625287,1.35762,1.4091,0.913471,0.535252,0.00299854,0,0,0,0,0,-0.00516282,-0.00233778,0.0319413,0.414891,0.913254,0.991786,0.0983541,0.024737,0.548386,0.026786,-0.00132645,-0.0108968,-0.00289242,0.0659013
111,1.10264,-0.0157117,0.280968,0.944692,-0.0142492,0.494316,0.434305,0.6368,0.594135,1.43331,1.37221,0.873826,0.289076,0.00251773,0,0,0,0,0,0.0306554,0.0133138,0.194757,0.411322,0.912239,0.94919,0.102638,-0.0157117,0.873833,0.0389381,-0.000796756,0.0135152,0.0020367,0.0565228
112,0.91846,-0.0641459,-0.155663,0.906787,-0.0698407,0.47216,0.336232,0.513361,0.376591,1.19325,1.11609,0.572956,0.163468,0.0022724,0,0,0,0,0,-0.00502562,-0.00168977,0.0392553,0.228,0.975533,0.915128,-0.0815399,-0.0641459,0.252476,0.00635312,-0.00097755,0.000258561,-0.000377625,0.00554211
113,1.05147,0.0331626,0.554136,0.75106,0.0315393,0.51258,0.438223,0.623915,0.58131,1.29481,1.27,0.79237,0.639409,0.00320197,0,0,0,0,0,0.000628655,0.000275491,0.00431536,0.417205,0.910895,0.972453,0.0514703,0.0331626,0.552112,0.0290145,-0.00113245,-0.00454071,0.0010042,0.0579918
114,0.981407,0.0322571,0.978216,0.677601,0.0328683,0.51311,0.409675,0.5828,0.507489,1.27196,1.0212,0.595153,1.18836,0.00427414,0,0,0,0,0,-0.0113989,-0.00466983,0.0973105,0.344066,0.938986,0.947679,-0.0185934,0.0322571,0.578597,0.021841,-0.00167973,0.00151769,-0.00110188,0.0374591
115,1.14669,0.0185338,-0.382328,0.629161,0.0161629,0.506448,0.469093,0.674254,0.674667,1.42134,1.39762,0.942351,0.482009,0.00289455,0,0,0,0,0,0.0372094,0.0174547,0.232098,0.426479,0.907408,0.980025,0.146691,0.0185338,0.697479,0.031211,-0.00204194,-0.000438118,1.70848e-05,0.0524449
116,1.01207,0.0302398,-0.392037,0.920165,0.0298791,0.511918,0.420962,0.599947,0.537145,1.20434,0.954308,0.572534,0.40869,0.00275135,0,0,0,0,0,-0.0259013,-0.0109035,0.236614,0.188462,0.985025,0.908923,0.0120699,0.0302398,0.186905,0.00288834,-0.000330712,3.69287e-05,-0.000111466,0.00200409
117,1.20551,0.165928,-0.928965,0.938337,0.137642,0.554738,0.566375,0.761598,0.900813,1.43858,1.60167,1.21983,0.959002,0.00382618,0,0,0,0,0,0.0380729,0.0215636,0.207229,0.53608,0.863859,1.04726,0.205507,0.165928,0.735655,0.0479366,-0.00198193,0.0194362,0.00575752,0.0562844
118,1.01023,0.0511645,1.38453,1.34555,0.0506462,0.520196,0.430688,0.606264,0.553048,1.5124,1.26141,0.764749,1.19359,0.00428435,0,0,0,0,0,0.0209268,0.00901294,0.144628,0.296442,0.955182,0.939362,0.010233,0.0511645,0.586083,0.033063,-0.0015159,0.000197294,0.000210378,0.0434625
119,1.21389,-0.121432,-0.91063,0.718726,-0.100036,0.460158,0.426055,0.666626,0.625913,1.56432,1.36971,0.913082,1.07414,0.00405105,0,0,0,0,0,0.0103896,0.00442656,0.0661271,0.652044,0.798252,1.04799,0.213886,-0.121432,0.887649,0.032954,-0.0028877,0.005757,0.00238659,0.0357073
120,1.442,0.266502,-0.640217,0.842178,0.184814,0.573313,0.713427,0.935117,1.38342,1.35229,1.4915,1.39473,0.69763,0.00331568,0,0,0,0,0,-0.0507636,-0.0362161,0.296713,0.548635,0.843103,0.951837,0.441997,0.266502,1.12844,0.0462638,-0.00144671,-0.00449278,-3.93718e-05,0.0656068
121,1.06994,-0.0178051,-0.458874,0.935666,-0.0166413,0.493361,0.420144,0.617042,0.557262,1.46419,1.1452,0.706634,0.474388,0.00287966,0,0,0,0,0,-0.00297766,-0.00125105,0.0226674,0.375359,0.927409,0.95875,0.0699359,-0.0178051,0.576239,0.0290161,-0.000662527,-0.00432007,-0.0013817,0.0411097
122,1.04802,0.0642936,-0.108254,1.23151,0.0613474,0.524459,0.452407,0.632939,0.605284,1.34958,1.30351,0.825045,0.0975491,0.00214365,0,0,0,0,0,0.0120033,0.00543039,0.0802774,0.528786,0.85886,0.990217,0.0480239,0.0642936,0.666983,0.0365721,-0.00334792,0.0160337,0.00614926,0.0294942
123,1.03587,0.0341757,-0.420751,0.99191,0.0329923,0.51316,0.432473,0.615186,0.565486,1.31513,1.29811,0.798578,0.422463,0.00277825,0,0,0,0,0,0.0333233,0.0144114,0.223792,0.467241,0.890315,0.995071,0.0358667,0.0341757,0.685604,0.029113,-0.00174245,-0.00447392,-0.00183471,0.0457909
124,0.93274,-0.0183885,0.127882,0.603409,-0.0197145,0.492136,0.364837,0.536945,0.421415,1.26808,0.925698,0.497048,0.164628,0.00227466,0,0,0,0,0,-0.0270097,-0.00985414,0.254365,0.310396,0.95111,0.920183,-0.06726,-0.0183885,0.368736,0.00749011,-0.00175405,-0.000691691,8.29776e-05,0.0205021
125,1.21783,-0.00586,0.680163,0.753153,-0.00481185,0.49808,0.485422,0.707256,0.735846,1.30535,1.48871,1.0529,0.783739,0.00348387,0,0,0,0,0,0.0148085,0.00718838,0.086718,0.486362,0.882266,1.0045,0.217828,-0.00586,0.787617,0.0631262,-0.00180241,0.0103303,0.00472046,0.0592434
126,1.01798,0.0705526,-0.553093,0.677737,0.0693067,0.527627,0.443487,0.617694,0.578227,1.37526,1.12197,0.693036,0.671842,0.00326532,0,0,0,0,0,-0.0170226,-0.00754931,0.132267,0.414911,0.910257,0.937081,0.0179762,0.0705526,0.395613,0.058952,-0.000427474,0.00522804,0.00508837,0.0305921
127,1.1615,0.221179,-0.258561,1.97846,0.190425,0.575512,0.578807,0.755026,0.905082,1.45129,1.63001,1.2307,0.183823,0.00231215,0,0,0,0,0,0.029127,0.0168589,0.15578,0.469215,0.897299,1.05639,0.161502,0.221179,0.94835,0.0410631,-0.00347427,0.00997634,0.00731318,0.056284
