site,index,label,weak_share,vel_low_share,v_rel_p90_median,v_rel_p90_max
blocks.0.se.fc1,2,,1.0,0.043478260869565216,0.011959641020912948,0.04741663274961714
blocks.0.se.fc1,3,,0.9130434782608695,0.08695652173913043,0.007484635808441985,0.1214473116873109
blocks.0.se.fc1,5,,1.0,0.0,0.008508923436017318,0.01642431830067295
blocks.0.se.fc1,7,,0.8260869565217391,0.0,0.013793572010944874,0.14660605471824656
blocks.0.se.fc1,8,,1.0,0.0,0.013654339271163283,0.020722261288278337
blocks.0.se.fc1,10,,1.0,0.043478260869565216,0.007033285628730916,0.012048859359700851
blocks.0.se.fc1,11,,1.0,0.0,0.005597384269395966,0.014117163086779731
blocks.0.se.fc1,13,,1.0,0.0,0.007500825502974654,0.015038666617696135
blocks.0.se.fc1,15,,1.0,0.08695652173913043,0.007540154524019606,0.04347744738210215
blocks.0.se.fc1,16,,1.0,0.13043478260869565,0.00500065356590303,0.024703751229252894
blocks.0.se.fc1,17,,1.0,0.043478260869565216,0.010333081003017544,0.01731189000266955
blocks.0.se.fc1,21,,0.5652173913043478,0.0,0.043938738089470436,0.524482811685531
blocks.0.se.fc1,26,,1.0,0.0,0.010960480701966525,0.024080917744708278
blocks.0.se.fc1,27,,1.0,0.043478260869565216,0.007105196529090819,0.021348171929398634
blocks.0.se.fc1,28,,0.9130434782608695,0.0,0.013344253438984769,0.12360082887629076
blocks.0.se.fc1,30,,1.0,0.043478260869565216,0.007900847254474092,0.03234112223848999
blocks.0.se.fc1,31,,1.0,0.08695652173913043,0.010750108505486505,0.04004202967855653
blocks.0.se.fc1.bias,2,,1.0,0.08695652173913043,0.011370459182258595,0.04598596844278001
blocks.0.se.fc1.bias,3,,0.9565217391304348,0.17391304347826086,0.005531925947336101,0.0699272080230364
blocks.0.se.fc1.bias,5,,1.0,0.21739130434782608,0.007415962037023033,0.01825945668752509
blocks.0.se.fc1.bias,7,,0.782608695652174,0.043478260869565216,0.015906865542951957,0.14171742943358312
blocks.0.se.fc1.bias,8,,1.0,0.13043478260869565,0.008881527465341167,0.02632202302593214
blocks.0.se.fc1.bias,10,,1.0,0.21739130434782608,0.004014457445683679,0.01725359910874632
blocks.0.se.fc1.bias,11,,1.0,0.2608695652173913,0.004083580719425841,0.010714502119251346
blocks.0.se.fc1.bias,13,,1.0,0.34782608695652173,0.003815827554793281,0.016724511181201808
blocks.0.se.fc1.bias,15,,0.9565217391304348,0.13043478260869565,0.006595700824846231,0.06787703915830581
blocks.0.se.fc1.bias,16,,1.0,0.34782608695652173,0.004012365116827189,0.04670204237444396
blocks.0.se.fc1.bias,17,,1.0,0.17391304347826086,0.008750656613629023,0.016906323262176243
blocks.0.se.fc1.bias,21,,0.5652173913043478,0.13043478260869565,0.03047938704894553,0.43027798574771964
blocks.0.se.fc1.bias,26,,1.0,0.17391304347826086,0.007131639988747856,0.02603655373346452
blocks.0.se.fc1.bias,27,,1.0,0.21739130434782608,0.005992010743233955,0.01649340601212465
blocks.0.se.fc1.bias,28,,0.9130434782608695,0.08695652173913043,0.008639822209272794,0.13987708318350744
blocks.0.se.fc1.bias,30,,1.0,0.17391304347826086,0.0050609009499728635,0.044079826352691115
blocks.0.se.fc1.bias,31,,1.0,0.21739130434782608,0.005779048884657571,0.03250963578946649
blocks.0.se.fc2.bias,7,gamma c7,0.6086956521739131,0.2608695652173913,0.02764147335301549,0.12654462392463867
blocks.0.se.fc2.bias,17,gamma c17,0.6086956521739131,0.21739130434782608,0.03514306804655957,0.19968758821970242
blocks.0.se.fc2.bias,25,gamma c25,1.0,0.43478260869565216,0.015988692447424062,0.03708867826378398
blocks.0.se.fc2.bias,42,gamma c42,0.6521739130434783,0.2608695652173913,0.03924310531490846,0.23729345928539083
blocks.0.se.fc2.bias,52,gamma c52,0.6086956521739131,0.2608695652173913,0.04075537963713256,0.17797836537575315
blocks.0.se.fc2.bias,73,gamma c73,0.5652173913043478,0.30434782608695654,0.04492902567687773,0.24459520376971305
blocks.0.se.fc2.bias,87,gamma c87,0.8260869565217391,0.21739130434782608,0.02241419913909683,0.06470435401886486
blocks.0.se.fc2.bias,91,gamma c91,0.6086956521739131,0.21739130434782608,0.03142742989499128,0.10874117747121874
blocks.0.se.fc2.bias,114,gamma c114,0.9565217391304348,0.4782608695652174,0.015341157249853063,0.059989082901640504
blocks.0.se.fc2.bias,118,gamma c118,0.5652173913043478,0.2608695652173913,0.04081011712742397,0.37866594882004373
blocks.0.se.fc2.bias,126,gamma c126,0.5652173913043478,0.13043478260869565,0.04805803976638316,0.1338248673370604
blocks.0.se.fc2.in_beta,2,,1.0,0.0,0.0026857941836107182,0.005432404070957881
blocks.0.se.fc2.in_beta,3,,1.0,0.0,0.004602332696773215,0.007172075156055756
blocks.0.se.fc2.in_beta,5,,1.0,0.0,0.006615349208670652,0.007447931116397305
blocks.0.se.fc2.in_beta,7,,1.0,0.0,0.0046558082058894374,0.0068236557538748875
blocks.0.se.fc2.in_beta,8,,1.0,0.0,0.0036156504633784153,0.004527369244192136
blocks.0.se.fc2.in_beta,10,,1.0,0.0,0.005781106647860139,0.007418600744240135
blocks.0.se.fc2.in_beta,11,,1.0,0.0,0.007415955288895355,0.009546239454109956
blocks.0.se.fc2.in_beta,13,,1.0,0.0,0.006217617125377945,0.006990656550643849
blocks.0.se.fc2.in_beta,15,,1.0,0.0,0.0037723979933769426,0.006668128532737856
blocks.0.se.fc2.in_beta,16,,1.0,0.0,0.004761315902586522,0.005521366888293086
blocks.0.se.fc2.in_beta,17,,1.0,0.0,0.0070036256607814455,0.008171747210120503
blocks.0.se.fc2.in_beta,19,,1.0,0.0,0.005234951833445428,0.021358761579619075
blocks.0.se.fc2.in_beta,21,,1.0,0.0,0.004145182434016026,0.009464552602450459
blocks.0.se.fc2.in_beta,26,,1.0,0.0,0.004050782857133531,0.006004748363530758
blocks.0.se.fc2.in_beta,27,,1.0,0.0,0.004807357279025988,0.005793235388855504
blocks.0.se.fc2.in_beta,28,,1.0,0.0,0.009323456018430338,0.014472300946180131
blocks.0.se.fc2.in_beta,30,,1.0,0.0,0.006151344326099751,0.010630097789911482
blocks.0.se.fc2.in_beta,31,,1.0,0.0,0.004343929272524616,0.005893938373715418
blocks.0.se.fc2.in_gamma,2,,1.0,0.0,0.0019058348993818543,0.0034523245156264726
blocks.0.se.fc2.in_gamma,3,,1.0,0.0,0.0035486239370534226,0.0047599632116188196
blocks.0.se.fc2.in_gamma,5,,1.0,0.0,0.005713972662432899,0.007368073927783559
blocks.0.se.fc2.in_gamma,7,,1.0,0.0,0.003155787892585518,0.0038751401763935257
blocks.0.se.fc2.in_gamma,8,,1.0,0.0,0.0026365753928586874,0.0033533138565740683
blocks.0.se.fc2.in_gamma,10,,1.0,0.0,0.005515300076360042,0.0067894890448734965
blocks.0.se.fc2.in_gamma,11,,1.0,0.0,0.006839061528609954,0.007860031258521678
blocks.0.se.fc2.in_gamma,13,,1.0,0.0,0.005694815911000634,0.007008800261515454
blocks.0.se.fc2.in_gamma,15,,1.0,0.0,0.003558327180090618,0.00452322437854771
blocks.0.se.fc2.in_gamma,16,,1.0,0.0,0.003133302242352603,0.004290849190054001
blocks.0.se.fc2.in_gamma,17,,1.0,0.0,0.0045886110661943836,0.006168374048665976
blocks.0.se.fc2.in_gamma,19,,1.0,0.0,0.0026724189509257502,0.009035414788741527
blocks.0.se.fc2.in_gamma,21,,1.0,0.0,0.002425899275387813,0.005861909762230718
blocks.0.se.fc2.in_gamma,26,,1.0,0.0,0.00306360488605843,0.004147949831193275
blocks.0.se.fc2.in_gamma,27,,1.0,0.0,0.004378214279574295,0.005435528595561017
blocks.0.se.fc2.in_gamma,28,,1.0,0.0,0.006599898018342762,0.008179076308438959
blocks.0.se.fc2.in_gamma,30,,1.0,0.0,0.004367825670183384,0.006345142954728629
blocks.0.se.fc2.in_gamma,31,,1.0,0.0,0.0033300740343176895,0.004141011532640658
blocks.0.se.fc2.out,7,gamma c7,0.6086956521739131,0.34782608695652173,0.027286893738057535,0.12644290623005336
blocks.0.se.fc2.out,17,gamma c17,0.6956521739130435,0.13043478260869565,0.039960932348543726,0.20767513500605803
blocks.0.se.fc2.out,25,gamma c25,1.0,0.5217391304347826,0.014872393200538217,0.03175620135210127
blocks.0.se.fc2.out,28,gamma c28,0.5217391304347826,0.21739130434782608,0.04933676325381479,0.19421997819274647
blocks.0.se.fc2.out,42,gamma c42,0.5652173913043478,0.21739130434782608,0.04427420891927275,0.2519917453135264
blocks.0.se.fc2.out,52,gamma c52,0.5652173913043478,0.21739130434782608,0.04078554570151536,0.16281142639989737
blocks.0.se.fc2.out,73,gamma c73,0.6521739130434783,0.30434782608695654,0.04187836812770182,0.22776485961317933
blocks.0.se.fc2.out,87,gamma c87,0.9130434782608695,0.391304347826087,0.02290980237031206,0.0578952877616431
blocks.0.se.fc2.out,91,gamma c91,0.6086956521739131,0.2608695652173913,0.03092531771997609,0.11752273416190685
blocks.0.se.fc2.out,114,gamma c114,0.9565217391304348,0.5217391304347826,0.0159503711338899,0.05347803618197519
blocks.0.se.fc2.out,126,gamma c126,0.5652173913043478,0.13043478260869565,0.03988583003583343,0.1170036769699914
blocks.1.se.fc1,1,,0.6086956521739131,0.0,0.029193146256106726,0.34185076611829956
blocks.1.se.fc1,2,,1.0,0.0,0.014250658039050778,0.020918140301332693
blocks.1.se.fc1,5,,1.0,0.0,0.01062090956655896,0.020041703888451088
blocks.1.se.fc1,6,,0.9130434782608695,0.0,0.008654628700967053,0.07964104779995534
blocks.1.se.fc1,7,,1.0,0.0,0.008026624863241537,0.023722644393629103
blocks.1.se.fc1,8,,1.0,0.0,0.007488274769575267,0.020448450346153956
blocks.1.se.fc1,10,,0.9565217391304348,0.0,0.008896618229753465,0.10963623893136405
blocks.1.se.fc1,11,,1.0,0.0,0.010323260369871494,0.026661187960812485
blocks.1.se.fc1,12,,1.0,0.0,0.009099004802872976,0.022469417066792362
blocks.1.se.fc1,14,,1.0,0.0,0.014650575928170664,0.02845222272325635
blocks.1.se.fc1,17,,1.0,0.0,0.01042183231538636,0.019613927967273133
blocks.1.se.fc1,19,,0.9565217391304348,0.0,0.010710976925385187,0.10988974888146244
blocks.1.se.fc1,20,,0.6956521739130435,0.0,0.014664535229413843,0.29663923073900156
blocks.1.se.fc1,24,,0.8260869565217391,0.0,0.009735180255715131,0.27709033292992963
blocks.1.se.fc1,25,,1.0,0.0,0.010503512987282988,0.027103863188926238
blocks.1.se.fc1,30,,0.9130434782608695,0.0,0.014359264007955173,0.05692868592268371
blocks.1.se.fc1.bias,1,,0.6086956521739131,0.08695652173913043,0.035156014750005814,0.5812918289643277
blocks.1.se.fc1.bias,2,,1.0,0.17391304347826086,0.006661881940938983,0.019477586473410035
blocks.1.se.fc1.bias,5,,1.0,0.043478260869565216,0.010865136657579901,0.03206755232977974
blocks.1.se.fc1.bias,6,,0.9130434782608695,0.17391304347826086,0.006958691602787454,0.1066213624111282
blocks.1.se.fc1.bias,7,,1.0,0.17391304347826086,0.008747058430832386,0.037808547474335916
blocks.1.se.fc1.bias,8,,1.0,0.17391304347826086,0.004761902690643272,0.03141002775102912
blocks.1.se.fc1.bias,10,,0.9565217391304348,0.17391304347826086,0.009922333676113925,0.13704422726733612
blocks.1.se.fc1.bias,11,,1.0,0.08695652173913043,0.007158194069695202,0.03899382122287474
blocks.1.se.fc1.bias,12,,1.0,0.21739130434782608,0.007778711993302781,0.028622632163382476
blocks.1.se.fc1.bias,14,,1.0,0.2608695652173913,0.00873116331647939,0.044359571687990235
blocks.1.se.fc1.bias,17,,1.0,0.13043478260869565,0.007328358454395982,0.019940804462716653
blocks.1.se.fc1.bias,19,,0.9565217391304348,0.17391304347826086,0.00703376283512918,0.16019102633962634
blocks.1.se.fc1.bias,20,,0.6956521739130435,0.13043478260869565,0.020516398853730824,0.6696486363688474
blocks.1.se.fc1.bias,24,,0.8260869565217391,0.13043478260869565,0.00899620209038042,0.37856834253526905
blocks.1.se.fc1.bias,25,,1.0,0.17391304347826086,0.008497129316995294,0.042799830781131205
blocks.1.se.fc1.bias,30,,0.8695652173913043,0.043478260869565216,0.015711471362032853,0.06529079470056781
blocks.1.se.fc2.in_beta,1,,1.0,0.0,0.008052817484412316,0.014517551213748802
blocks.1.se.fc2.in_beta,2,,1.0,0.0,0.005139258834424985,0.009790167994835001
blocks.1.se.fc2.in_beta,4,,0.8695652173913043,0.0,0.015985432306683648,0.11976971122695665
blocks.1.se.fc2.in_beta,5,,1.0,0.0,0.00466217234790636,0.006445911079090966
blocks.1.se.fc2.in_beta,6,,1.0,0.0,0.004841077844569149,0.010207994392751834
blocks.1.se.fc2.in_beta,7,,1.0,0.0,0.005733650492932118,0.009265310389767903
blocks.1.se.fc2.in_beta,8,,1.0,0.0,0.004848166583501639,0.009644225649705488
blocks.1.se.fc2.in_beta,10,,1.0,0.0,0.007533243410620567,0.010461271194967496
blocks.1.se.fc2.in_beta,11,,1.0,0.0,0.005291801877223695,0.00984602056599291
blocks.1.se.fc2.in_beta,12,,1.0,0.0,0.005899257797113997,0.009356712067133975
blocks.1.se.fc2.in_beta,14,,1.0,0.0,0.00606035462162902,0.010410821328702271
blocks.1.se.fc2.in_beta,16,,0.6521739130434783,0.0,0.0364761168630351,0.11453679576089182
blocks.1.se.fc2.in_beta,17,,1.0,0.0,0.00271345009769035,0.007859950947754345
blocks.1.se.fc2.in_beta,18,,0.9565217391304348,0.0,0.008380289940229256,0.12496059154720264
blocks.1.se.fc2.in_beta,19,,1.0,0.0,0.00787796333105292,0.012437969094265117
blocks.1.se.fc2.in_beta,20,,1.0,0.0,0.004965135247113435,0.03340583166385759
blocks.1.se.fc2.in_beta,22,,0.9130434782608695,0.0,0.015215899697873046,0.06660233619109425
blocks.1.se.fc2.in_beta,23,,0.7391304347826086,0.0,0.030028342984679095,0.09459016729431251
blocks.1.se.fc2.in_beta,24,,1.0,0.0,0.005419508675359049,0.011510493677091654
blocks.1.se.fc2.in_beta,25,,1.0,0.0,0.004291137349564495,0.006776558159154804
blocks.1.se.fc2.in_beta,30,,1.0,0.0,0.00705132497551231,0.012873642412467497
blocks.1.se.fc2.in_beta,31,,1.0,0.0,0.012907044535267365,0.0258908249583974
blocks.1.se.fc2.in_gamma,0,,0.5652173913043478,0.0,0.04554369887666753,0.13480629792812146
blocks.1.se.fc2.in_gamma,1,,1.0,0.0,0.007476588156620946,0.011460747914333295
blocks.1.se.fc2.in_gamma,2,,1.0,0.0,0.008560395432747376,0.01056494276548451
blocks.1.se.fc2.in_gamma,4,,1.0,0.0,0.009562308256330834,0.043521311959756774
blocks.1.se.fc2.in_gamma,5,,1.0,0.0,0.007411971979531639,0.00900286980196793
blocks.1.se.fc2.in_gamma,6,,1.0,0.0,0.006859737947872479,0.010102901263490602
blocks.1.se.fc2.in_gamma,7,,1.0,0.0,0.007467275207586089,0.009542104550927903
blocks.1.se.fc2.in_gamma,8,,1.0,0.0,0.00427769078074976,0.006426296499765557
blocks.1.se.fc2.in_gamma,10,,1.0,0.0,0.00838288200439102,0.010161513355523179
blocks.1.se.fc2.in_gamma,11,,1.0,0.0,0.00787667955559449,0.008802600979824526
blocks.1.se.fc2.in_gamma,12,,1.0,0.0,0.007083537228676545,0.008647427156509692
blocks.1.se.fc2.in_gamma,14,,1.0,0.0,0.00940235873320756,0.010408863760241017
blocks.1.se.fc2.in_gamma,15,,0.6521739130434783,0.0,0.04314592201921738,0.18465622416496227
blocks.1.se.fc2.in_gamma,16,,0.9565217391304348,0.0,0.02241849206972495,0.06951842778792415
blocks.1.se.fc2.in_gamma,17,,1.0,0.0,0.003451519971695623,0.00703404687311094
blocks.1.se.fc2.in_gamma,18,,1.0,0.0,0.005263434017614878,0.046142951732347524
blocks.1.se.fc2.in_gamma,19,,1.0,0.0,0.009780595449142868,0.011330065950118302
blocks.1.se.fc2.in_gamma,20,,1.0,0.0,0.005383185624639056,0.016035411834687367
blocks.1.se.fc2.in_gamma,22,,1.0,0.0,0.009053375462886612,0.0370176427570269
blocks.1.se.fc2.in_gamma,23,,1.0,0.0,0.019238838415837064,0.04383936998735761
blocks.1.se.fc2.in_gamma,24,,1.0,0.0,0.006685218918487198,0.008017029798123926
blocks.1.se.fc2.in_gamma,25,,1.0,0.0,0.005480377717937478,0.00640153346773864
blocks.1.se.fc2.in_gamma,30,,1.0,0.0,0.006028421422558531,0.00832297397388239
blocks.1.se.fc2.in_gamma,31,,1.0,0.0,0.010047488114531452,0.02090005763288062
blocks.2.se.fc1,0,,0.9565217391304348,0.043478260869565216,0.011670319378504306,0.058030501157902654
blocks.2.se.fc1,2,,0.8260869565217391,0.0,0.02151843820948943,0.14344216598725298
blocks.2.se.fc1,6,,0.7391304347826086,0.0,0.02757806977915186,0.40593185161082807
blocks.2.se.fc1,7,,0.8260869565217391,0.0,0.01431310494413755,0.08254257514495257
blocks.2.se.fc1,8,,0.6521739130434783,0.043478260869565216,0.030099664847937278,0.169270327408885
blocks.2.se.fc1,9,,0.9565217391304348,0.0,0.011507156976106585,0.1968209273906182
blocks.2.se.fc1,11,,1.0,0.0,0.010809309938004698,0.02709138286799748
blocks.2.se.fc1,12,,0.8695652173913043,0.0,0.012023187189940159,0.1929230017644609
blocks.2.se.fc1,15,,0.6521739130434783,0.0,0.0435627682875712,0.32057188860312696
blocks.2.se.fc1,16,,0.782608695652174,0.0,0.01970163948533708,0.30962161581302616
blocks.2.se.fc1,17,,0.9565217391304348,0.0,0.01140915746128211,0.06124729753507315
blocks.2.se.fc1,19,,0.6956521739130435,0.0,0.022576103143318642,0.18165366700997515
blocks.2.se.fc1,21,,0.8260869565217391,0.0,0.015937141634464528,1.0222472447021738
blocks.2.se.fc1,22,,0.8260869565217391,0.0,0.017568685161367083,0.1305276225329823
blocks.2.se.fc1,24,,1.0,0.0,0.010177202917689488,0.019804416667909358
blocks.2.se.fc1,25,,0.6956521739130435,0.0,0.0201407304280668,0.11772910775182352
blocks.2.se.fc1,27,,1.0,0.0,0.009529355958081727,0.02203466443871044
blocks.2.se.fc1,28,,0.6521739130434783,0.0,0.016813988722072255,0.5080122523194402
blocks.2.se.fc1.bias,0,,0.9565217391304348,0.391304347826087,0.004939317498329458,0.09361901663951888
blocks.2.se.fc1.bias,2,,0.8260869565217391,0.13043478260869565,0.021762726426231435,0.13464476851617663
blocks.2.se.fc1.bias,6,,0.6521739130434783,0.043478260869565216,0.031194097162754744,0.5875249870174828
blocks.2.se.fc1.bias,7,,0.8260869565217391,0.21739130434782608,0.010578220977017697,0.10548820621832275
blocks.2.se.fc1.bias,8,,0.5652173913043478,0.043478260869565216,0.028638992230093387,0.19323836498161295
blocks.2.se.fc1.bias,9,,0.9565217391304348,0.21739130434782608,0.006181651911281675,0.1729648594964926
blocks.2.se.fc1.bias,11,,1.0,0.17391304347826086,0.007475354028915823,0.032811725854091596
blocks.2.se.fc1.bias,12,,0.8260869565217391,0.17391304347826086,0.010305383428697312,0.2375434881155754
blocks.2.se.fc1.bias,15,,0.6086956521739131,0.2608695652173913,0.028235894657256597,0.4166979240448107
blocks.2.se.fc1.bias,16,,0.782608695652174,0.13043478260869565,0.017929428314518405,0.39509637584569307
blocks.2.se.fc1.bias,17,,0.8695652173913043,0.13043478260869565,0.008967259881930409,0.06259114477197357
blocks.2.se.fc1.bias,19,,0.6956521739130435,0.0,0.026118599728791294,0.19519078709436394
blocks.2.se.fc1.bias,21,,0.6956521739130435,0.08695652173913043,0.016215477161455737,1.110518857316173
blocks.2.se.fc1.bias,22,,0.7391304347826086,0.13043478260869565,0.020257005951239512,0.18255204457324545
blocks.2.se.fc1.bias,24,,1.0,0.13043478260869565,0.011002835257995497,0.040881715717814335
blocks.2.se.fc1.bias,25,,0.782608695652174,0.17391304347826086,0.02149453507385238,0.19692123566762954
blocks.2.se.fc1.bias,27,,1.0,0.21739130434782608,0.007663910743137364,0.027737357802776447
blocks.2.se.fc1.bias,28,,0.6956521739130435,0.13043478260869565,0.01683926469989665,0.5712048764557598
blocks.2.se.fc2.bias,88,gamma c88,0.5652173913043478,0.21739130434782608,0.03903962517950076,0.2579752467240221
blocks.2.se.fc2.in_beta,0,,1.0,0.0,0.005982035233324542,0.008844481953318878
blocks.2.se.fc2.in_beta,2,,0.9565217391304348,0.0,0.008023630197636184,0.0860868310642132
blocks.2.se.fc2.in_beta,3,,0.9565217391304348,0.0,0.01173029707832356,0.05489617206175757
blocks.2.se.fc2.in_beta,6,,1.0,0.0,0.0072680267827641264,0.013959253930527476
blocks.2.se.fc2.in_beta,7,,1.0,0.0,0.00932863291314397,0.012845838443604027
blocks.2.se.fc2.in_beta,8,,1.0,0.0,0.011534847321009142,0.037696593912596776
blocks.2.se.fc2.in_beta,9,,1.0,0.0,0.009639619092885295,0.01482020197008522
blocks.2.se.fc2.in_beta,11,,1.0,0.0,0.007434947333048833,0.010394925102246159
blocks.2.se.fc2.in_beta,12,,1.0,0.0,0.0070800965229285,0.008975094972236862
blocks.2.se.fc2.in_beta,15,,1.0,0.0,0.005948492336832937,0.034449286572257765
blocks.2.se.fc2.in_beta,16,,1.0,0.0,0.0060729145498952955,0.0221167850869565
blocks.2.se.fc2.in_beta,17,,1.0,0.0,0.0063483300354418475,0.010624792858512396
blocks.2.se.fc2.in_beta,19,,1.0,0.0,0.0074876759916693856,0.014805196190001093
blocks.2.se.fc2.in_beta,21,,1.0,0.0,0.0054283790827247234,0.02954238970372885
blocks.2.se.fc2.in_beta,22,,1.0,0.0,0.00633873897934405,0.02535344685581996
blocks.2.se.fc2.in_beta,23,,0.6956521739130435,0.0,0.0350968633442702,0.13007748680834372
blocks.2.se.fc2.in_beta,24,,1.0,0.0,0.020153248083783985,0.02537063647395668
blocks.2.se.fc2.in_beta,25,,1.0,0.0,0.0063084613466996165,0.03827666312927715
blocks.2.se.fc2.in_beta,27,,1.0,0.0,0.005284132621638003,0.007241393475424484
blocks.2.se.fc2.in_beta,28,,0.9130434782608695,0.0,0.008433095316629686,0.055126992473247295
blocks.2.se.fc2.in_gamma,0,,1.0,0.0,0.004044429283966073,0.0047704742623832005
blocks.2.se.fc2.in_gamma,2,,1.0,0.0,0.00678079508691702,0.045259383550607345
blocks.2.se.fc2.in_gamma,3,,1.0,0.0,0.006765202031842926,0.01959900400799384
blocks.2.se.fc2.in_gamma,6,,1.0,0.0,0.003587708745003201,0.006359541410114919
blocks.2.se.fc2.in_gamma,7,,1.0,0.0,0.004671837938223724,0.008579361942482254
blocks.2.se.fc2.in_gamma,8,,1.0,0.0,0.0052618443778053555,0.007767807220090491
blocks.2.se.fc2.in_gamma,9,,1.0,0.0,0.00611187886735524,0.008514198447409535
blocks.2.se.fc2.in_gamma,10,,0.9565217391304348,0.0,0.016497241031335815,0.05046703434174645
blocks.2.se.fc2.in_gamma,11,,1.0,0.0,0.007432197093922702,0.009766063852630727
blocks.2.se.fc2.in_gamma,12,,1.0,0.0,0.004136685637082906,0.005277320164633899
blocks.2.se.fc2.in_gamma,15,,1.0,0.0,0.0033638462519376155,0.012758691350253735
blocks.2.se.fc2.in_gamma,16,,1.0,0.0,0.004739079743117499,0.012227098685279133
blocks.2.se.fc2.in_gamma,17,,1.0,0.0,0.003949023324002986,0.007249105660385195
blocks.2.se.fc2.in_gamma,18,,0.8260869565217391,0.0,0.03274603902297282,0.15743860808650764
blocks.2.se.fc2.in_gamma,19,,1.0,0.0,0.005551673426739851,0.006797036436727735
blocks.2.se.fc2.in_gamma,21,,1.0,0.0,0.0028696455383945513,0.01281409441682334
blocks.2.se.fc2.in_gamma,22,,1.0,0.0,0.003693889363967454,0.009282431368972168
blocks.2.se.fc2.in_gamma,23,,0.9565217391304348,0.0,0.010360009272977106,0.068572108792937
blocks.2.se.fc2.in_gamma,24,,1.0,0.0,0.010938236625658284,0.014955352789098689
blocks.2.se.fc2.in_gamma,25,,1.0,0.0,0.0033636305624431865,0.015913776911476937
blocks.2.se.fc2.in_gamma,27,,1.0,0.0,0.0032516162266724505,0.004764733478210334
blocks.2.se.fc2.in_gamma,28,,1.0,0.0,0.004914196780925212,0.014604187856104595
blocks.2.se.fc2.in_gamma,29,,0.8695652173913043,0.0,0.03538795285027333,0.05479585297780278
blocks.2.se.fc2.out,88,gamma c88,0.6086956521739131,0.13043478260869565,0.036483295920455655,0.23024977076479927
blocks.2.se.fc2.out,119,gamma c119,0.5217391304347826,0.13043478260869565,0.04977716637351715,0.567179702662142
policy.conv.bias,12,12 Q-NE6,0.6086956521739131,0.08695652173913043,0.04389058979444205,0.14587707366936217
policy.conv.bias,13,13 Q-NE7,0.9565217391304348,0.5217391304347826,0.008169247498174131,0.05950366510176745
policy.conv.bias,25,25 Q-SE5,0.5652173913043478,0.13043478260869565,0.040798376670114746,0.21008845934712445
policy.conv.bias,26,26 Q-SE6,0.7391304347826086,0.13043478260869565,0.0297572292702416,0.09351235656516207
policy.conv.bias,27,27 Q-SE7,1.0,0.30434782608695654,0.012199976672444232,0.03176841792692968
policy.conv.bias,39,39 Q-SW5,0.5217391304347826,0.043478260869565216,0.048685411454848615,0.09395694859755499
policy.conv.bias,40,40 Q-SW6,0.9130434782608695,0.2608695652173913,0.022255584928386585,0.10638226775346256
policy.conv.bias,41,41 Q-SW7,0.9130434782608695,0.2608695652173913,0.009552957828165612,0.06358306131962443
policy.conv.bias,55,55 Q-NW7,0.9565217391304348,0.6086956521739131,0.005197371994503045,0.0959037158775163
policy.conv.bias,64,64 UP-knight-fwd,0.782608695652174,0.13043478260869565,0.01988156088891046,0.12452373929235923
policy.conv.bias,65,65 UP-knight-capL,1.0,0.9130434782608695,0.0023831930491346677,0.012013753642901663
policy.conv.bias,66,66 UP-knight-capR,0.9565217391304348,0.8695652173913043,0.002615579226709283,0.07534399253884304
policy.conv.bias,67,67 UP-rook-fwd,0.9565217391304348,0.17391304347826086,0.016296974964992824,0.10271700112272535
policy.conv.bias,68,68 UP-rook-capL,1.0,0.8695652173913043,0.0024880428919435414,0.036081938373823695
policy.conv.bias,69,69 UP-rook-capR,1.0,0.782608695652174,0.002550921575877033,0.01701213048271438
policy.conv.bias,70,70 UP-bishop-fwd,0.9565217391304348,0.2608695652173913,0.023521765802312578,0.06980208396810869
policy.conv.bias,71,71 UP-bishop-capL,1.0,0.9130434782608695,0.0022583412089100946,0.03865784739923189
policy.conv.bias,72,72 UP-bishop-capR,1.0,1.0,0.002339081936352042,0.006462560174578763
policy.conv.bias,74,74 QP-capL,0.6521739130434783,0.21739130434782608,0.03226699997765611,0.0966155365477244
policy.conv.bias,75,75 QP-capR,0.7391304347826086,0.21739130434782608,0.03511865159203304,0.10389038367745593
policy.conv.in,2,,0.7391304347826086,0.43478260869565216,0.038387423937606,0.11257645438785138
policy.conv.in,116,,0.8695652173913043,0.5217391304347826,0.03489062496367906,0.06601587919229433
policy.conv.out,13,13 Q-NE7,0.9565217391304348,0.5652173913043478,0.009720970341320532,0.0593382508179674
policy.conv.out,26,26 Q-SE6,0.7391304347826086,0.0,0.03760300021879373,0.11558069890941979
policy.conv.out,27,27 Q-SE7,0.9130434782608695,0.34782608695652173,0.014454310477346754,0.0693475906910282
policy.conv.out,40,40 Q-SW6,0.8260869565217391,0.043478260869565216,0.028986890083798282,0.11644583300809479
policy.conv.out,41,41 Q-SW7,0.9130434782608695,0.2608695652173913,0.01419136005401291,0.0938482105730334
policy.conv.out,55,55 Q-NW7,0.9565217391304348,0.6956521739130435,0.005026071255662288,0.09927681533754705
policy.conv.out,64,64 UP-knight-fwd,0.8695652173913043,0.21739130434782608,0.014750312719348173,0.11397728306250296
policy.conv.out,65,65 UP-knight-capL,1.0,0.9565217391304348,0.003179150523750728,0.010762676041160662
policy.conv.out,66,66 UP-knight-capR,0.9565217391304348,0.9565217391304348,0.0034307741039536475,0.06727598893199895
policy.conv.out,67,67 UP-rook-fwd,0.9130434782608695,0.17391304347826086,0.021770692363860398,0.08229876778605721
policy.conv.out,68,68 UP-rook-capL,1.0,0.9565217391304348,0.0030972637889562205,0.035364629605790045
policy.conv.out,69,69 UP-rook-capR,1.0,0.8695652173913043,0.003489378761344663,0.020516631946276287
policy.conv.out,70,70 UP-bishop-fwd,0.9130434782608695,0.391304347826087,0.01775899564524384,0.06861701740818532
policy.conv.out,71,71 UP-bishop-capL,1.0,0.9565217391304348,0.0031303186391645793,0.04172392020277365
policy.conv.out,72,72 UP-bishop-capR,1.0,0.9565217391304348,0.003357581639734125,0.017725550116981962
policy.conv.out,74,74 QP-capL,0.7391304347826086,0.0,0.03263870548714202,0.09008259940012794
policy.conv.out,75,75 QP-capR,0.782608695652174,0.0,0.035367482454760124,0.10763069565355221
policy.pre_bn,2,,0.8695652173913043,0.6521739130434783,0.013586700346997778,0.06480358313237371
policy.pre_bn,54,,0.6956521739130435,0.08695652173913043,0.042472069016053,0.0985392130085358
policy.pre_bn,58,,0.6521739130434783,0.0,0.04465041365551769,0.09125178315317334
policy.pre_bn,60,,0.5217391304347826,0.13043478260869565,0.045346509084227764,0.11034122720662155
policy.pre_bn,88,,0.5217391304347826,0.08695652173913043,0.046314167532184376,0.09527773847955386
policy.pre_bn,116,,1.0,0.6521739130434783,0.012166349046427995,0.048411926254060475
stem.conv.in,19,plane 19 rep >=2 before,1.0,1.0,0.0,0.0
stem.conv.in,20,plane 20 pos 1 plies ago,1.0,1.0,0.0,0.0
stem.conv.in,21,plane 21 pos 2 plies ago,1.0,1.0,0.0,0.0
stem.conv.in,22,plane 22 pos 3 plies ago,1.0,1.0,0.0,0.0
stem.conv.in,24,plane 24 pos 5 plies ago,1.0,1.0,0.0,0.0
stem.conv.in,25,plane 25 pos 6 plies ago,0.8260869565217391,0.21739130434782608,0.020377381654826134,0.10549158691667186
stem.conv.in,26,plane 26 pos 7 plies ago,1.0,1.0,0.0,0.0
stem.conv.in,27,plane 27 pos 8 plies ago,0.5652173913043478,0.08695652173913043,0.041100985327737066,0.0983244794056355
stem.conv.in,28,plane 28 pos 9 plies ago,1.0,1.0,0.0,0.0
stem.conv.in,29,plane 29 pos 10 plies ago,1.0,0.782608695652174,0.0039005693010222757,0.034330298052417815
value.fc1,4,,0.9130434782608695,0.043478260869565216,0.02529045256085569,0.06756004844041384
value.fc1,13,,0.8260869565217391,0.21739130434782608,0.0200137751981634,0.35420927424800164
value.fc1,17,,0.7391304347826086,0.0,0.024983242641147724,0.1562149604830618
value.fc1,21,,0.6956521739130435,0.34782608695652173,0.01720115708727796,0.19351999732342912
value.fc1,34,,0.6956521739130435,0.13043478260869565,0.038403602712336185,0.2847525691021546
value.fc1,40,,0.5652173913043478,0.0,0.037562464856414485,0.16885369411609227
value.fc1,45,,0.6521739130434783,0.0,0.0379302764358875,0.439246013516147
value.fc1,52,,0.7391304347826086,0.0,0.026454997216811913,0.20061797073071375
value.fc1,54,,0.6086956521739131,0.043478260869565216,0.03926623614730545,0.09956558235105978
value.fc1,61,,0.782608695652174,0.0,0.020936839080246683,0.08891748831091037
value.fc1,66,,0.8260869565217391,0.5217391304347826,0.010489888907953042,0.12418463968714998
value.fc1,72,,0.782608695652174,0.17391304347826086,0.017249701155815124,0.10514871608638289
value.fc1,85,,0.8695652173913043,0.2608695652173913,0.017987602782216117,0.7313158475411261
value.fc1,101,,0.9565217391304348,0.7391304347826086,0.0051980625159080964,0.05327410851610093
value.fc1,102,,0.782608695652174,0.30434782608695654,0.019245905704307897,0.2893388237761742
value.fc1,106,,0.5652173913043478,0.043478260869565216,0.04570075164296588,0.17569168195341595
value.fc1,109,,0.6086956521739131,0.043478260869565216,0.03469372773920098,0.334353108477534
value.fc1,115,,0.5652173913043478,0.0,0.04109543573898913,0.4323673489409897
value.fc1,121,,0.5217391304347826,0.0,0.04956965669762886,0.14253860860689993
value.fc1.bias,0,,0.5652173913043478,0.13043478260869565,0.02542415495700373,0.4355386817550981
value.fc1.bias,4,,0.8695652173913043,0.2608695652173913,0.020022576262855567,0.08836869876271512
value.fc1.bias,13,,0.782608695652174,0.30434782608695654,0.016598065457998926,0.4087271356092387
value.fc1.bias,17,,0.7391304347826086,0.21739130434782608,0.02497006102465777,0.26045901031779645
value.fc1.bias,21,,0.7391304347826086,0.2608695652173913,0.01706900854119233,0.15190931005258437
value.fc1.bias,26,,0.6521739130434783,0.13043478260869565,0.026254382199096735,0.40628126065431247
value.fc1.bias,33,,0.6086956521739131,0.21739130434782608,0.04266810817211313,0.4626363723649412
value.fc1.bias,34,,0.5217391304347826,0.08695652173913043,0.04701194461438068,0.31904804446118046
value.fc1.bias,40,,0.6956521739130435,0.08695652173913043,0.023863029522527217,0.19093335279767218
value.fc1.bias,45,,0.6086956521739131,0.08695652173913043,0.04540546357952657,0.7242373909391515
value.fc1.bias,47,,0.6086956521739131,0.08695652173913043,0.0378086824175104,0.15194729872126767
value.fc1.bias,52,,0.6956521739130435,0.13043478260869565,0.030286141859517533,0.30401994011450567
value.fc1.bias,54,,0.6086956521739131,0.13043478260869565,0.019903419165779868,0.157747988249204
value.fc1.bias,61,,0.8260869565217391,0.21739130434782608,0.017418086857809364,0.11771145530269513
value.fc1.bias,64,,0.5217391304347826,0.13043478260869565,0.045523530031033585,0.19575394133576454
value.fc1.bias,66,,0.782608695652174,0.391304347826087,0.00946442968549937,0.14833960492697756
value.fc1.bias,72,,0.782608695652174,0.2608695652173913,0.019119903861382095,0.13930928395695072
value.fc1.bias,79,,0.5217391304347826,0.043478260869565216,0.04869642637916737,0.2669433259086535
value.fc1.bias,85,,0.8260869565217391,0.30434782608695654,0.017307809891051778,0.6516073170669678
value.fc1.bias,99,,0.5217391304347826,0.08695652173913043,0.04803877509445819,0.30119361277847284
value.fc1.bias,100,,0.6521739130434783,0.08695652173913043,0.03462754979084629,0.16731752941798556
value.fc1.bias,101,,0.9565217391304348,0.6086956521739131,0.005101550365838774,0.08986816792746477
value.fc1.bias,102,,0.7391304347826086,0.30434782608695654,0.01235161408827411,0.2576603442309469
value.fc1.bias,106,,0.782608695652174,0.21739130434782608,0.016480777582072264,0.22671211760353677
value.fc1.bias,109,,0.6086956521739131,0.21739130434782608,0.030081888879136858,0.45587460063567736
value.fc1.bias,115,,0.5652173913043478,0.13043478260869565,0.04849301240988255,0.685855497039732
value.fc1.bias,121,,0.5217391304347826,0.08695652173913043,0.04615561711564859,0.26294478893844214
value.fc1.bias,122,,0.6086956521739131,0.2608695652173913,0.0386949115123046,1.8795739143105652
value.wdl_fc2.in,0,,0.8260869565217391,0.2608695652173913,0.019302857449779626,0.1093347453745876
value.wdl_fc2.in,4,,1.0,0.7391304347826086,0.0031272949513020732,0.014792804879381945
value.wdl_fc2.in,11,,1.0,0.391304347826087,0.0056391528234109,0.0407448340554063
value.wdl_fc2.in,13,,1.0,0.7391304347826086,0.0015986153579006651,0.04179426519297368
value.wdl_fc2.in,17,,0.9565217391304348,0.4782608695652174,0.005630187699537743,0.08475795781368745
value.wdl_fc2.in,19,,0.8260869565217391,0.0,0.027518009911191126,0.22399501984812592
value.wdl_fc2.in,20,,0.9565217391304348,0.30434782608695654,0.009083736314476027,0.07220666564973452
value.wdl_fc2.in,21,,1.0,0.6956521739130435,0.0010222570407074879,0.013064607818053322
value.wdl_fc2.in,22,,1.0,0.30434782608695654,0.006843247636485631,0.048965319062036404
value.wdl_fc2.in,24,,0.9565217391304348,0.13043478260869565,0.01764190521830976,0.11221791760935959
value.wdl_fc2.in,26,,1.0,0.6956521739130435,0.003652768144841559,0.04818429832732012
value.wdl_fc2.in,31,,0.6521739130434783,0.0,0.035647858920513316,0.2603765801874406
value.wdl_fc2.in,33,,0.6956521739130435,0.0,0.028315288082958804,0.2919327011634654
value.wdl_fc2.in,34,,1.0,0.9130434782608695,0.00140017917974465,0.042581967613640824
value.wdl_fc2.in,35,,1.0,0.08695652173913043,0.013314330312072948,0.02926132029935527
value.wdl_fc2.in,37,,1.0,0.2608695652173913,0.008991281197533396,0.04259042075301538
value.wdl_fc2.in,45,,0.9565217391304348,0.6086956521739131,0.0050402824261257945,0.07874732432904097
value.wdl_fc2.in,48,,1.0,0.4782608695652174,0.005322751178344209,0.032872676985894175
value.wdl_fc2.in,52,,1.0,0.7391304347826086,0.002284509487214365,0.029899135363470688
value.wdl_fc2.in,54,,1.0,0.5217391304347826,0.004152481983755864,0.02392840321002754
value.wdl_fc2.in,60,,0.8260869565217391,0.043478260869565216,0.015421454153173603,0.10528275495555943
value.wdl_fc2.in,61,,0.7391304347826086,0.043478260869565216,0.028505887538535467,0.11539892521202116
value.wdl_fc2.in,63,,1.0,0.391304347826087,0.006372502295836738,0.04506016890881007
value.wdl_fc2.in,64,,1.0,0.21739130434782608,0.01032998045963953,0.03017061439613579
value.wdl_fc2.in,66,,1.0,0.782608695652174,0.0013043619453974498,0.01663870835906691
value.wdl_fc2.in,67,,0.9130434782608695,0.17391304347826086,0.008317936171122881,0.14350157317829726
value.wdl_fc2.in,68,,0.6956521739130435,0.043478260869565216,0.03257528441543454,0.2980835031316334
value.wdl_fc2.in,72,,1.0,0.5652173913043478,0.005307715748116644,0.024140513005830498
value.wdl_fc2.in,79,,0.6521739130434783,0.0,0.03521235537989627,0.22270630723422388
value.wdl_fc2.in,80,,1.0,0.2608695652173913,0.007570465007478894,0.036451861239727316
value.wdl_fc2.in,85,,1.0,0.8260869565217391,0.0014760512565748802,0.03220975432600103
value.wdl_fc2.in,87,,0.782608695652174,0.08695652173913043,0.022264406746473252,0.09088324328910247
value.wdl_fc2.in,92,,0.6521739130434783,0.0,0.02102209670046082,0.11746872628144533
value.wdl_fc2.in,99,,0.9130434782608695,0.21739130434782608,0.014446930583374273,0.14038055915791003
value.wdl_fc2.in,100,,1.0,0.08695652173913043,0.013782097935917089,0.04077360401863354
value.wdl_fc2.in,101,,1.0,1.0,0.0009354456490438181,0.004946640561919044
value.wdl_fc2.in,102,,1.0,0.8695652173913043,0.0013807340571675123,0.031456881225842344
value.wdl_fc2.in,105,,0.7391304347826086,0.0,0.02897643561532002,0.13842260051033262
value.wdl_fc2.in,106,,1.0,0.9565217391304348,0.002292935670571627,0.020998899347836386
value.wdl_fc2.in,107,,0.9565217391304348,0.21739130434782608,0.007070965279295745,0.07341628656660296
value.wdl_fc2.in,108,,0.9130434782608695,0.08695652173913043,0.013233668591511101,0.1370865971405966
value.wdl_fc2.in,109,,0.9565217391304348,0.8260869565217391,0.00339917296327758,0.07523356377241312
value.wdl_fc2.in,114,,1.0,0.6521739130434783,0.0037432856299158806,0.0494860956979919
value.wdl_fc2.in,115,,1.0,0.782608695652174,0.0015603046436985714,0.0330247801843312
value.wdl_fc2.in,121,,0.6956521739130435,0.043478260869565216,0.033560388197310866,0.16410823732618032
value.wdl_fc2.in,122,,0.9565217391304348,0.4782608695652174,0.0049079580097075495,0.1789216621203389
value.wdl_fc2.in,127,,0.8260869565217391,0.30434782608695654,0.010202750857967116,0.3395186264647275
