run,step,block,used (>=5 deg),trickle (1-5 deg),unused (<1 deg)
leaky,1000,0,13,3,16
leaky,1000,1,6,4,22
leaky,1000,2,9,3,20
relu,1000,0,11,4,17
relu,1000,1,6,3,23
relu,1000,2,7,5,20
leaky,2000,0,13,3,16
leaky,2000,1,8,2,22
leaky,2000,2,9,3,20
relu,2000,0,14,1,17
relu,2000,1,7,2,23
relu,2000,2,7,7,18
leaky,3000,0,14,2,16
leaky,3000,1,8,2,22
leaky,3000,2,9,3,20
relu,3000,0,14,1,17
relu,3000,1,7,3,22
relu,3000,2,7,7,18
leaky,4000,0,14,2,16
leaky,4000,1,8,2,22
leaky,4000,2,9,3,20
relu,4000,0,14,1,17
relu,4000,1,7,3,22
relu,4000,2,7,7,18
leaky,5000,0,14,2,16
leaky,5000,1,8,3,21
leaky,5000,2,9,3,20
relu,5000,0,14,1,17
relu,5000,1,8,2,22
relu,5000,2,7,7,18
leaky,6000,0,14,2,16
leaky,6000,1,8,3,21
leaky,6000,2,9,3,20
relu,6000,0,14,1,17
relu,6000,1,8,2,22
relu,6000,2,7,7,18
leaky,7000,0,14,2,16
leaky,7000,1,8,3,21
leaky,7000,2,9,3,20
relu,7000,0,14,1,17
relu,7000,1,8,2,22
relu,7000,2,7,7,18
leaky,8000,0,14,2,16
leaky,8000,1,8,3,21
leaky,8000,2,9,3,20
relu,8000,0,14,1,17
relu,8000,1,8,2,22
relu,8000,2,7,7,18
leaky,9000,0,14,2,16
leaky,9000,1,8,3,21
leaky,9000,2,9,4,19
relu,9000,0,14,1,17
relu,9000,1,8,2,22
relu,9000,2,7,7,18
leaky,10000,0,14,2,16
leaky,10000,1,8,3,21
leaky,10000,2,9,4,19
relu,10000,0,14,1,17
relu,10000,1,8,2,22
relu,10000,2,7,7,18
leaky,11000,0,14,2,16
leaky,11000,1,8,3,21
leaky,11000,2,9,4,19
relu,11000,0,14,1,17
relu,11000,1,8,2,22
relu,11000,2,7,7,18
leaky,12000,0,14,2,16
leaky,12000,1,8,3,21
leaky,12000,2,9,4,19
relu,12000,0,14,1,17
relu,12000,1,8,2,22
relu,12000,2,7,7,18
leaky,13000,0,14,2,16
leaky,13000,1,8,3,21
leaky,13000,2,9,4,19
relu,13000,0,14,1,17
relu,13000,1,8,2,22
relu,13000,2,7,7,18
leaky,14000,0,14,2,16
leaky,14000,1,8,3,21
leaky,14000,2,9,4,19
relu,14000,0,14,1,17
relu,14000,1,8,2,22
relu,14000,2,7,7,18
leaky,15000,0,14,2,16
leaky,15000,1,8,3,21
leaky,15000,2,9,4,19
relu,15000,0,14,1,17
relu,15000,1,8,2,22
relu,15000,2,7,7,18
leaky,16000,0,14,2,16
leaky,16000,1,8,3,21
leaky,16000,2,9,4,19
relu,16000,0,14,1,17
relu,16000,1,8,2,22
relu,16000,2,7,7,18
leaky,17000,0,14,2,16
leaky,17000,1,8,3,21
leaky,17000,2,9,4,19
relu,17000,0,14,2,16
relu,17000,1,8,2,22
relu,17000,2,7,7,18
leaky,18000,0,14,2,16
leaky,18000,1,8,4,20
leaky,18000,2,9,4,19
relu,18000,0,14,2,16
relu,18000,1,9,1,22
relu,18000,2,7,7,18
leaky,19000,0,14,2,16
leaky,19000,1,8,5,19
leaky,19000,2,9,4,19
relu,19000,0,14,2,16
relu,19000,1,9,1,22
relu,19000,2,7,7,18
leaky,20000,0,14,2,16
leaky,20000,1,8,5,19
leaky,20000,2,10,3,19
relu,20000,0,14,2,16
relu,20000,1,10,1,21
relu,20000,2,7,7,18
leaky,21000,0,14,2,16
leaky,21000,1,9,4,19
leaky,21000,2,11,3,18
relu,21000,0,14,2,16
relu,21000,1,10,1,21
relu,21000,2,7,7,18
leaky,22000,0,14,2,16
leaky,22000,1,9,5,18
leaky,22000,2,11,3,18
relu,22000,0,14,2,16
relu,22000,1,10,2,20
relu,22000,2,7,7,18
leaky,23000,0,14,2,16
leaky,23000,1,9,5,18
leaky,23000,2,11,3,18
relu,23000,0,14,3,15
relu,23000,1,10,2,20
relu,23000,2,7,7,18
relu_s2,1000,0,11,6,15
relu_s2,1000,1,8,9,15
relu_s2,1000,2,8,7,17
relu_s2,2000,0,13,4,15
relu_s2,2000,1,11,7,14
relu_s2,2000,2,10,7,15
relu_s2,3000,0,13,5,14
relu_s2,3000,1,11,8,13
relu_s2,3000,2,10,7,15
relu_s2,4000,0,13,5,14
relu_s2,4000,1,11,8,13
relu_s2,4000,2,11,7,14
relu_s2,5000,0,13,5,14
relu_s2,5000,1,11,8,13
relu_s2,5000,2,11,7,14
relu_s2,6000,0,13,5,14
relu_s2,6000,1,11,8,13
relu_s2,6000,2,11,8,13
relu_s2,7000,0,13,5,14
relu_s2,7000,1,11,8,13
relu_s2,7000,2,11,9,12
relu_s2,7282,0,13,5,14
relu_s2,7282,1,11,8,13
relu_s2,7282,2,11,9,12
