run,step,model_id,channel,dead_squares,squares
leaky,1000,20261001-43-NbWz,0,0,
leaky,1000,20261001-43-NbWz,1,0,
leaky,1000,20261001-43-NbWz,2,0,
leaky,1000,20261001-43-NbWz,3,0,
leaky,1000,20261001-43-NbWz,4,0,
leaky,1000,20261001-43-NbWz,5,0,
leaky,1000,20261001-43-NbWz,6,0,
leaky,1000,20261001-43-NbWz,7,0,
leaky,1000,20261001-43-NbWz,8,0,
leaky,1000,20261001-43-NbWz,9,0,
leaky,1000,20261001-43-NbWz,10,0,
leaky,1000,20261001-43-NbWz,11,0,
leaky,1000,20261001-43-NbWz,12,0,
leaky,1000,20261001-43-NbWz,13,0,
leaky,1000,20261001-43-NbWz,14,0,
leaky,1000,20261001-43-NbWz,15,0,
leaky,2000,20261001-43-NbWz,0,0,
leaky,2000,20261001-43-NbWz,1,0,
leaky,2000,20261001-43-NbWz,2,0,
leaky,2000,20261001-43-NbWz,3,0,
leaky,2000,20261001-43-NbWz,4,0,
leaky,2000,20261001-43-NbWz,5,0,
leaky,2000,20261001-43-NbWz,6,0,
leaky,2000,20261001-43-NbWz,7,0,
leaky,2000,20261001-43-NbWz,8,0,
leaky,2000,20261001-43-NbWz,9,0,
leaky,2000,20261001-43-NbWz,10,0,
leaky,2000,20261001-43-NbWz,11,0,
leaky,2000,20261001-43-NbWz,12,0,
leaky,2000,20261001-43-NbWz,13,0,
leaky,2000,20261001-43-NbWz,14,0,
leaky,2000,20261001-43-NbWz,15,0,
leaky,3000,20261001-43-NbWz,0,0,
leaky,3000,20261001-43-NbWz,1,0,
leaky,3000,20261001-43-NbWz,2,0,
leaky,3000,20261001-43-NbWz,3,0,
leaky,3000,20261001-43-NbWz,4,0,
leaky,3000,20261001-43-NbWz,5,0,
leaky,3000,20261001-43-NbWz,6,0,
leaky,3000,20261001-43-NbWz,7,0,
leaky,3000,20261001-43-NbWz,8,0,
leaky,3000,20261001-43-NbWz,9,0,
leaky,3000,20261001-43-NbWz,10,0,
leaky,3000,20261001-43-NbWz,11,0,
leaky,3000,20261001-43-NbWz,12,0,
leaky,3000,20261001-43-NbWz,13,0,
leaky,3000,20261001-43-NbWz,14,0,
leaky,3000,20261001-43-NbWz,15,0,
leaky,4000,20261001-43-NbWz,0,0,
leaky,4000,20261001-43-NbWz,1,0,
leaky,4000,20261001-43-NbWz,2,0,
leaky,4000,20261001-43-NbWz,3,0,
leaky,4000,20261001-43-NbWz,4,0,
leaky,4000,20261001-43-NbWz,5,0,
leaky,4000,20261001-43-NbWz,6,0,
leaky,4000,20261001-43-NbWz,7,0,
leaky,4000,20261001-43-NbWz,8,0,
leaky,4000,20261001-43-NbWz,9,0,
leaky,4000,20261001-43-NbWz,10,0,
leaky,4000,20261001-43-NbWz,11,0,
leaky,4000,20261001-43-NbWz,12,0,
leaky,4000,20261001-43-NbWz,13,0,
leaky,4000,20261001-43-NbWz,14,0,
leaky,4000,20261001-43-NbWz,15,0,
leaky,5000,20261001-43-NbWz,0,0,
leaky,5000,20261001-43-NbWz,1,0,
leaky,5000,20261001-43-NbWz,2,0,
leaky,5000,20261001-43-NbWz,3,0,
leaky,5000,20261001-43-NbWz,4,0,
leaky,5000,20261001-43-NbWz,5,0,
leaky,5000,20261001-43-NbWz,6,0,
leaky,5000,20261001-43-NbWz,7,0,
leaky,5000,20261001-43-NbWz,8,0,
leaky,5000,20261001-43-NbWz,9,0,
leaky,5000,20261001-43-NbWz,10,0,
leaky,5000,20261001-43-NbWz,11,0,
leaky,5000,20261001-43-NbWz,12,0,
leaky,5000,20261001-43-NbWz,13,0,
leaky,5000,20261001-43-NbWz,14,0,
leaky,5000,20261001-43-NbWz,15,0,
leaky,6000,20261001-43-NbWz,0,0,
leaky,6000,20261001-43-NbWz,1,0,
leaky,6000,20261001-43-NbWz,2,0,
leaky,6000,20261001-43-NbWz,3,0,
leaky,6000,20261001-43-NbWz,4,0,
leaky,6000,20261001-43-NbWz,5,0,
leaky,6000,20261001-43-NbWz,6,0,
leaky,6000,20261001-43-NbWz,7,0,
leaky,6000,20261001-43-NbWz,8,0,
leaky,6000,20261001-43-NbWz,9,0,
leaky,6000,20261001-43-NbWz,10,0,
leaky,6000,20261001-43-NbWz,11,0,
leaky,6000,20261001-43-NbWz,12,0,
leaky,6000,20261001-43-NbWz,13,0,
leaky,6000,20261001-43-NbWz,14,0,
leaky,6000,20261001-43-NbWz,15,0,
leaky,7000,20261001-43-NbWz,0,0,
leaky,7000,20261001-43-NbWz,1,0,
leaky,7000,20261001-43-NbWz,2,0,
leaky,7000,20261001-43-NbWz,3,0,
leaky,7000,20261001-43-NbWz,4,0,
leaky,7000,20261001-43-NbWz,5,0,
leaky,7000,20261001-43-NbWz,6,0,
leaky,7000,20261001-43-NbWz,7,0,
leaky,7000,20261001-43-NbWz,8,0,
leaky,7000,20261001-43-NbWz,9,0,
leaky,7000,20261001-43-NbWz,10,0,
leaky,7000,20261001-43-NbWz,11,0,
leaky,7000,20261001-43-NbWz,12,0,
leaky,7000,20261001-43-NbWz,13,0,
leaky,7000,20261001-43-NbWz,14,0,
leaky,7000,20261001-43-NbWz,15,0,
leaky,8000,20261001-43-NbWz,0,0,
leaky,8000,20261001-43-NbWz,1,0,
leaky,8000,20261001-43-NbWz,2,0,
leaky,8000,20261001-43-NbWz,3,0,
leaky,8000,20261001-43-NbWz,4,0,
leaky,8000,20261001-43-NbWz,5,0,
leaky,8000,20261001-43-NbWz,6,0,
leaky,8000,20261001-43-NbWz,7,0,
leaky,8000,20261001-43-NbWz,8,0,
leaky,8000,20261001-43-NbWz,9,0,
leaky,8000,20261001-43-NbWz,10,0,
leaky,8000,20261001-43-NbWz,11,0,
leaky,8000,20261001-43-NbWz,12,0,
leaky,8000,20261001-43-NbWz,13,0,
leaky,8000,20261001-43-NbWz,14,0,
leaky,8000,20261001-43-NbWz,15,0,
leaky,9000,20261001-43-NbWz,0,0,
leaky,9000,20261001-43-NbWz,1,0,
leaky,9000,20261001-43-NbWz,2,0,
leaky,9000,20261001-43-NbWz,3,0,
leaky,9000,20261001-43-NbWz,4,0,
leaky,9000,20261001-43-NbWz,5,0,
leaky,9000,20261001-43-NbWz,6,0,
leaky,9000,20261001-43-NbWz,7,0,
leaky,9000,20261001-43-NbWz,8,0,
leaky,9000,20261001-43-NbWz,9,0,
leaky,9000,20261001-43-NbWz,10,0,
leaky,9000,20261001-43-NbWz,11,0,
leaky,9000,20261001-43-NbWz,12,0,
leaky,9000,20261001-43-NbWz,13,0,
leaky,9000,20261001-43-NbWz,14,0,
leaky,9000,20261001-43-NbWz,15,0,
leaky,10000,20261001-43-NbWz,0,0,
leaky,10000,20261001-43-NbWz,1,0,
leaky,10000,20261001-43-NbWz,2,0,
leaky,10000,20261001-43-NbWz,3,0,
leaky,10000,20261001-43-NbWz,4,0,
leaky,10000,20261001-43-NbWz,5,0,
leaky,10000,20261001-43-NbWz,6,0,
leaky,10000,20261001-43-NbWz,7,0,
leaky,10000,20261001-43-NbWz,8,0,
leaky,10000,20261001-43-NbWz,9,0,
leaky,10000,20261001-43-NbWz,10,0,
leaky,10000,20261001-43-NbWz,11,0,
leaky,10000,20261001-43-NbWz,12,0,
leaky,10000,20261001-43-NbWz,13,0,
leaky,10000,20261001-43-NbWz,14,0,
leaky,10000,20261001-43-NbWz,15,0,
leaky,11000,20261001-43-NbWz,0,0,
leaky,11000,20261001-43-NbWz,1,0,
leaky,11000,20261001-43-NbWz,2,0,
leaky,11000,20261001-43-NbWz,3,0,
leaky,11000,20261001-43-NbWz,4,0,
leaky,11000,20261001-43-NbWz,5,0,
leaky,11000,20261001-43-NbWz,6,0,
leaky,11000,20261001-43-NbWz,7,0,
leaky,11000,20261001-43-NbWz,8,0,
leaky,11000,20261001-43-NbWz,9,0,
leaky,11000,20261001-43-NbWz,10,0,
leaky,11000,20261001-43-NbWz,11,0,
leaky,11000,20261001-43-NbWz,12,0,
leaky,11000,20261001-43-NbWz,13,0,
leaky,11000,20261001-43-NbWz,14,0,
leaky,11000,20261001-43-NbWz,15,0,
leaky,12000,20261001-43-NbWz,0,0,
leaky,12000,20261001-43-NbWz,1,0,
leaky,12000,20261001-43-NbWz,2,0,
leaky,12000,20261001-43-NbWz,3,0,
leaky,12000,20261001-43-NbWz,4,0,
leaky,12000,20261001-43-NbWz,5,0,
leaky,12000,20261001-43-NbWz,6,0,
leaky,12000,20261001-43-NbWz,7,0,
leaky,12000,20261001-43-NbWz,8,0,
leaky,12000,20261001-43-NbWz,9,0,
leaky,12000,20261001-43-NbWz,10,0,
leaky,12000,20261001-43-NbWz,11,0,
leaky,12000,20261001-43-NbWz,12,0,
leaky,12000,20261001-43-NbWz,13,0,
leaky,12000,20261001-43-NbWz,14,0,
leaky,12000,20261001-43-NbWz,15,0,
leaky,13000,20261001-43-NbWz,0,0,
leaky,13000,20261001-43-NbWz,1,0,
leaky,13000,20261001-43-NbWz,2,0,
leaky,13000,20261001-43-NbWz,3,0,
leaky,13000,20261001-43-NbWz,4,0,
leaky,13000,20261001-43-NbWz,5,0,
leaky,13000,20261001-43-NbWz,6,0,
leaky,13000,20261001-43-NbWz,7,0,
leaky,13000,20261001-43-NbWz,8,0,
leaky,13000,20261001-43-NbWz,9,0,
leaky,13000,20261001-43-NbWz,10,0,
leaky,13000,20261001-43-NbWz,11,0,
leaky,13000,20261001-43-NbWz,12,0,
leaky,13000,20261001-43-NbWz,13,0,
leaky,13000,20261001-43-NbWz,14,0,
leaky,13000,20261001-43-NbWz,15,0,
leaky,14000,20261001-43-NbWz,0,0,
leaky,14000,20261001-43-NbWz,1,0,
leaky,14000,20261001-43-NbWz,2,0,
leaky,14000,20261001-43-NbWz,3,0,
leaky,14000,20261001-43-NbWz,4,0,
leaky,14000,20261001-43-NbWz,5,0,
leaky,14000,20261001-43-NbWz,6,0,
leaky,14000,20261001-43-NbWz,7,0,
leaky,14000,20261001-43-NbWz,8,0,
leaky,14000,20261001-43-NbWz,9,0,
leaky,14000,20261001-43-NbWz,10,0,
leaky,14000,20261001-43-NbWz,11,0,
leaky,14000,20261001-43-NbWz,12,0,
leaky,14000,20261001-43-NbWz,13,0,
leaky,14000,20261001-43-NbWz,14,0,
leaky,14000,20261001-43-NbWz,15,0,
leaky,15000,20261001-43-NbWz,0,0,
leaky,15000,20261001-43-NbWz,1,0,
leaky,15000,20261001-43-NbWz,2,0,
leaky,15000,20261001-43-NbWz,3,0,
leaky,15000,20261001-43-NbWz,4,0,
leaky,15000,20261001-43-NbWz,5,0,
leaky,15000,20261001-43-NbWz,6,0,
leaky,15000,20261001-43-NbWz,7,0,
leaky,15000,20261001-43-NbWz,8,0,
leaky,15000,20261001-43-NbWz,9,0,
leaky,15000,20261001-43-NbWz,10,0,
leaky,15000,20261001-43-NbWz,11,0,
leaky,15000,20261001-43-NbWz,12,0,
leaky,15000,20261001-43-NbWz,13,0,
leaky,15000,20261001-43-NbWz,14,0,
leaky,15000,20261001-43-NbWz,15,0,
leaky,16000,20261001-43-NbWz,0,0,
leaky,16000,20261001-43-NbWz,1,0,
leaky,16000,20261001-43-NbWz,2,0,
leaky,16000,20261001-43-NbWz,3,0,
leaky,16000,20261001-43-NbWz,4,0,
leaky,16000,20261001-43-NbWz,5,0,
leaky,16000,20261001-43-NbWz,6,0,
leaky,16000,20261001-43-NbWz,7,0,
leaky,16000,20261001-43-NbWz,8,0,
leaky,16000,20261001-43-NbWz,9,0,
leaky,16000,20261001-43-NbWz,10,0,
leaky,16000,20261001-43-NbWz,11,0,
leaky,16000,20261001-43-NbWz,12,0,
leaky,16000,20261001-43-NbWz,13,0,
leaky,16000,20261001-43-NbWz,14,0,
leaky,16000,20261001-43-NbWz,15,0,
leaky,17000,20261001-43-NbWz,0,0,
leaky,17000,20261001-43-NbWz,1,0,
leaky,17000,20261001-43-NbWz,2,0,
leaky,17000,20261001-43-NbWz,3,0,
leaky,17000,20261001-43-NbWz,4,0,
leaky,17000,20261001-43-NbWz,5,0,
leaky,17000,20261001-43-NbWz,6,0,
leaky,17000,20261001-43-NbWz,7,0,
leaky,17000,20261001-43-NbWz,8,0,
leaky,17000,20261001-43-NbWz,9,0,
leaky,17000,20261001-43-NbWz,10,0,
leaky,17000,20261001-43-NbWz,11,0,
leaky,17000,20261001-43-NbWz,12,0,
leaky,17000,20261001-43-NbWz,13,0,
leaky,17000,20261001-43-NbWz,14,0,
leaky,17000,20261001-43-NbWz,15,0,
leaky,18000,20261001-43-NbWz,0,0,
leaky,18000,20261001-43-NbWz,1,0,
leaky,18000,20261001-43-NbWz,2,0,
leaky,18000,20261001-43-NbWz,3,0,
leaky,18000,20261001-43-NbWz,4,0,
leaky,18000,20261001-43-NbWz,5,0,
leaky,18000,20261001-43-NbWz,6,0,
leaky,18000,20261001-43-NbWz,7,0,
leaky,18000,20261001-43-NbWz,8,0,
leaky,18000,20261001-43-NbWz,9,0,
leaky,18000,20261001-43-NbWz,10,0,
leaky,18000,20261001-43-NbWz,11,0,
leaky,18000,20261001-43-NbWz,12,0,
leaky,18000,20261001-43-NbWz,13,0,
leaky,18000,20261001-43-NbWz,14,0,
leaky,18000,20261001-43-NbWz,15,0,
leaky,19000,20261001-43-NbWz,0,0,
leaky,19000,20261001-43-NbWz,1,0,
leaky,19000,20261001-43-NbWz,2,0,
leaky,19000,20261001-43-NbWz,3,0,
leaky,19000,20261001-43-NbWz,4,0,
leaky,19000,20261001-43-NbWz,5,0,
leaky,19000,20261001-43-NbWz,6,0,
leaky,19000,20261001-43-NbWz,7,0,
leaky,19000,20261001-43-NbWz,8,0,
leaky,19000,20261001-43-NbWz,9,0,
leaky,19000,20261001-43-NbWz,10,0,
leaky,19000,20261001-43-NbWz,11,0,
leaky,19000,20261001-43-NbWz,12,0,
leaky,19000,20261001-43-NbWz,13,0,
leaky,19000,20261001-43-NbWz,14,0,
leaky,19000,20261001-43-NbWz,15,0,
leaky,20000,20261001-43-NbWz,0,0,
leaky,20000,20261001-43-NbWz,1,0,
leaky,20000,20261001-43-NbWz,2,0,
leaky,20000,20261001-43-NbWz,3,0,
leaky,20000,20261001-43-NbWz,4,0,
leaky,20000,20261001-43-NbWz,5,0,
leaky,20000,20261001-43-NbWz,6,0,
leaky,20000,20261001-43-NbWz,7,0,
leaky,20000,20261001-43-NbWz,8,0,
leaky,20000,20261001-43-NbWz,9,0,
leaky,20000,20261001-43-NbWz,10,0,
leaky,20000,20261001-43-NbWz,11,0,
leaky,20000,20261001-43-NbWz,12,0,
leaky,20000,20261001-43-NbWz,13,0,
leaky,20000,20261001-43-NbWz,14,0,
leaky,20000,20261001-43-NbWz,15,0,
leaky,21000,20261001-43-NbWz,0,0,
leaky,21000,20261001-43-NbWz,1,0,
leaky,21000,20261001-43-NbWz,2,0,
leaky,21000,20261001-43-NbWz,3,0,
leaky,21000,20261001-43-NbWz,4,0,
leaky,21000,20261001-43-NbWz,5,0,
leaky,21000,20261001-43-NbWz,6,0,
leaky,21000,20261001-43-NbWz,7,0,
leaky,21000,20261001-43-NbWz,8,0,
leaky,21000,20261001-43-NbWz,9,0,
leaky,21000,20261001-43-NbWz,10,0,
leaky,21000,20261001-43-NbWz,11,0,
leaky,21000,20261001-43-NbWz,12,0,
leaky,21000,20261001-43-NbWz,13,0,
leaky,21000,20261001-43-NbWz,14,0,
leaky,21000,20261001-43-NbWz,15,0,
leaky,22000,20261001-43-NbWz,0,0,
leaky,22000,20261001-43-NbWz,1,0,
leaky,22000,20261001-43-NbWz,2,0,
leaky,22000,20261001-43-NbWz,3,0,
leaky,22000,20261001-43-NbWz,4,0,
leaky,22000,20261001-43-NbWz,5,0,
leaky,22000,20261001-43-NbWz,6,0,
leaky,22000,20261001-43-NbWz,7,0,
leaky,22000,20261001-43-NbWz,8,0,
leaky,22000,20261001-43-NbWz,9,0,
leaky,22000,20261001-43-NbWz,10,0,
leaky,22000,20261001-43-NbWz,11,0,
leaky,22000,20261001-43-NbWz,12,0,
leaky,22000,20261001-43-NbWz,13,0,
leaky,22000,20261001-43-NbWz,14,0,
leaky,22000,20261001-43-NbWz,15,0,
leaky,23000,20261001-43-NbWz,0,0,
leaky,23000,20261001-43-NbWz,1,0,
leaky,23000,20261001-43-NbWz,2,0,
leaky,23000,20261001-43-NbWz,3,0,
leaky,23000,20261001-43-NbWz,4,0,
leaky,23000,20261001-43-NbWz,5,0,
leaky,23000,20261001-43-NbWz,6,0,
leaky,23000,20261001-43-NbWz,7,0,
leaky,23000,20261001-43-NbWz,8,0,
leaky,23000,20261001-43-NbWz,9,0,
leaky,23000,20261001-43-NbWz,10,0,
leaky,23000,20261001-43-NbWz,11,0,
leaky,23000,20261001-43-NbWz,12,0,
leaky,23000,20261001-43-NbWz,13,0,
leaky,23000,20261001-43-NbWz,14,0,
leaky,23000,20261001-43-NbWz,15,0,
relu_s2,1000,20260930-4-k98x,0,0,
relu_s2,1000,20260930-4-k98x,1,0,
relu_s2,1000,20260930-4-k98x,2,0,
relu_s2,1000,20260930-4-k98x,3,0,
relu_s2,1000,20260930-4-k98x,4,0,
relu_s2,1000,20260930-4-k98x,5,0,
relu_s2,1000,20260930-4-k98x,6,0,
relu_s2,1000,20260930-4-k98x,7,0,
relu_s2,1000,20260930-4-k98x,8,0,
relu_s2,1000,20260930-4-k98x,9,0,
relu_s2,1000,20260930-4-k98x,10,0,
relu_s2,1000,20260930-4-k98x,11,0,
relu_s2,1000,20260930-4-k98x,12,0,
relu_s2,1000,20260930-4-k98x,13,0,
relu_s2,1000,20260930-4-k98x,14,0,
relu_s2,1000,20260930-4-k98x,15,0,
relu_s2,2000,20260930-4-k98x,0,0,
relu_s2,2000,20260930-4-k98x,1,0,
relu_s2,2000,20260930-4-k98x,2,0,
relu_s2,2000,20260930-4-k98x,3,0,
relu_s2,2000,20260930-4-k98x,4,0,
relu_s2,2000,20260930-4-k98x,5,0,
relu_s2,2000,20260930-4-k98x,6,0,
relu_s2,2000,20260930-4-k98x,7,0,
relu_s2,2000,20260930-4-k98x,8,0,
relu_s2,2000,20260930-4-k98x,9,0,
relu_s2,2000,20260930-4-k98x,10,0,
relu_s2,2000,20260930-4-k98x,11,0,
relu_s2,2000,20260930-4-k98x,12,0,
relu_s2,2000,20260930-4-k98x,13,0,
relu_s2,2000,20260930-4-k98x,14,0,
relu_s2,2000,20260930-4-k98x,15,0,
relu_s2,3000,20260930-4-k98x,0,0,
relu_s2,3000,20260930-4-k98x,1,0,
relu_s2,3000,20260930-4-k98x,2,0,
relu_s2,3000,20260930-4-k98x,3,0,
relu_s2,3000,20260930-4-k98x,4,0,
relu_s2,3000,20260930-4-k98x,5,0,
relu_s2,3000,20260930-4-k98x,6,0,
relu_s2,3000,20260930-4-k98x,7,0,
relu_s2,3000,20260930-4-k98x,8,0,
relu_s2,3000,20260930-4-k98x,9,0,
relu_s2,3000,20260930-4-k98x,10,0,
relu_s2,3000,20260930-4-k98x,11,0,
relu_s2,3000,20260930-4-k98x,12,0,
relu_s2,3000,20260930-4-k98x,13,0,
relu_s2,3000,20260930-4-k98x,14,0,
relu_s2,3000,20260930-4-k98x,15,0,
relu_s2,4000,20260930-4-k98x,0,0,
relu_s2,4000,20260930-4-k98x,1,0,
relu_s2,4000,20260930-4-k98x,2,0,
relu_s2,4000,20260930-4-k98x,3,0,
relu_s2,4000,20260930-4-k98x,4,0,
relu_s2,4000,20260930-4-k98x,5,0,
relu_s2,4000,20260930-4-k98x,6,0,
relu_s2,4000,20260930-4-k98x,7,0,
relu_s2,4000,20260930-4-k98x,8,0,
relu_s2,4000,20260930-4-k98x,9,0,
relu_s2,4000,20260930-4-k98x,10,0,
relu_s2,4000,20260930-4-k98x,11,0,
relu_s2,4000,20260930-4-k98x,12,0,
relu_s2,4000,20260930-4-k98x,13,0,
relu_s2,4000,20260930-4-k98x,14,0,
relu_s2,4000,20260930-4-k98x,15,0,
relu_s2,5000,20260930-4-k98x,0,0,
relu_s2,5000,20260930-4-k98x,1,0,
relu_s2,5000,20260930-4-k98x,2,0,
relu_s2,5000,20260930-4-k98x,3,0,
relu_s2,5000,20260930-4-k98x,4,0,
relu_s2,5000,20260930-4-k98x,5,0,
relu_s2,5000,20260930-4-k98x,6,0,
relu_s2,5000,20260930-4-k98x,7,0,
relu_s2,5000,20260930-4-k98x,8,0,
relu_s2,5000,20260930-4-k98x,9,0,
relu_s2,5000,20260930-4-k98x,10,0,
relu_s2,5000,20260930-4-k98x,11,0,
relu_s2,5000,20260930-4-k98x,12,0,
relu_s2,5000,20260930-4-k98x,13,0,
relu_s2,5000,20260930-4-k98x,14,0,
relu_s2,5000,20260930-4-k98x,15,0,
relu_s2,6000,20260930-4-k98x,0,0,
relu_s2,6000,20260930-4-k98x,1,0,
relu_s2,6000,20260930-4-k98x,2,0,
relu_s2,6000,20260930-4-k98x,3,0,
relu_s2,6000,20260930-4-k98x,4,0,
relu_s2,6000,20260930-4-k98x,5,0,
relu_s2,6000,20260930-4-k98x,6,0,
relu_s2,6000,20260930-4-k98x,7,0,
relu_s2,6000,20260930-4-k98x,8,0,
relu_s2,6000,20260930-4-k98x,9,0,
relu_s2,6000,20260930-4-k98x,10,0,
relu_s2,6000,20260930-4-k98x,11,0,
relu_s2,6000,20260930-4-k98x,12,0,
relu_s2,6000,20260930-4-k98x,13,0,
relu_s2,6000,20260930-4-k98x,14,0,
relu_s2,6000,20260930-4-k98x,15,0,
relu_s2,7000,20260930-4-k98x,0,0,
relu_s2,7000,20260930-4-k98x,1,0,
relu_s2,7000,20260930-4-k98x,2,0,
relu_s2,7000,20260930-4-k98x,3,0,
relu_s2,7000,20260930-4-k98x,4,0,
relu_s2,7000,20260930-4-k98x,5,0,
relu_s2,7000,20260930-4-k98x,6,0,
relu_s2,7000,20260930-4-k98x,7,0,
relu_s2,7000,20260930-4-k98x,8,0,
relu_s2,7000,20260930-4-k98x,9,0,
relu_s2,7000,20260930-4-k98x,10,0,
relu_s2,7000,20260930-4-k98x,11,0,
relu_s2,7000,20260930-4-k98x,12,0,
relu_s2,7000,20260930-4-k98x,13,0,
relu_s2,7000,20260930-4-k98x,14,0,
relu_s2,7000,20260930-4-k98x,15,0,
relu_s2,7282,20260930-4-k98x,0,0,
relu_s2,7282,20260930-4-k98x,1,0,
relu_s2,7282,20260930-4-k98x,2,0,
relu_s2,7282,20260930-4-k98x,3,0,
relu_s2,7282,20260930-4-k98x,4,0,
relu_s2,7282,20260930-4-k98x,5,0,
relu_s2,7282,20260930-4-k98x,6,0,
relu_s2,7282,20260930-4-k98x,7,0,
relu_s2,7282,20260930-4-k98x,8,0,
relu_s2,7282,20260930-4-k98x,9,0,
relu_s2,7282,20260930-4-k98x,10,0,
relu_s2,7282,20260930-4-k98x,11,0,
relu_s2,7282,20260930-4-k98x,12,0,
relu_s2,7282,20260930-4-k98x,13,0,
relu_s2,7282,20260930-4-k98x,14,0,
relu_s2,7282,20260930-4-k98x,15,0,
