elapsed_hours,avg_tick_ms,p95_tick_ms,max_tick_ms,train_rate_per_hr,step_ms,gpu_ms,trainer_queue_wait_ms,tick_samples
0.016666666666666666,104.76541666666667,157.53,181.24,9133327.0,1451.8,1132.4,0.01,72
0.03333333333333333,93.6760606060606,143.99,158.42,9123577.0,1463.2,1141.0,0.01,99
0.050555555555555555,100.80883928571428,175.85,187.58,9847205.0,1462.5,1140.1,0.01,112
0.06722222222222222,105.52435897435898,173.6,208.94,9385731.0,1464.7,1141.4,0.01,117
0.08388888888888889,112.66196581196581,201.34,215.76,9388031.0,1464.2,1140.7,0.01,117
0.10083333333333333,121.92584745762711,206.73,226.55,9641498.0,1463.2,1140.0,0.01,118
0.1175,130.6673949579832,236.58,256.47,9392513.0,1464.1,1140.6,0.01,119
0.13444444444444445,139.75891666666666,257.14,278.96,9628505.0,1463.0,1139.3,0.01,120
0.15138888888888888,152.24803418803418,287.48,297.69,9143402.0,1464.1,1140.1,0.01,117
0.16805555555555557,166.00940677966102,307.99,318.63,9638630.0,1462.7,1139.1,0.01,118
0.18472222222222223,172.71285714285716,303.67,321.75,9381513.0,1464.5,1140.6,0.01,119
0.20166666666666666,186.06541666666666,356.35,369.65,9600934.0,1463.1,1139.5,0.01,120
0.21861111111111112,193.96491666666668,350.44,383.18,9401778.0,1464.5,1140.6,0.01,120
0.23527777777777778,208.94066115702478,395.78,459.39,9856325.0,1464.5,1140.5,0.01,121
0.25222222222222224,224.2475,392.37,693.56,9107213.0,1466.5,1142.1,0.01,120
0.26916666666666667,267.87881355932205,460.86,1105.21,8888262.0,1469.8,1144.8,0.01,118
0.28583333333333333,237.16116666666667,442.87,480.22,9396595.0,1471.0,1145.7,0.01,120
0.30277777777777776,252.51591666666667,479.66,487.12,9628800.0,1470.5,1145.3,0.01,120
0.3194444444444444,269.1863333333333,497.42,512.76,9635076.0,1472.8,1147.1,0.01,120
0.3363888888888889,283.63058333333333,526.85,552.74,9613959.0,1472.9,1147.3,0.01,120
0.35333333333333333,298.96008333333333,549.69,558.1,9847310.0,1474.9,1149.1,0.01,120
0.37027777777777776,311.68924369747896,579.52,585.41,9615004.0,1474.7,1149.1,0.01,119
0.3869444444444444,325.22724999999997,599.67,615.45,9622275.0,1477.1,1151.0,0.01,120
0.4038888888888889,338.14341666666667,601.19,621.31,9628976.0,1476.5,1150.5,0.01,120
0.42083333333333334,367.54366666666664,643.02,649.37,9613674.0,1479.0,1152.6,0.01,120
0.43777777777777777,383.06266666666664,660.66,673.11,9609402.0,1478.0,1151.9,0.01,120
0.45444444444444443,400.2625619834711,681.35,693.65,9369680.0,1480.2,1153.7,0.01,121
0.4713888888888889,402.5026446280992,706.69,718.47,9629394.0,1478.5,1152.3,0.01,121
0.48833333333333334,422.95849999999996,724.16,738.83,9632193.0,1475.1,1149.6,0.01,120
0.505,443.56628099173554,748.27,1085.34,9364858.0,1474.0,1148.8,0.01,121
0.5219444444444444,496.2720168067227,767.57,1103.54,8363977.0,1478.8,1153.0,0.01,119
0.5388888888888889,483.04421487603304,761.63,1616.26,9386464.0,1477.9,1152.5,0.01,121
0.5555555555555556,453.2249166666667,746.23,807.36,9631615.0,1478.3,1152.8,0.01,120
0.5725,466.97266666666667,762.03,776.25,9626687.0,1478.2,1152.7,0.01,120
0.5891666666666666,482.44375,772.9,783.19,9629165.0,1477.8,1152.6,0.01,120
0.6061111111111112,493.31537190082645,791.1,801.52,9356515.0,1477.2,1152.2,0.01,121
0.6230555555555556,513.2461666666667,810.35,1132.38,9393477.0,1476.4,1151.7,0.01,120
0.6397222222222222,560.5445833333334,829.14,944.14,9370526.0,1475.1,1150.6,0.01,120
0.6566666666666666,599.3116666666666,859.67,1176.87,9130456.0,1473.8,1149.8,0.01,120
0.6736111111111112,653.3528099173554,953.02,1210.31,8885679.0,1472.1,1148.9,0.01,121
0.6905555555555556,758.1438016528925,1054.37,1315.41,8896706.0,1470.1,1147.6,0.01,121
0.7075,778.6142016806723,1068.36,1268.2,8875518.0,1469.0,1146.9,0.01,119
0.7244444444444444,884.0296694214876,1335.77,1626.3,8412792.0,1467.1,1145.7,0.01,121
0.7413888888888889,866.3281818181819,1242.42,1508.55,8629654.0,1465.8,1144.9,0.01,121
0.7583333333333333,920.6635294117648,1271.34,1671.36,8618422.0,1459.0,1139.3,0.01,119
0.775,976.3297478991597,1473.48,1743.22,8372504.0,1457.5,1138.3,0.01,119
0.7919444444444445,1378.7822033898303,1994.99,2706.43,7193523.0,1458.3,1139.0,0.01,118
0.8088888888888889,1135.1691666666666,1570.7,1950.62,7911309.0,1454.7,1136.4,0.01,120
0.8258333333333333,1217.7653333333333,1742.83,2178.46,7916220.0,1452.7,1135.0,0.01,120
0.8427777777777777,1165.0934166666666,1646.0,1999.98,8140504.0,1450.0,1133.1,0.01,120
0.8597222222222223,1334.3362809917355,1784.02,2191.11,7644003.0,1447.3,1131.1,0.01,121
0.8766666666666667,1233.4886666666669,1747.06,2238.96,7898615.0,1445.2,1129.7,0.01,120
0.8936111111111111,1353.8805,1921.91,2211.89,7921008.0,1443.3,1128.4,0.01,120
0.9102777777777777,1314.6518333333333,1839.31,2128.89,7670548.0,1441.1,1126.6,0.01,120
0.9272222222222222,1443.469256198347,2016.21,2232.68,7681020.0,1439.1,1125.1,0.01,121
0.9441666666666667,1359.48131147541,1917.91,2271.06,7656777.0,1437.3,1123.5,0.01,122
0.9611111111111111,1463.5405833333332,2017.43,2491.49,7411647.0,1435.7,1122.4,0.01,120
0.9780555555555556,1478.7983333333332,1980.49,2442.2,7657671.0,1433.9,1121.1,0.01,120
0.995,1547.0741803278688,2115.14,2629.39,7644866.0,1432.4,1120.0,0.01,122
1.0119444444444445,1522.790254237288,2097.2,2770.45,7143145.0,1431.0,1118.8,0.01,118
1.028888888888889,1360.9711666666667,1721.91,2078.01,7385341.0,1429.9,1118.1,0.01,120
1.0458333333333334,1715.350789473684,2394.43,3134.59,6657848.0,1433.3,1120.8,0.01,114
1.0627777777777778,1402.9117213114755,1810.53,2199.26,7654272.0,1428.0,1116.8,0.01,122
1.0797222222222222,1496.62625,2025.36,2614.93,7417161.0,1427.8,1116.4,0.01,120
1.0966666666666667,1518.6714166666668,2021.61,2473.52,7704757.0,1427.3,1116.1,0.01,120
1.1133333333333333,1503.25,1930.77,2389.73,7165328.0,1426.1,1115.2,0.01,119
1.1302777777777777,1602.4471074380165,2141.73,2505.73,7131360.0,1425.9,1114.8,0.01,121
1.1472222222222221,1632.5729411764705,2018.31,2575.03,7150601.0,1424.9,1114.0,0.01,119
1.1641666666666666,1535.6545,1976.53,2406.82,8157231.0,1424.4,1113.7,0.01,120
1.181111111111111,1712.1127731092438,2313.35,2757.82,7399437.0,1424.4,1113.8,0.01,119
1.1977777777777778,1734.6785123966943,2195.75,2632.65,7424001.0,1424.2,1113.6,0.01,121
1.2144444444444444,1684.5079166666667,2205.32,2726.59,7137125.0,1423.8,1113.3,0.01,120
1.2313888888888889,1713.6328333333333,2254.25,2857.61,7407851.0,1423.3,1113.0,0.01,120
1.2483333333333333,1721.7240495867768,2271.11,2581.35,7174610.0,1423.1,1112.7,0.01,121
1.2652777777777777,1754.0246666666667,2253.16,2473.53,6916225.0,1423.4,1112.5,0.01,120
1.2822222222222222,1938.5704132231403,2555.66,2824.16,6922742.0,1423.0,1112.4,0.01,121
1.2991666666666666,2057.485593220339,2711.9,3139.93,6417837.0,1426.3,1115.0,0.01,118
1.316111111111111,1870.4110169491526,2434.67,3086.72,6898075.0,1426.1,1114.8,0.01,118
1.3327777777777778,1915.1897478991596,2587.29,2963.65,6915285.0,1421.3,1111.2,0.01,119
1.3494444444444444,1867.760909090909,2608.69,2821.76,6953211.0,1421.0,1111.1,0.01,121
1.3663888888888889,1969.5484873949579,2441.04,3256.64,6638525.0,1420.6,1111.0,0.01,119
1.3830555555555555,2007.3310084033612,2624.6,2999.88,6894581.0,1419.6,1110.5,0.01,119
1.4,1988.8032786885246,2508.75,2902.48,6895207.0,1418.7,1109.8,0.01,122
1.4172222222222222,2005.7826666666667,2575.52,2806.19,6925636.0,1418.1,1109.4,0.01,120
1.433888888888889,1980.7386554621849,2550.0,2850.17,6662668.0,1417.4,1108.9,0.01,119
1.4508333333333334,2128.9503305785124,2806.34,3658.87,6661355.0,1416.7,1108.5,0.01,121
1.4675,2076.1880833333335,2838.21,3277.8,6913914.0,1415.8,1107.7,0.01,120
1.4844444444444445,2137.7359166666665,2758.78,3468.45,6681470.0,1415.1,1107.1,0.01,120
1.5013888888888889,2221.845630252101,2915.84,3278.19,6942245.0,1414.5,1106.8,0.01,119
1.5183333333333333,2287.56975,2946.38,3561.97,6488144.0,1413.9,1106.4,0.01,120
1.5352777777777777,2252.6982644628097,2948.12,3358.61,6707915.0,1413.1,1105.8,0.01,121
1.5522222222222222,2301.8952066115703,2901.93,3526.03,6692084.0,1412.4,1105.4,0.01,121
1.5691666666666666,2352.0028947368423,3258.94,3902.31,6414754.0,1415.2,1107.8,0.01,114
1.586111111111111,2396.627,3116.61,3598.5,6668799.0,1414.5,1107.4,0.01,120
1.6030555555555555,2725.177142857143,3422.42,4013.82,5927383.0,1413.7,1106.8,0.01,119
1.62,2676.321440677966,3378.38,3838.98,5959758.0,1408.8,1102.8,0.01,118
1.6369444444444445,2644.7731896551722,3273.55,3564.06,6220380.0,1407.9,1102.3,0.01,116
1.653888888888889,2682.3970833333337,3356.19,3987.37,6390465.0,1407.3,1101.7,0.01,120
1.6711111111111112,2721.8897500000003,3461.94,4107.19,5965305.0,1406.4,1100.9,0.01,120
1.6877777777777778,2827.366916666667,3639.18,4427.37,5664309.0,1405.4,1099.7,0.01,120
1.705,2960.0337606837606,3668.29,4401.24,5733898.0,1404.9,1098.8,0.01,117
1.7219444444444445,2829.8394957983196,3673.83,4310.58,5721719.0,1404.6,1098.7,0.01,119
1.738888888888889,2859.621932773109,3596.56,4142.71,5912529.0,1404.1,1098.3,0.01,119
1.7555555555555555,2872.0680672268904,3795.34,4193.24,5997926.0,1403.6,1097.9,0.01,119
1.7725,2892.7043220338983,3722.29,4087.72,5942476.0,1402.9,1097.5,0.01,118
1.7894444444444444,3041.8840677966105,3857.73,4332.8,5707356.0,1402.4,1096.8,0.01,118
1.8063888888888888,3004.7912605042015,3647.62,4352.78,5929398.0,1401.2,1095.8,0.01,119
1.8233333333333333,3207.925765765766,4205.49,4942.6,5484435.0,1403.6,1097.4,0.01,111
1.8402777777777777,3137.212456140351,3889.78,4583.67,5707588.0,1402.9,1096.8,0.01,114
1.8572222222222223,2966.256923076923,3822.25,4560.91,6179963.0,1401.9,1095.9,0.01,117
1.873888888888889,2964.6678632478634,3747.75,4228.97,5927057.0,1401.1,1095.3,0.01,117
1.8908333333333334,3050.9492241379307,3696.72,4394.45,5693992.0,1400.8,1094.7,0.01,116
1.9077777777777778,3157.706134453781,3936.74,4723.95,5678028.0,1398.5,1092.8,0.01,119
1.9247222222222222,3082.1211504424778,3921.84,4544.65,5661712.0,1395.4,1090.4,0.01,113
1.9416666666666667,3226.3739316239316,4105.99,4636.38,5705358.0,1395.0,1089.8,0.01,117
1.958611111111111,3137.156806722689,4030.61,4581.88,5943289.0,1395.0,1089.9,0.01,119
1.9755555555555555,3105.0864957264957,3974.8,4342.3,5681965.0,1394.6,1089.3,0.01,117
1.9922222222222221,3237.9086842105266,3992.28,4359.25,5657660.0,1394.6,1089.2,0.01,114
2.0094444444444446,2996.5815000000002,3650.89,4428.55,5669953.0,1394.6,1088.9,0.01,120
2.026111111111111,3270.832711864407,4024.97,5148.84,5942768.0,1395.0,1089.2,0.01,118
2.0430555555555556,3127.9792173913042,3902.97,4643.67,5924440.0,1394.8,1089.1,0.01,115
2.06,3226.6472033898303,3940.01,4702.81,5701697.0,1394.9,1089.3,0.01,118
2.0769444444444445,3102.461694915254,4063.24,4660.25,5460501.0,1398.0,1091.5,0.01,118
2.093888888888889,3151.686896551724,4105.24,4788.54,5699082.0,1398.1,1091.4,0.01,116
2.1108333333333333,3105.398728813559,4110.0,4603.84,5921397.0,1397.8,1091.3,0.01,118
2.1280555555555556,3106.9728571428573,3924.19,4886.96,5668054.0,1398.0,1091.1,0.01,119
2.144722222222222,3175.277881355932,3961.02,4516.76,5670838.0,1397.7,1090.9,0.01,118
2.1616666666666666,3311.427327586207,4312.48,4858.89,5425231.0,1397.9,1091.0,0.01,116
2.1783333333333332,3075.319661016949,3887.99,4392.6,5434410.0,1396.8,1090.1,0.01,118
2.1952777777777777,3288.964201680672,4226.91,4465.7,5426222.0,1394.9,1088.5,0.01,119
2.212222222222222,3491.2000847457625,4356.27,5216.53,5492526.0,1395.6,1089.0,0.01,118
2.2291666666666665,3247.756083333333,4159.22,4393.22,5678129.0,1396.7,1089.6,0.01,120
2.245833333333333,3137.331282051282,3837.11,4549.79,5443359.0,1397.2,1089.8,0.01,117
2.262777777777778,3319.519579831933,4064.19,4340.43,5445882.0,1397.8,1090.0,0.01,119
2.2794444444444446,3400.4164705882354,4257.48,4707.36,5193159.0,1398.3,1090.3,0.01,119
2.296388888888889,3459.045254237288,4427.65,4782.81,5423786.0,1399.0,1090.7,0.01,118
2.3133333333333335,3297.5454700854702,3999.08,4576.41,5433125.0,1399.3,1090.8,0.01,117
2.33,3440.9813223140495,4134.23,4504.59,5420536.0,1400.3,1091.0,0.01,121
2.3472222222222223,3558.488965517241,4498.14,5520.77,4993322.0,1403.2,1093.3,0.01,116
2.3641666666666667,3265.033813559322,4097.07,5129.4,5444779.0,1403.4,1093.5,0.01,118
2.381111111111111,3429.8388333333332,4315.44,4842.12,5430696.0,1403.0,1093.2,0.01,120
2.397777777777778,3307.401525423729,4084.21,5025.95,5413690.0,1402.8,1093.1,0.01,118
2.414722222222222,3299.7415384615388,4172.13,4472.15,5434071.0,1402.5,1092.6,0.01,117
2.4316666666666666,3497.5744444444445,4377.7,4945.35,5281258.0,1402.2,1092.3,0.01,117
2.448611111111111,3522.1027350427353,4351.97,4902.27,5413909.0,1401.9,1092.0,0.01,117
2.4655555555555555,3553.094358974359,4333.66,5139.18,5204794.0,1398.5,1089.2,0.01,117
2.4825,3402.9182905982907,4259.43,5022.56,5685911.0,1398.2,1089.0,0.01,117
2.4994444444444444,3467.314273504274,4256.31,4939.11,5465591.0,1398.0,1088.8,0.01,117
2.516388888888889,3329.944262295082,4247.67,4816.63,5205000.0,1397.6,1088.5,0.01,122
2.533333333333333,3381.462173913044,4122.49,4658.9,5452123.0,1397.6,1088.5,0.01,115
2.5502777777777776,3472.103859649123,4452.99,5058.22,5184768.0,1398.2,1088.7,0.01,114
2.567222222222222,3622.0291150442476,4509.43,4868.85,5197858.0,1398.3,1088.8,0.01,113
2.5841666666666665,3580.566581196581,4437.88,5016.22,5479356.0,1398.0,1088.7,0.01,117
2.6008333333333336,3824.3232710280377,4870.5,5645.64,4936854.0,1400.1,1090.4,0.01,107
2.617777777777778,3624.813103448276,4555.12,4947.59,5173295.0,1399.4,1090.0,0.01,116
2.6344444444444446,3400.816554621849,4592.62,5351.24,5195320.0,1398.5,1089.3,0.01,119
2.651666666666667,3567.468220338983,4540.75,5532.04,5204441.0,1397.8,1089.1,0.01,118
2.668888888888889,3506.2825000000003,4303.97,4731.95,5190345.0,1396.9,1088.7,0.01,112
2.6855555555555557,3679.5814414414413,4486.04,5156.8,5190586.0,1396.5,1088.6,0.01,111
2.7025,3880.4457894736843,4996.51,5451.65,5188678.0,1396.3,1088.2,0.01,114
2.7194444444444446,3810.2500877192983,4793.38,5083.93,5199629.0,1395.4,1087.6,0.01,114
2.736388888888889,3842.280982142857,4771.94,5312.71,5190595.0,1391.9,1085.3,0.01,112
2.7533333333333334,3865.791794871795,4825.49,5489.78,4952642.0,1391.5,1084.8,0.01,117
2.770277777777778,3421.139203539823,4235.06,5001.92,5442906.0,1391.1,1084.6,0.01,113
2.7872222222222223,3831.7873873873878,4740.76,5263.01,4944656.0,1391.6,1084.6,0.01,111
2.803888888888889,3848.948849557522,5009.97,5543.25,4965781.0,1391.6,1084.8,0.01,113
2.8208333333333333,3788.1302803738317,4632.87,5134.61,5220841.0,1391.5,1084.6,0.01,107
2.8377777777777777,4021.948956521739,4988.08,5498.42,4983814.0,1391.9,1084.7,0.01,115
2.854722222222222,4153.5924770642205,5146.98,5749.36,4679642.0,1394.7,1086.8,0.01,109
2.8713888888888888,3768.7822522522524,4744.75,5650.56,4939968.0,1394.6,1086.8,0.01,111
2.888611111111111,4035.036,4942.9,5578.73,4969690.0,1394.7,1086.6,0.01,110
2.9055555555555554,3984.0892920353986,5010.07,5440.88,4739027.0,1394.6,1086.3,0.01,113
2.922222222222222,3843.394476190476,4757.56,5325.04,4931976.0,1394.7,1086.1,0.01,105
2.9391666666666665,3785.3053153153155,4681.05,5197.62,5168025.0,1394.6,1085.9,0.01,111
2.9563888888888887,3974.9230275229356,4980.96,5662.61,4992735.0,1394.2,1085.9,0.01,109
2.973333333333333,4270.639814814815,5061.69,5929.14,4699478.0,1394.2,1085.8,0.01,108
2.99,4031.4898113207546,4847.27,6165.75,4707879.0,1394.2,1085.3,0.01,106
3.0069444444444446,3913.937641509434,5056.0,5656.93,4930307.0,1391.9,1083.4,0.01,106
3.023888888888889,4138.339732142857,4948.54,5902.41,4923267.0,1391.1,1082.3,0.01,112
3.0411111111111113,3885.197565217391,4841.23,5642.84,4960069.0,1390.9,1082.1,0.01,115
3.0580555555555557,4115.193027522935,5062.26,5615.22,4923940.0,1390.9,1081.9,0.01,109
3.075,4097.55644859813,5115.46,6601.09,4951151.0,1390.7,1081.5,0.01,107
3.091666666666667,4134.8411009174315,5426.17,6202.34,4924409.0,1390.6,1081.0,0.01,109
3.108888888888889,4403.86712962963,5352.51,5889.34,4510572.0,1391.1,1081.2,0.01,108
3.1258333333333335,4314.372673267327,5290.98,6406.49,4776843.0,1392.2,1082.5,0.01,101
3.142777777777778,4283.491261261262,5404.16,6202.33,4536949.0,1392.1,1082.1,0.01,111
3.1594444444444445,3976.955283018868,4975.18,5310.14,5015061.0,1392.3,1081.9,0.01,106
3.176388888888889,3988.7771028037387,4817.16,5726.28,4937260.0,1392.4,1082.1,0.01,107
3.1933333333333334,4234.230545454545,5227.32,6022.95,4694897.0,1392.3,1081.9,0.01,110
3.2105555555555556,4067.840185185185,5135.41,5878.29,4742492.0,1392.2,1081.5,0.01,108
3.2275,4177.440095238096,5239.51,5719.3,4691456.0,1391.9,1081.2,0.01,105
3.2444444444444445,4287.057476635514,5081.28,5913.19,4455410.0,1391.9,1081.3,0.01,107
3.261388888888889,4248.0996396396395,5396.7,5988.35,4695429.0,1391.7,1081.5,0.01,111
3.2783333333333333,4207.006055045871,5412.98,6075.91,4694275.0,1391.2,1081.0,0.01,109
3.2952777777777778,4249.811037735849,5366.26,6137.76,4437630.0,1388.2,1078.5,0.01,106
3.312222222222222,4372.496944444444,5337.97,5927.37,4682580.0,1388.2,1078.6,0.01,108
3.3291666666666666,4325.2528571428575,5228.66,5849.53,4762085.0,1388.3,1078.7,0.01,105
3.346388888888889,3962.562818181818,5018.26,5774.35,4946084.0,1388.1,1078.6,0.01,110
3.3633333333333333,4140.59213592233,5154.0,5882.24,4725972.0,1387.9,1078.5,0.01,103
3.38,4648.943465346534,5761.95,6479.18,4194581.0,1389.9,1080.1,0.01,101
3.3969444444444443,3923.710727272727,5054.43,5903.92,4933825.0,1389.5,1079.5,0.01,110
3.4138888888888888,4496.3174,5596.51,6233.56,4458896.0,1389.4,1079.4,0.01,100
3.431111111111111,4526.1525,5483.88,6113.42,4452345.0,1389.2,1079.6,0.01,104
3.4477777777777776,4113.542476190476,5010.12,5627.82,4733312.0,1389.3,1079.5,0.01,105
3.465,4317.07945945946,5314.32,5871.39,4717424.0,1389.1,1079.7,0.01,111
3.4819444444444443,4526.350388349515,5683.24,6587.81,4428558.0,1389.0,1079.6,0.01,103
3.4991666666666665,4465.672871287129,5433.7,6354.9,4477464.0,1388.9,1079.6,0.01,101
3.516111111111111,4561.088252427185,5447.66,6243.2,4442887.0,1389.4,1080.2,0.01,103
3.5330555555555554,4710.890576923077,5894.39,6616.9,4695383.0,1389.5,1080.4,0.01,104
3.55,4656.710194174758,5484.36,6377.97,4472751.0,1389.5,1080.7,0.01,103
3.5669444444444443,4420.621538461539,5560.18,6273.61,4944033.0,1386.8,1078.4,0.01,104
3.5838888888888887,4492.59,5708.27,6379.62,4698113.0,1387.1,1078.6,0.01,105
3.6008333333333336,4688.106336633663,5535.01,6074.64,4694470.0,1387.0,1078.6,0.01,101
3.6180555555555554,4839.1877358490565,5822.81,6888.58,4482086.0,1386.7,1078.2,0.01,106
3.635,4644.118936170213,5619.04,6615.39,4704011.0,1389.4,1080.6,0.01,94
3.652222222222222,4510.648396226415,5603.65,6296.73,4714585.0,1389.1,1080.4,0.01,106
3.6691666666666665,4553.757115384616,5639.17,6331.33,4558362.0,1389.4,1080.8,0.01,104
3.6863888888888887,4813.998173076923,5669.84,6551.47,4474736.0,1389.2,1080.6,0.01,104
3.703333333333333,4438.9749,5526.12,6103.93,4954710.0,1389.2,1080.5,0.01,100
3.7202777777777776,4893.7239,6082.07,6569.65,4682198.0,1389.7,1080.8,0.01,100
3.737222222222222,4568.3737,5908.54,6511.89,4697851.0,1389.6,1080.9,0.01,100
3.754166666666667,4747.744845360825,5707.7,7084.0,4438480.0,1389.9,1080.8,0.01,97
3.7708333333333335,4775.543366336634,6084.96,6790.96,4671933.0,1390.2,1080.9,0.01,101
3.7880555555555557,4738.7619,5768.25,6838.37,4725336.0,1389.6,1080.5,0.01,100
3.8047222222222223,4991.08,6141.7,6630.18,4774021.0,1390.0,1080.7,0.01,101
3.8216666666666668,4758.237352941177,6062.6,7005.76,4700340.0,1388.3,1079.2,0.01,102
3.838611111111111,4833.930729166666,6068.54,6989.82,4692019.0,1388.3,1079.2,0.01,96
3.8555555555555556,4699.405148514851,5888.87,6917.94,4448554.0,1388.5,1079.4,0.01,101
3.8725,4807.143599999999,5934.2,6858.12,4441634.0,1388.2,1079.0,0.01,100
3.8894444444444445,4903.763157894737,6079.82,6757.31,4211133.0,1390.5,1080.7,0.01,95
3.906388888888889,4812.103232323232,6270.29,7179.85,4684197.0,1390.7,1080.7,0.01,99
3.923611111111111,4749.313571428571,5929.2,7098.28,4683849.0,1390.8,1080.7,0.01,98
3.9405555555555556,4857.931666666667,6267.41,6877.74,4482818.0,1390.6,1080.4,0.01,102
3.957222222222222,5031.572857142857,6230.2,6809.38,4481097.0,1390.5,1080.1,0.01,98
3.9741666666666666,4786.3589,5854.54,6596.53,4683942.0,1390.1,1079.6,0.01,100
3.991111111111111,4793.141935483871,6064.95,6843.55,4463592.0,1390.3,1079.8,0.01,93
4.008055555555556,5134.903829787234,7741.9,9334.28,4209693.0,1390.1,1079.7,0.01,94
4.025,4528.8190476190475,5544.83,6655.08,4684919.0,1390.4,1079.9,0.01,105
4.041944444444445,4543.214174757281,5710.92,6604.55,4440933.0,1390.6,1079.9,0.01,103
4.058888888888889,4681.730865384616,5582.49,6738.76,4442465.0,1390.5,1079.9,0.01,104
4.0761111111111115,4648.870882352941,5819.56,6814.77,4712328.0,1391.0,1080.1,0.01,102
4.093333333333334,4858.386213592234,6059.35,7209.04,4490003.0,1388.3,1077.7,0.01,103
4.110277777777778,4697.616796116505,5621.53,6487.88,4710946.0,1388.8,1078.3,0.01,103
4.127222222222223,4657.662156862745,5656.97,6295.59,4451336.0,1388.9,1078.2,0.01,102
4.144166666666667,4616.719191919192,5870.06,6315.3,4453748.0,1389.0,1078.3,0.01,99
4.161666666666667,4790.585729166666,6484.39,7063.71,4486600.0,1391.4,1080.1,0.01,96
4.1786111111111115,4689.8158,5659.88,6412.67,4930442.0,1391.0,1079.6,0.01,100
4.195555555555556,4709.139519230769,6016.27,6711.73,4763318.0,1391.0,1079.5,0.01,104
4.2125,4907.137142857143,5971.93,7014.39,4440438.0,1392.9,1081.2,0.01,98
4.229444444444445,4487.919375,5508.31,6220.29,4697085.0,1392.6,1081.0,0.01,96
4.246111111111111,4676.354571428571,5946.14,6393.52,4731232.0,1393.3,1081.5,0.01,105
4.263055555555556,4944.332395833333,6310.15,7018.55,4488821.0,1393.5,1081.7,0.01,96
4.28,4906.0291,6064.04,6596.67,4505584.0,1393.5,1081.9,0.01,100
4.2972222222222225,4893.880891089108,6212.56,6862.39,4511157.0,1393.5,1081.8,0.01,101
4.314166666666667,4798.4820618556705,6190.81,6846.39,4687866.0,1393.1,1081.7,0.01,97
4.331111111111111,4767.570099009901,5947.75,6698.09,4726837.0,1393.0,1081.9,0.01,101
4.347777777777778,5056.4883673469385,6369.73,7137.68,4737785.0,1390.8,1080.2,0.01,98
4.364722222222222,4928.7669387755095,5997.18,7061.75,4470166.0,1390.4,1080.1,0.01,98
4.381944444444445,5018.754897959184,6335.4,7677.18,4544548.0,1390.6,1080.5,0.01,98
4.398611111111111,5002.496170212766,6255.23,6812.12,4448326.0,1391.0,1081.0,0.01,94
4.4158333333333335,5088.837741935484,6446.79,6940.89,4222627.0,1393.9,1083.3,0.01,93
4.433055555555556,4914.006526315789,6217.33,6517.98,4469151.0,1394.3,1083.6,0.01,95
4.45,5319.695638297872,6513.97,6996.57,4688602.0,1394.1,1083.5,0.01,94
4.466944444444445,4760.356831683168,5896.5,7062.48,4469582.0,1394.6,1083.8,0.01,101
4.483888888888889,5190.4947826086955,6290.22,6939.46,4428694.0,1394.8,1083.9,0.01,92
4.5008333333333335,5065.17032967033,6195.01,6853.01,4476835.0,1395.1,1084.1,0.01,91
4.517777777777778,5185.929895833334,6485.15,6883.61,4427904.0,1395.2,1084.1,0.01,96
4.534722222222222,4731.980421052632,5916.6,6639.65,4452847.0,1394.9,1084.1,0.01,95
4.551666666666667,5105.770303030303,6249.32,7457.14,4231093.0,1395.0,1084.2,0.01,99
4.568333333333333,5233.579468085106,6629.94,7092.96,4441551.0,1395.2,1084.2,0.01,94
4.585555555555556,4997.579072164948,6179.35,7012.93,4436597.0,1394.7,1084.0,0.01,97
4.602222222222222,5189.5615625,6537.38,6814.76,4230902.0,1395.1,1084.4,0.01,96
4.619166666666667,5143.877916666667,6377.4,7208.2,4453405.0,1393.5,1083.2,0.01,96
4.636388888888889,5255.2003125,6450.44,7022.23,4489180.0,1393.9,1083.6,0.01,96
4.653333333333333,5257.343655913979,6661.1,7219.64,4702842.0,1394.0,1083.8,0.01,93
4.670277777777778,5191.697752808988,6521.73,8022.9,4202743.0,1395.9,1085.5,0.01,89
4.6875,5331.145494505495,6716.72,7299.14,4214739.0,1395.3,1085.0,0.01,91
4.704444444444444,5282.700421052631,6649.59,7191.77,4440725.0,1395.7,1085.2,0.01,95
4.721388888888889,5226.637474747475,6751.86,7402.58,4234624.0,1395.6,1085.1,0.01,99
4.738333333333333,4815.709347826087,5997.42,6885.2,4731220.0,1395.4,1085.0,0.01,92
4.755277777777778,4716.878695652174,5780.28,6891.2,4741065.0,1396.0,1085.3,0.01,92
4.772222222222222,5427.606413043478,6935.1,8485.58,4432866.0,1397.0,1086.0,0.01,92
4.789444444444444,5141.327954545454,6277.69,7731.1,4484719.0,1397.8,1086.4,0.01,88
4.806388888888889,5030.734193548387,6390.82,7358.79,4460821.0,1398.9,1087.1,0.01,93
4.823055555555555,5548.433146067416,6951.2,8154.69,4208398.0,1399.6,1087.4,0.01,89
4.84,5308.639787234043,6694.46,7259.75,4455638.0,1399.8,1087.6,0.01,94
4.857222222222222,5338.492765957447,6809.28,7578.84,4452469.0,1400.1,1087.7,0.01,94
4.8741666666666665,5473.409569892473,6502.65,7193.87,4474904.0,1400.2,1087.6,0.01,93
4.891111111111111,5127.0933695652175,6570.59,6815.68,4698674.0,1397.8,1085.7,0.01,92
4.908055555555555,5061.1506315789475,6337.23,7016.8,4742279.0,1397.8,1085.9,0.01,95
4.925,5319.106413043478,6565.5,8590.6,3935563.0,1399.5,1087.4,0.01,92
4.942222222222222,5456.688202247191,7159.87,8084.13,4474852.0,1399.9,1087.8,0.01,89
4.959444444444444,5147.6561458333335,6522.7,7327.73,4465170.0,1400.4,1088.3,0.01,96
4.976388888888889,5006.606630434782,6208.98,6663.04,4499047.0,1399.9,1088.0,0.01,92
4.993333333333333,5195.27817204301,6523.39,7554.57,4498890.0,1399.9,1087.9,0.01,93
5.010277777777778,5328.646304347826,6457.37,7263.86,4456951.0,1400.0,1087.8,0.01,92
5.027222222222222,5297.475,6568.83,7011.25,4501540.0,1400.0,1088.0,0.01,90
5.0441666666666665,5415.299782608696,6770.95,7213.09,4463344.0,1399.7,1087.6,0.01,92
5.061111111111111,5350.210674157303,6671.15,8036.02,4430581.0,1399.8,1087.7,0.01,89
5.078055555555555,5321.0437078651685,6559.64,7090.42,4187144.0,1399.2,1087.4,0.01,89
5.095277777777778,5162.058804347826,6656.76,6910.27,4474781.0,1398.5,1086.9,0.01,92
5.112222222222222,5532.592359550562,6855.65,7593.66,4191084.0,1398.0,1086.5,0.01,89
5.129166666666666,5430.037802197802,6742.02,7217.36,4213547.0,1398.1,1086.6,0.01,91
5.146388888888889,5183.68303030303,6336.81,7209.7,4192162.0,1395.7,1084.4,0.01,99
5.163333333333333,4855.23806122449,6102.22,6690.51,4467437.0,1394.6,1083.5,0.01,98
5.180555555555555,5032.658924731183,6449.31,6996.55,4540292.0,1393.7,1082.9,0.01,93
5.197222222222222,5649.618333333334,6950.72,7730.77,3950637.0,1395.6,1084.5,0.01,84
5.214166666666666,5140.568571428571,6382.71,7367.58,4207314.0,1395.0,1084.2,0.01,91
5.231111111111111,5246.2446315789475,6233.75,7239.73,4224781.0,1395.0,1084.3,0.01,95
5.248055555555555,5034.8828865979385,6374.69,6884.24,4241138.0,1393.8,1083.4,0.01,97
5.265,5248.3462222222215,6665.42,7262.71,4551736.0,1394.0,1083.3,0.01,90
5.281944444444444,5027.585274725275,6425.54,7023.42,4461677.0,1393.6,1083.0,0.01,91
5.2988888888888885,5212.227204301075,6708.25,7314.57,4454373.0,1392.8,1082.4,0.01,93
5.315833333333333,5257.544318181818,6503.57,7653.65,4187759.0,1393.0,1082.6,0.01,88
5.332777777777777,5538.306703296703,7027.82,7773.87,3966040.0,1392.7,1082.3,0.01,91
5.35,5122.27375,6859.89,7773.12,4453569.0,1392.8,1082.5,0.01,88
5.366944444444444,5098.086222222222,6459.1,7314.73,4443472.0,1392.6,1082.1,0.01,90
5.384166666666666,5406.480760869565,6638.54,7252.1,4196962.0,1392.1,1081.6,0.01,92
5.401111111111111,5549.89091954023,6745.54,7300.72,4204062.0,1392.0,1081.5,0.01,87
5.418055555555555,5578.431609195402,6935.41,7721.85,4194134.0,1389.5,1079.1,0.01,87
5.435,5658.990795454545,7161.83,7971.15,4215636.0,1389.2,1078.9,0.01,88
5.451944444444444,5845.259310344828,7250.6,8444.29,3939710.0,1390.9,1080.3,0.01,87
5.4688888888888885,5851.202352941176,7262.64,8463.14,3982362.0,1391.3,1080.7,0.01,85
5.485833333333333,5523.72,6484.81,8469.03,4197105.0,1391.2,1080.5,0.01,90
5.502777777777778,6046.232441860465,7529.28,8083.59,3949435.0,1391.0,1080.5,0.01,86
5.519722222222223,5605.286590909091,6943.64,7917.42,4193233.0,1390.5,1080.1,0.01,88
5.536944444444444,5907.897078651685,7278.62,7914.03,3974253.0,1390.3,1079.9,0.01,89
5.554166666666666,5612.153977272727,7015.4,7934.91,4198093.0,1389.9,1079.5,0.01,88
5.571111111111111,5647.5682954545455,6995.33,8554.13,4213878.0,1389.7,1079.2,0.01,88
5.588333333333333,5512.08523255814,6979.04,7986.77,4241203.0,1389.4,1078.9,0.01,86
5.605277777777777,5779.386024096385,6722.54,8015.59,4190573.0,1388.9,1078.5,0.01,83
5.6225,5610.385113636364,7055.31,8075.22,3971076.0,1388.2,1078.2,0.01,88
5.639444444444444,5855.653837209302,7093.04,7949.73,3982240.0,1387.7,1077.9,0.01,86
5.6563888888888885,5863.692888888889,7179.94,8484.48,3956047.0,1387.2,1077.7,0.01,90
5.673333333333333,5639.861704545455,6937.9,7510.95,4215078.0,1387.5,1077.7,0.01,88
5.690555555555555,5895.875,7398.69,8101.15,3961336.0,1384.9,1075.7,0.01,86
5.707777777777777,5566.578953488372,6627.14,7773.81,3711757.0,1387.4,1077.8,0.01,86
5.725,5713.625,7078.87,8075.21,4036481.0,1387.2,1077.7,0.01,88
5.741944444444444,5591.895764705882,6795.09,7859.83,3944174.0,1387.1,1077.9,0.01,85
5.759166666666666,5717.938095238095,6838.95,7504.4,4220451.0,1386.8,1077.8,0.01,84
5.775833333333333,5838.889529411765,7535.81,8185.44,4235348.0,1385.9,1077.2,0.01,85
5.792777777777777,5965.5191954022985,7264.05,8128.35,3937095.0,1385.5,1076.9,0.01,87
5.809722222222222,6065.4591666666665,7416.06,8303.19,3700572.0,1385.2,1077.1,0.01,84
5.826944444444444,5933.7827380952385,7328.13,8200.12,3960335.0,1384.9,1076.8,0.01,84
5.8438888888888885,5646.50275862069,6852.0,7359.78,4198450.0,1384.6,1076.5,0.01,87
5.861111111111111,6015.156470588236,7367.08,8025.98,3958016.0,1384.1,1076.2,0.01,85
5.877777777777778,5854.643855421687,7387.15,8455.13,3970526.0,1384.0,1076.3,0.01,83
5.895,6123.31643678161,7525.19,8267.3,3967918.0,1384.2,1076.5,0.01,87
5.911944444444444,5889.448,7360.81,8228.45,3963077.0,1384.3,1076.5,0.01,85
5.928888888888889,5536.404565217392,6814.17,7729.3,3948108.0,1383.9,1076.3,0.01,92
5.945833333333334,5940.660126582279,7325.19,8187.59,3984406.0,1383.8,1076.5,0.01,79
5.962777777777778,5903.652023809524,7571.06,8570.71,3759220.0,1385.1,1077.5,0.01,84
5.979722222222223,6050.879638554217,7581.47,8839.78,3987183.0,1383.4,1076.0,0.01,83
5.996944444444445,5715.400240963856,6952.85,8050.09,4199388.0,1382.9,1075.6,0.01,83
6.013888888888889,6016.777261904762,7447.89,8273.99,4230961.0,1382.8,1075.8,0.01,84
6.030833333333334,5574.068409090909,6985.44,7598.57,4216630.0,1383.0,1075.9,0.01,88
6.047777777777778,5665.493595505618,7013.67,8292.58,3960187.0,1383.0,1075.8,0.01,89
6.064722222222223,5828.283058823529,7377.62,8433.86,3980476.0,1383.1,1075.9,0.01,85
6.081944444444445,5673.574175824176,7204.74,7707.11,4198848.0,1383.5,1076.1,0.01,91
6.098888888888889,5882.774096385542,7410.61,8302.86,3960914.0,1383.6,1076.3,0.01,83
6.1161111111111115,5667.909659090909,7236.64,8736.77,4200759.0,1383.6,1076.2,0.01,88
6.133333333333334,6017.111358024692,7333.15,8454.3,3982738.0,1384.5,1076.9,0.01,81
6.150277777777778,6006.593176470588,7598.8,7727.99,3961856.0,1385.0,1077.1,0.01,85
6.167222222222223,6020.158048780488,7394.75,8368.55,3739551.0,1385.6,1077.6,0.01,82
6.184444444444445,5990.479012345679,7731.33,8208.09,3970267.0,1386.1,1077.9,0.01,81
6.201388888888889,6024.299135802469,7723.3,7932.92,3734049.0,1386.4,1078.2,0.01,81
6.2186111111111115,5899.521071428571,7411.61,7727.2,3956225.0,1386.9,1078.3,0.01,84
6.235555555555556,6467.666282051282,8006.5,9051.39,3443969.0,1386.6,1078.0,0.01,78
6.252777777777778,6197.562222222222,7563.63,8097.55,3964165.0,1387.0,1078.1,0.01,81
6.269722222222223,5900.211428571429,7183.74,8422.05,3963828.0,1387.2,1078.0,0.01,84
6.286944444444444,6147.998554216868,7677.93,8439.48,3987148.0,1386.8,1077.4,0.01,83
6.303888888888889,6179.31880952381,7437.91,8633.85,3956477.0,1386.9,1077.5,0.01,84
6.320833333333334,5822.177,7598.82,8019.33,3971933.0,1386.9,1077.5,0.01,90
6.337777777777778,6124.113176470588,7677.38,8499.29,3964778.0,1386.7,1077.1,0.01,85
6.354722222222223,5962.540731707318,7182.67,8059.42,3944109.0,1386.7,1077.2,0.01,82
6.371944444444445,5938.870361445783,7229.58,8549.9,3719858.0,1386.6,1077.2,0.01,83
6.388888888888889,5907.9565882352945,7171.6,8180.03,3720064.0,1386.8,1077.3,0.01,85
6.405833333333334,5847.716071428572,7179.89,8345.65,3961538.0,1386.4,1077.0,0.01,84
6.422777777777778,6616.946666666668,8401.69,9001.82,3704148.0,1386.5,1077.0,0.01,81
6.439722222222223,6143.907804878048,7320.31,8585.97,3947338.0,1385.9,1076.5,0.01,82
6.456666666666667,6236.4758024691355,8107.0,8549.53,3703000.0,1385.8,1076.4,0.01,81
6.473888888888889,6199.246875,7950.25,9174.26,3984208.0,1386.0,1076.3,0.01,80
6.490833333333334,6627.860675675675,7995.04,9041.32,3697444.0,1389.1,1078.7,0.01,74
6.508055555555556,6306.189743589744,7734.82,8918.21,3946980.0,1386.6,1076.6,0.01,78
6.525,5784.571904761904,7109.14,7644.48,4207086.0,1386.8,1076.8,0.01,84
6.541944444444445,6405.4727848101265,7933.6,9733.4,3735432.0,1387.3,1077.0,0.01,79
6.558888888888889,6213.655609756098,7943.15,9011.65,3966997.0,1387.3,1077.2,0.01,82
6.5761111111111115,6259.468192771084,7674.79,8450.46,3705917.0,1387.2,1077.2,0.01,83
6.593055555555556,6408.967195121952,8033.49,8346.04,3708442.0,1387.1,1077.0,0.01,82
6.610277777777778,6463.782409638555,7816.44,8792.02,3713497.0,1386.9,1076.7,0.01,83
6.6275,6339.244698795182,8067.88,8794.22,3983852.0,1386.7,1076.4,0.01,83
6.644722222222223,6152.838625,7411.13,8082.52,3718670.0,1386.4,1076.0,0.01,80
6.661944444444444,6186.568554216868,7719.78,8775.19,3731106.0,1386.5,1076.0,0.01,83
6.678888888888889,6514.433456790123,7996.89,8745.83,3964642.0,1386.0,1075.8,0.01,81
6.695833333333334,5783.47686746988,7382.75,8781.46,4058637.0,1385.7,1075.4,0.01,83
6.712777777777778,6526.176538461538,8059.32,8469.9,3702013.0,1385.3,1074.9,0.01,78
6.729722222222223,6254.86987804878,7798.78,8823.93,3970079.0,1385.2,1074.7,0.01,82
6.746666666666667,6581.077499999999,8608.73,8816.13,3741465.0,1387.5,1076.5,0.01,80
6.763888888888889,6460.247407407407,8119.46,9516.82,3727307.0,1387.7,1076.7,0.01,81
6.7811111111111115,6196.606585365854,7468.1,8971.25,3717065.0,1385.2,1074.8,0.01,82
6.798055555555556,6682.6085,8084.82,8470.75,3746607.0,1385.0,1074.8,0.01,80
6.815277777777778,6277.794683544304,7680.18,8295.64,3696811.0,1384.8,1074.6,0.01,79
6.832222222222223,6485.181829268293,7833.8,8892.37,3545271.0,1385.0,1074.8,0.01,82
6.849166666666667,6219.895243902439,7641.45,7984.86,3774675.0,1384.8,1074.8,0.01,82
6.8661111111111115,6366.0628205128205,7994.62,8858.92,3705911.0,1384.6,1074.6,0.01,78
6.883055555555556,6584.725769230769,8359.89,9270.49,3486294.0,1384.6,1074.6,0.01,78
6.900277777777778,6345.595641025641,7846.67,9773.26,3732130.0,1384.3,1074.3,0.01,78
6.917222222222223,6338.048,7872.92,8955.62,3714626.0,1384.5,1074.3,0.01,85
6.934444444444445,6619.048356164384,7966.61,8916.1,3713952.0,1383.7,1073.7,0.01,73
6.951388888888889,6627.931,8238.54,9139.51,3713926.0,1383.9,1074.0,0.01,80
6.9686111111111115,6255.403780487804,7587.52,8173.05,3444769.0,1384.2,1074.1,0.01,82
6.985555555555556,5982.083604651163,7571.29,8965.2,3956536.0,1384.2,1074.0,0.01,86
7.0025,6427.04329113924,7916.83,8324.78,3489849.0,1385.9,1075.2,0.01,79
7.019722222222223,6701.772467532467,8641.87,9710.96,3464210.0,1386.8,1075.9,0.01,77
7.036388888888889,6461.145432098766,8308.99,9853.97,3802261.0,1386.8,1076.0,0.01,81
7.053333333333334,6083.11625,7574.89,8416.57,3693530.0,1384.0,1073.6,0.01,80
7.070555555555556,6083.801625,7641.85,8350.81,3958804.0,1384.5,1074.1,0.01,80
7.0875,6536.054096385542,7958.11,9899.28,3498462.0,1384.1,1073.7,0.01,83
7.104166666666667,6305.823846153847,7960.64,8714.55,3942872.0,1383.9,1073.3,0.01,78
7.121388888888889,6328.06951807229,7866.63,8389.19,3699854.0,1383.9,1073.2,0.01,83
7.138333333333334,6612.957283950618,8287.65,9086.99,3704876.0,1383.8,1073.2,0.01,81
7.155277777777778,6429.29025,8185.74,8986.83,3725801.0,1383.8,1073.2,0.01,80
7.1722222222222225,6795.355584415584,8390.26,9323.73,3465168.0,1384.1,1073.5,0.01,77
7.189444444444445,6395.487804878048,8381.96,9091.28,3469818.0,1384.4,1073.7,0.01,82
7.206388888888889,6279.230506329114,7828.77,8392.8,3733980.0,1384.5,1074.1,0.01,79
7.223333333333334,6605.287564102564,8406.17,9126.27,3704946.0,1384.2,1073.8,0.01,78
7.240555555555556,6515.5191025641025,8229.34,8759.99,3466403.0,1384.2,1073.9,0.01,78
7.2575,6411.524556962026,7853.14,8438.14,3947916.0,1384.2,1073.8,0.01,79
7.274444444444445,6649.466623376623,8577.55,9320.97,3477666.0,1386.8,1076.0,0.01,77
7.291666666666667,6940.539857142857,8502.38,9719.29,3467434.0,1386.6,1075.7,0.01,70
7.308611111111111,6266.069512195122,7814.2,9108.98,3716201.0,1386.3,1075.7,0.01,82
7.325555555555556,6459.583552631579,8112.97,9012.82,3957632.0,1383.6,1073.7,0.01,76
7.3425,6307.984567901234,7714.11,9389.31,3694535.0,1383.6,1073.5,0.01,81
7.359444444444445,6496.767777777779,8419.93,9849.74,3948174.0,1383.9,1073.9,0.01,81
7.376388888888889,6589.9872151898735,8168.27,9250.18,3496480.0,1384.1,1074.1,0.01,79
7.393611111111111,6213.088170731707,7607.23,8773.66,3709887.0,1384.2,1074.3,0.01,82
7.410555555555556,6817.766363636364,8414.53,9186.46,3444604.0,1384.0,1074.4,0.01,77
7.4275,6709.755,8452.13,8838.79,3456931.0,1383.8,1074.3,0.01,80
7.4447222222222225,6614.232857142857,7982.58,9657.25,3458344.0,1383.9,1074.3,0.01,77
7.461666666666667,6853.973466666666,8786.57,9124.9,3494717.0,1383.6,1074.3,0.01,75
7.478888888888889,6520.1731578947365,7948.15,8717.45,3515729.0,1383.6,1074.6,0.01,76
7.495555555555556,6559.6005263157895,8033.17,8760.2,3694612.0,1383.5,1074.5,0.01,76
7.5125,6873.172307692307,8772.82,9885.6,3456529.0,1383.8,1074.8,0.01,78
7.529444444444445,6998.452394366197,8486.13,10147.63,3206492.0,1385.6,1076.1,0.01,71
7.546388888888889,6891.2948,8555.05,9445.6,3704374.0,1385.5,1076.2,0.01,75
7.563611111111111,6746.814025974026,8418.84,9373.74,3492903.0,1385.5,1076.3,0.01,77
7.580555555555556,6912.773205128205,8503.24,9307.67,3693481.0,1384.2,1075.5,0.01,78
7.597777777777778,6502.294533333334,7979.25,8895.06,3722070.0,1383.2,1074.9,0.01,75
7.615,6685.731948051948,8334.92,8966.68,3490953.0,1382.8,1074.6,0.01,77
7.631944444444445,6432.435135135135,7896.94,9328.36,3697938.0,1382.7,1074.4,0.01,74
7.648888888888889,6619.351842105263,8616.65,9251.09,3702035.0,1382.7,1074.5,0.01,76
7.666111111111111,6537.246538461538,8364.97,9019.44,3729256.0,1382.6,1074.6,0.01,78
7.683055555555556,6896.735949367089,8489.45,9593.57,3501522.0,1382.5,1074.7,0.01,79
7.700277777777778,6617.5837974683545,8630.82,8995.52,3452300.0,1382.8,1075.0,0.01,79
7.717222222222222,6695.751466666667,8565.21,9293.82,3456006.0,1382.9,1075.1,0.01,75
7.734444444444445,6027.871052631579,7453.17,9065.79,3992373.0,1382.7,1075.1,0.01,76
7.751388888888889,6242.906153846154,7632.14,8034.43,3762578.0,1382.2,1074.9,0.01,78
7.7683333333333335,6925.689605263158,8778.45,10013.94,3447401.0,1381.8,1074.9,0.01,76
7.785555555555556,6629.5180281690145,8068.89,9072.92,3483027.0,1383.8,1076.7,0.01,71
7.802777777777778,7078.951466666666,8736.82,11183.56,3692737.0,1383.6,1076.6,0.01,75
7.82,7102.612432432432,9196.67,9574.59,3497169.0,1383.8,1076.4,0.01,74
7.836944444444445,7052.8140277777775,8522.67,9782.3,3493860.0,1383.9,1076.6,0.01,72
7.854444444444445,6533.012631578948,8600.1,9593.41,3793687.0,1381.7,1075.1,0.01,76
7.871388888888889,6869.74527027027,8093.42,9870.91,3477357.0,1381.9,1075.3,0.01,74
7.8886111111111115,7094.73108108108,8940.75,9730.61,3490463.0,1382.9,1076.0,0.01,74
7.905555555555556,6958.455540540541,8484.22,9840.6,3481350.0,1383.0,1076.0,0.01,74
7.9225,7095.606666666667,8773.05,9116.16,3244334.0,1383.3,1076.2,0.01,72
7.939444444444445,7114.336184210527,9225.75,9747.22,3470062.0,1383.1,1076.0,0.01,76
7.956666666666667,6588.519066666667,8042.32,9086.84,3477527.0,1382.8,1076.0,0.01,75
7.973888888888889,6598.249866666666,8397.84,9211.14,3460462.0,1383.0,1076.0,0.01,75
7.990833333333334,6791.12205479452,8658.1,9692.43,3739934.0,1383.0,1076.1,0.01,73
8.008055555555556,7243.015441176471,10296.31,11179.43,3308582.0,1384.0,1076.8,0.01,68
8.025,6853.493506493506,8292.24,12852.22,3726510.0,1384.0,1076.9,0.01,77
8.041944444444445,6959.405890410959,8652.83,9404.87,3455240.0,1386.2,1078.8,0.01,73
8.05888888888889,7027.766666666666,8869.01,9984.51,3453702.0,1386.5,1079.1,0.01,72
8.075833333333334,7255.412253521127,9043.38,10051.24,3456324.0,1386.4,1079.0,0.01,71
8.093333333333334,6743.533157894737,7945.5,8905.15,3741395.0,1386.4,1079.0,0.01,76
8.110277777777778,7139.041470588236,8707.1,9430.0,3492711.0,1386.1,1078.5,0.01,68
8.1275,6806.216493506493,8317.25,9556.87,3495577.0,1384.5,1077.2,0.01,77
8.144722222222223,6978.801388888889,8537.06,9494.26,3464917.0,1384.3,1076.9,0.01,72
8.161666666666667,6626.209625,8714.27,9284.08,3480179.0,1384.3,1076.9,0.01,80
8.178611111111111,6763.134805194805,8518.28,9116.84,3701563.0,1384.1,1076.5,0.01,77
8.195833333333333,6478.327948717949,8126.46,8792.84,3525006.0,1384.5,1076.9,0.01,78
8.213055555555556,6684.323376623377,8346.14,9531.67,3481010.0,1384.5,1077.0,0.01,77
8.23,6968.840133333333,8751.22,9560.99,3480026.0,1384.2,1076.9,0.01,75
8.246944444444445,6644.557402597402,8027.55,9156.73,3485250.0,1384.1,1076.4,0.01,77
8.264166666666666,7029.641126760564,8788.51,9479.58,3698082.0,1384.2,1076.3,0.01,71
8.28138888888889,6968.492222222222,8443.38,9694.94,3461189.0,1384.2,1076.3,0.01,72
8.298333333333334,6856.915342465753,8685.18,9307.73,3459434.0,1384.0,1076.0,0.01,73
8.315555555555555,7301.310289855072,8914.78,10244.39,3263976.0,1385.8,1077.5,0.01,69
8.3325,6833.762432432432,8473.9,9560.51,3479478.0,1385.7,1077.4,0.01,74
8.349444444444444,6709.9116,8336.22,9499.7,3512684.0,1385.9,1077.4,0.01,75
8.366666666666667,6884.659594594595,8937.84,9828.16,3507567.0,1385.8,1077.2,0.01,74
8.383888888888889,6993.408405797101,8486.45,9620.38,3458479.0,1384.6,1076.0,0.01,69
8.401111111111112,7400.004929577464,8879.46,10417.05,3511893.0,1384.0,1075.5,0.01,71
8.418055555555556,6987.033287671233,8512.37,9720.99,3457816.0,1383.8,1075.6,0.01,73
8.435,7166.059452054795,8575.0,9634.41,3229636.0,1383.7,1075.3,0.01,73
8.451944444444445,7097.252763157894,8875.03,9420.84,3467147.0,1383.6,1075.2,0.01,76
8.46888888888889,6999.046388888888,8290.81,11013.13,3207784.0,1383.6,1075.2,0.01,72
8.48611111111111,6917.114324324325,8680.92,9477.32,3467806.0,1382.9,1074.8,0.01,74
8.503333333333334,6876.725694444444,8958.5,9904.84,3464740.0,1382.2,1074.2,0.01,72
8.520555555555555,6981.135675675675,8700.7,9676.98,3457206.0,1382.5,1074.4,0.01,74
8.5375,7112.48397260274,8595.44,9473.19,3466935.0,1382.3,1074.2,0.01,73
8.554722222222223,7263.49,8884.82,9471.04,3211999.0,1381.8,1073.9,0.01,74
8.571666666666667,7513.698529411765,9255.98,11168.91,3455114.0,1383.6,1075.3,0.01,68
8.588888888888889,7180.121111111111,8585.57,9736.36,3476244.0,1383.3,1074.9,0.01,72
8.605833333333333,7494.505633802817,9114.84,10058.64,3236452.0,1383.1,1074.5,0.01,71
8.623055555555556,7070.363378378379,8633.14,9259.79,3202280.0,1382.4,1073.9,0.01,74
8.640277777777778,6867.223698630137,9004.55,9132.74,3468963.0,1382.3,1073.5,0.01,73
8.657222222222222,6831.399863013698,8622.73,9776.02,3227519.0,1379.9,1071.6,0.01,73
8.674166666666666,7334.055211267605,9203.98,10007.93,3260740.0,1380.3,1071.5,0.01,71
8.69138888888889,7443.957428571429,9104.96,10765.26,3204083.0,1380.3,1071.6,0.01,70
8.70861111111111,7642.052676056338,9503.69,10546.51,3270348.0,1380.3,1071.6,0.01,71
8.725555555555555,7689.14985915493,9389.07,11191.14,3252164.0,1380.6,1071.8,0.01,71
8.7425,7302.741351351351,8915.32,9677.86,3225758.0,1380.6,1072.0,0.01,74
8.759444444444444,7336.454383561644,8831.66,9557.36,3239629.0,1380.8,1072.3,0.01,73
8.776388888888889,7235.824142857143,8830.4,10557.46,3521246.0,1380.8,1072.4,0.01,70
8.793333333333333,7336.6874647887325,9363.99,10248.88,3450136.0,1380.9,1072.3,0.01,71
8.810555555555556,7510.491285714286,9131.04,9609.44,3228948.0,1380.5,1072.1,0.01,70
8.827777777777778,8069.71515625,9564.06,11439.74,2960232.0,1382.2,1073.4,0.01,64
8.844722222222222,7190.982297297296,8680.59,11008.19,3249046.0,1382.0,1073.4,0.01,74
8.861666666666666,7068.087083333334,8692.03,10034.64,3253159.0,1382.0,1073.6,0.01,72
8.87888888888889,7483.2528571428575,9244.02,10077.05,3236715.0,1382.4,1074.3,0.01,70
8.895833333333334,7438.447972972974,9574.62,10605.5,3533269.0,1382.5,1074.4,0.01,74
8.913055555555555,7335.150416666666,9271.64,9881.65,3226448.0,1382.5,1074.5,0.01,72
8.930277777777778,7131.641194029851,8719.04,10504.0,3208249.0,1380.3,1072.9,0.01,67
8.947222222222223,6755.19197368421,8592.23,9749.09,3488900.0,1380.4,1073.1,0.01,76
8.964166666666667,7353.7940845070425,9347.0,10266.76,3249782.0,1380.4,1073.1,0.01,71
8.981388888888889,7091.694027777778,8623.69,10029.4,3465133.0,1380.2,1073.0,0.01,72
8.998611111111112,7366.502083333334,8788.89,9957.11,3466144.0,1380.0,1073.0,0.01,72
9.015833333333333,7794.266857142858,9320.88,10860.89,2975832.0,1380.2,1073.4,0.01,70
9.032777777777778,7311.95125,8953.47,10146.99,3270562.0,1380.1,1073.3,0.01,72
9.049722222222222,6990.373913043478,8900.61,9682.88,3216052.0,1379.9,1073.3,0.01,69
9.066944444444445,7616.873529411765,9363.6,10889.17,3218013.0,1379.6,1073.3,0.01,68
9.08388888888889,7358.929589041096,9666.59,10199.88,3198546.0,1381.1,1074.7,0.01,73
9.101111111111111,7410.831549295775,9958.53,10727.66,3199522.0,1380.8,1074.5,0.01,71
9.118333333333334,7622.4400000000005,9246.56,10055.5,3222390.0,1381.1,1074.7,0.01,70
9.135277777777778,7319.869130434782,9238.78,9654.16,3227241.0,1381.0,1074.7,0.01,69
9.1525,7200.498529411765,9006.52,10045.2,3479850.0,1380.6,1074.5,0.01,68
9.169444444444444,7950.561884057971,9603.66,11471.43,3278861.0,1380.8,1074.8,0.01,69
9.186388888888889,7669.047313432836,9457.55,10243.62,3205700.0,1380.7,1074.8,0.01,67
9.203611111111112,8120.0650000000005,9895.79,10899.29,3215092.0,1378.7,1073.0,0.01,64
9.220555555555556,7349.669452054794,9327.0,10414.18,3447031.0,1379.2,1073.4,0.01,73
9.2375,7361.754929577464,9260.05,10024.48,3493922.0,1379.3,1073.5,0.01,71
9.254444444444445,6781.915128205128,8678.92,9919.96,3725912.0,1379.7,1073.6,0.01,78
9.271944444444445,7372.301014492754,9196.29,10228.83,3249022.0,1379.5,1073.5,0.01,69
9.28888888888889,7144.285753424658,8409.37,9771.42,3480212.0,1379.8,1073.7,0.01,73
9.305833333333334,7693.4775,9283.78,10111.39,3211853.0,1380.0,1074.0,0.01,68
9.323055555555555,7174.164025974026,8612.39,9370.41,3226683.0,1380.1,1074.0,0.01,77
9.340277777777779,7481.343623188406,9178.51,10485.5,3254371.0,1381.0,1074.8,0.01,69
9.3575,8024.780597014926,10371.51,11846.21,3238344.0,1381.8,1075.6,0.01,67
9.375,7581.48768115942,9156.59,10083.55,3204302.0,1381.3,1075.0,0.01,69
9.391944444444444,7769.523636363636,9510.23,11672.59,3236476.0,1381.1,1074.7,0.01,66
9.409166666666666,7550.038591549295,9517.57,10358.08,3259171.0,1380.6,1074.3,0.01,71
9.426388888888889,7364.028484848485,9041.26,10082.44,3210064.0,1380.3,1074.1,0.01,66
9.443333333333333,7561.862142857142,9527.2,9993.76,3218221.0,1380.3,1074.2,0.01,70
9.460277777777778,7133.745138888889,9029.19,9996.2,3227286.0,1379.7,1073.8,0.01,72
9.4775,7021.290972222222,8620.83,10196.51,3230698.0,1378.5,1072.8,0.01,72
9.494444444444444,7661.836923076923,9408.12,11540.09,3450907.0,1378.3,1072.6,0.01,65
9.511666666666667,7664.0053030303025,9787.33,11282.15,3230808.0,1377.6,1071.9,0.01,66
9.528611111111111,7640.971549295775,9499.47,11444.62,3207876.0,1377.3,1071.6,0.01,71
9.545833333333333,7464.386,9167.05,11383.94,3204563.0,1376.9,1071.3,0.01,70
9.562777777777777,7520.576428571429,9407.26,9885.94,3447318.0,1376.9,1071.3,0.01,70
9.579722222222221,7628.380845070423,9532.17,10644.56,3218928.0,1376.7,1071.0,0.01,71
9.596944444444444,7550.447101449275,9177.15,10618.53,3200872.0,1376.7,1071.1,0.01,69
9.613888888888889,8259.899516129033,9616.04,10818.0,2974316.0,1378.6,1072.7,0.01,62
9.631388888888889,7329.248450704225,8725.22,9724.72,3200159.0,1378.8,1072.8,0.01,71
9.64861111111111,8086.88338235294,9826.43,11239.87,2988992.0,1378.9,1072.6,0.01,68
9.665555555555555,7470.558,9455.87,10323.64,3216445.0,1379.0,1072.4,0.01,70
9.6825,7656.5873529411765,9700.6,10565.09,2975709.0,1378.8,1072.2,0.01,68
9.699444444444444,7979.089384615385,10153.49,10758.73,2988781.0,1379.0,1072.2,0.01,65
9.716388888888888,7362.018194444445,9533.01,11562.55,3000488.0,1379.2,1072.2,0.01,72
9.733611111111111,7489.869275362318,9265.72,10670.72,3005918.0,1377.9,1070.9,0.01,69
9.750833333333333,7475.8710294117645,9046.03,10500.78,3268684.0,1377.7,1070.7,0.01,68
9.767777777777777,7611.331388888889,9892.65,10794.85,3232625.0,1377.9,1070.8,0.01,72
9.785,7558.75884057971,9417.99,10801.85,3206907.0,1377.7,1070.5,0.01,69
9.8025,7438.387285714285,9392.39,10906.56,3204704.0,1378.0,1070.7,0.01,70
9.819444444444445,7773.919710144927,9770.43,11673.67,3056292.0,1377.7,1070.3,0.01,69
9.836666666666666,7835.1529850746265,9291.94,10436.25,2958588.0,1377.6,1070.3,0.01,67
9.85361111111111,7707.491692307693,9786.85,10368.39,3250605.0,1377.6,1070.4,0.01,65
9.870833333333334,8302.785714285714,9947.16,11711.78,2965675.0,1379.4,1072.1,0.01,63
9.887777777777778,7844.206376811594,9737.15,10717.45,3259031.0,1378.9,1071.8,0.01,69
9.904722222222222,7357.985000000001,9136.23,10334.81,3493902.0,1378.9,1071.9,0.01,70
9.921944444444444,7615.804090909091,9596.37,10610.99,3218091.0,1378.9,1071.9,0.01,66
9.938888888888888,7680.81705882353,9455.39,10256.89,3512641.0,1378.7,1071.6,0.01,68
9.956388888888888,7581.189253731343,9308.54,10530.36,3228271.0,1378.5,1071.5,0.01,67
9.973333333333333,7593.469696969697,9582.58,10306.72,3230004.0,1378.0,1071.2,0.01,66
9.990277777777777,8030.188529411764,9628.86,10612.75,3226272.0,1377.5,1070.8,0.01,68
10.0075,7967.337272727273,9651.67,10775.36,3267086.0,1375.3,1069.0,0.01,66
10.024444444444445,8025.949090909091,9813.97,10183.13,3057610.0,1375.6,1069.4,0.01,66
10.04138888888889,8081.126615384615,9889.51,10310.8,2995198.0,1375.8,1069.8,0.01,65
10.05861111111111,7916.757424242424,9738.3,10788.0,2966797.0,1376.3,1070.2,0.01,66
10.075555555555555,8017.907205882352,9948.23,11654.81,3214029.0,1376.2,1070.1,0.01,68
10.092777777777778,7492.147222222222,9513.0,11265.15,3205401.0,1376.5,1070.3,0.01,72
10.11,8086.765303030304,10180.07,11590.35,3207964.0,1376.2,1070.2,0.01,66
10.127222222222223,7950.455303030304,10179.92,11792.92,2973316.0,1378.5,1072.0,0.01,66
10.144166666666667,8189.227538461539,10166.8,11374.06,2979053.0,1378.7,1072.2,0.01,65
10.161388888888888,8065.244769230769,10038.32,10799.97,2970067.0,1378.6,1072.2,0.01,65
10.178333333333333,8086.578676470588,10206.67,11876.3,2778821.0,1378.6,1072.2,0.01,68
10.195277777777777,7927.078333333333,10131.82,11521.27,2991881.0,1379.0,1072.6,0.01,66
10.2125,7878.194558823529,9685.34,11578.75,3206724.0,1379.1,1072.5,0.01,68
10.229444444444445,7630.992142857142,9315.37,10897.19,3200595.0,1378.8,1072.3,0.01,70
10.246666666666666,7569.01,8992.2,10464.11,3214402.0,1379.3,1072.4,0.01,68
10.26388888888889,7704.810303030303,9426.61,10435.28,3272735.0,1379.1,1072.4,0.01,66
10.28111111111111,7497.581285714285,9143.52,9654.28,3219347.0,1376.8,1070.5,0.01,70
10.298333333333334,8079.480307692307,9847.68,10907.43,2963760.0,1376.8,1070.6,0.01,65
10.315277777777778,7937.5944776119395,9656.95,10722.71,2998865.0,1376.6,1070.5,0.01,67
10.332222222222223,7551.413880597014,9005.72,10535.85,3268608.0,1376.4,1070.3,0.01,67
10.349166666666667,7569.08115942029,9431.72,10438.05,2983400.0,1376.4,1070.1,0.01,69
10.366388888888888,7785.628805970149,9828.89,10868.69,2979504.0,1375.9,1070.0,0.01,67
10.383611111111112,7909.091641791045,9481.17,10749.05,2950279.0,1377.7,1071.4,0.01,67
10.400833333333333,8118.529692307693,10126.65,12189.72,2997179.0,1377.8,1071.6,0.01,65
10.418055555555556,8173.68328358209,9700.65,11126.49,2987549.0,1378.0,1071.5,0.01,67
10.435,8023.9103076923075,9882.81,10367.04,2958376.0,1378.0,1071.6,0.01,65
10.452222222222222,8243.1309375,10012.22,11669.88,2979381.0,1377.9,1071.5,0.01,64
10.469444444444445,7743.016764705882,9512.65,10678.7,3203087.0,1378.2,1071.6,0.01,68
10.48638888888889,7873.430746268657,9293.43,10350.63,3239571.0,1377.9,1071.5,0.01,67
10.50361111111111,7782.521212121213,9577.12,10300.54,3199414.0,1378.2,1071.8,0.01,66
10.520833333333334,8065.555072463769,9927.52,10841.53,3085965.0,1378.3,1071.6,0.01,69
10.538055555555555,8069.0012307692305,9895.78,11062.56,2956945.0,1378.5,1071.7,0.01,65
10.555277777777778,8533.30523076923,10141.95,12193.79,2983418.0,1376.9,1070.2,0.01,65
10.572222222222223,7965.42125,10001.13,11647.94,2977916.0,1377.0,1070.1,0.01,64
10.589444444444444,8526.642,10237.08,11585.59,2769724.0,1376.9,1070.2,0.01,65
10.606388888888889,7799.98203125,9991.54,10641.2,3231946.0,1376.8,1070.3,0.01,64
10.623611111111112,8059.092615384616,10492.07,11461.66,3245282.0,1376.7,1070.3,0.01,65
10.641111111111112,8369.356393442622,10524.33,11409.49,2760981.0,1377.3,1070.7,0.01,61
10.658333333333333,8567.40564516129,10770.16,12003.89,3003093.0,1378.8,1071.8,0.01,62
10.675277777777778,8281.531076923076,9983.88,11745.6,2735235.0,1378.9,1072.0,0.01,65
10.692222222222222,7574.410588235294,9657.33,11848.61,2979458.0,1379.2,1072.1,0.01,68
10.709166666666667,8390.833692307691,9951.88,11489.59,2963683.0,1379.2,1071.9,0.01,65
10.726666666666667,8752.54435483871,10264.1,11334.82,2959189.0,1379.1,1071.8,0.01,62
10.74388888888889,7777.276268656717,9578.81,10919.76,2971176.0,1379.0,1071.9,0.01,67
10.761111111111111,8125.126984126984,9754.0,11886.43,3076137.0,1379.0,1072.2,0.01,63
10.778055555555556,7915.692727272727,9854.49,11325.03,2968418.0,1379.0,1072.0,0.01,66
10.795277777777779,8241.177164179104,10520.96,12043.9,2968438.0,1379.1,1071.9,0.01,67
10.812222222222223,8194.220161290323,10520.04,11455.92,2959464.0,1379.3,1072.0,0.01,62
10.829444444444444,8187.37393939394,10000.01,10798.86,2711390.0,1377.2,1070.2,0.01,66
10.846666666666666,8177.876612903226,9884.99,11334.83,3001380.0,1377.5,1070.6,0.01,62
10.863888888888889,7597.052121212121,9492.29,10556.06,3229445.0,1377.6,1070.6,0.01,66
10.88111111111111,8102.773015873016,10150.91,11216.75,2816546.0,1377.6,1070.5,0.01,63
10.898333333333333,8427.036129032258,10610.22,11626.15,2967275.0,1377.7,1070.4,0.01,62
10.915555555555555,9140.410175438597,11845.77,13795.32,2532638.0,1379.5,1072.0,0.01,57
10.9325,8256.80161764706,10231.6,11410.33,2728285.0,1380.2,1072.4,0.01,68
10.949444444444444,8065.5006060606065,9925.62,11131.59,3028493.0,1380.3,1072.4,0.01,66
10.966944444444444,8541.655,10374.01,10872.35,2770513.0,1380.8,1072.8,0.01,60
10.984444444444444,8189.4591044776125,10188.37,11096.18,2961309.0,1381.3,1073.3,0.01,67
11.001388888888888,8534.362698412699,10459.49,11547.33,2731762.0,1381.2,1073.0,0.01,63
11.018333333333333,7863.03546875,10217.41,10729.0,2975163.0,1381.6,1073.4,0.01,64
11.035555555555556,8892.176229508197,11206.77,11730.64,2735773.0,1381.4,1073.6,0.01,61
11.052777777777777,8193.250166666667,10406.05,12273.53,2992606.0,1381.2,1073.7,0.01,60
11.07,7530.714142857143,9367.86,10878.54,3233952.0,1381.4,1073.7,0.01,70
11.087222222222222,7985.03234375,10313.29,11419.32,2959082.0,1380.1,1072.6,0.01,64
11.104166666666666,8156.14265625,10089.1,11407.03,3038248.0,1379.3,1072.1,0.01,64
11.12138888888889,7595.276153846154,10309.28,11203.99,3219265.0,1379.5,1072.3,0.01,65
11.138333333333334,8381.841166666667,10632.18,11963.49,2979858.0,1378.9,1071.9,0.01,60
11.155555555555555,8434.110476190475,10106.14,12476.81,3011136.0,1378.8,1071.9,0.01,63
11.172777777777778,8609.2626984127,11122.77,12852.41,2990607.0,1380.6,1073.5,0.01,63
11.190277777777778,8484.061562500001,10502.72,11559.68,3023858.0,1380.6,1073.4,0.01,64
11.2075,7915.235625,9794.5,11501.44,3263854.0,1380.6,1073.2,0.01,64
11.224444444444444,8574.454838709677,10414.69,11794.96,3045725.0,1380.5,1073.3,0.01,62
11.241666666666667,7595.243676470588,9513.06,10700.07,3258014.0,1380.0,1073.0,0.01,68
11.258611111111112,8702.714761904763,10511.61,10987.83,2768670.0,1380.1,1073.1,0.01,63
11.275555555555556,8437.29650793651,10524.01,12920.24,2754012.0,1380.1,1073.2,0.01,63
11.292777777777777,7991.327538461538,9914.31,11299.67,2964663.0,1380.3,1073.3,0.01,65
11.309722222222222,8331.32765625,10461.9,12649.88,2969271.0,1380.2,1073.1,0.01,64
11.326944444444445,8382.638615384616,10787.6,11670.42,2955846.0,1380.0,1072.9,0.01,65
11.344166666666666,8399.040158730159,10049.54,10966.9,2993225.0,1380.0,1072.7,0.01,63
11.36138888888889,8438.113548387097,10962.06,11948.9,2994647.0,1378.0,1071.3,0.01,62
11.378333333333334,8186.260909090909,10146.27,12201.13,2981078.0,1377.7,1071.1,0.01,66
11.395555555555555,8353.79876923077,10578.85,11335.05,2976276.0,1377.5,1070.7,0.01,65
11.413055555555555,8846.027627118645,11193.78,12565.15,2771326.0,1377.4,1070.7,0.01,59
11.43,8300.643968253968,10186.77,10960.03,2713085.0,1379.1,1072.1,0.01,63
11.447222222222223,8366.538412698414,11508.5,11807.94,2970324.0,1379.1,1072.0,0.01,63
11.464444444444444,7782.3464179104485,9820.75,11327.85,2970095.0,1379.1,1071.7,0.01,67
11.481388888888889,8350.56857142857,10021.55,11362.32,2972822.0,1378.9,1071.5,0.01,63
11.498333333333333,8169.59476923077,10205.96,11167.89,3022096.0,1379.0,1071.5,0.01,65
11.515555555555556,7736.098529411764,9631.7,10889.16,3217639.0,1378.9,1071.4,0.01,68
11.5325,8496.458032786886,11027.63,12011.57,2987392.0,1378.4,1071.1,0.01,61
11.549444444444445,8375.84640625,9840.7,11998.66,2962369.0,1378.1,1070.7,0.01,64
11.56638888888889,8320.574,10377.1,11269.61,2974785.0,1378.2,1070.7,0.01,60
11.58388888888889,8178.330909090909,9986.26,10984.83,2977055.0,1378.2,1070.9,0.01,66
11.601111111111111,8638.511333333334,10231.62,11287.21,2747408.0,1377.8,1070.6,0.01,60
11.618611111111111,8620.29,10990.17,11659.47,2750033.0,1375.8,1069.1,0.01,60
11.635555555555555,8419.003484848485,10664.46,11401.86,3006236.0,1375.4,1068.9,0.01,66
11.652777777777779,8857.335409836065,10596.97,13059.3,2747315.0,1375.1,1068.9,0.01,61
11.669722222222223,8451.91888888889,10123.02,11252.6,2972540.0,1374.4,1068.5,0.01,63
11.686944444444444,8667.220350877193,11350.27,13733.47,2954236.0,1375.6,1069.2,0.01,57
11.703888888888889,8801.983,11309.02,12482.05,2961365.0,1375.4,1069.1,0.01,60
11.720833333333333,8474.853846153846,10358.19,11282.4,2963276.0,1375.5,1069.1,0.01,65
11.737777777777778,8588.052295081967,10916.82,11442.83,2977339.0,1375.7,1069.2,0.01,61
11.755,8132.24328125,9960.98,10826.2,2964012.0,1375.8,1069.2,0.01,64
11.772222222222222,8541.118360655739,10340.82,11464.74,3204182.0,1375.9,1069.3,0.01,61
11.789722222222222,8234.684098360656,10518.95,12976.28,3203407.0,1375.5,1069.2,0.01,61
11.806666666666667,7944.4021212121215,9660.89,11405.95,3224290.0,1375.8,1069.3,0.01,66
11.823888888888888,8216.34140625,9982.71,11157.85,2955075.0,1375.8,1069.2,0.01,64
11.841111111111111,8975.088214285714,11119.59,12212.78,2974081.0,1375.8,1069.1,0.01,56
11.858611111111111,8337.31578125,10136.98,11596.67,3031212.0,1375.9,1069.2,0.01,64
11.875555555555556,8505.237833333334,10872.16,12155.52,3234036.0,1374.3,1067.9,0.01,60
11.892777777777777,8551.233606557376,11219.46,12557.15,2953536.0,1374.0,1068.0,0.01,61
11.910277777777777,8823.034166666668,10990.64,12961.78,3007815.0,1374.2,1068.3,0.01,60
11.927222222222222,8773.415901639344,10618.7,11427.56,2991959.0,1374.1,1068.4,0.01,61
11.944722222222222,8825.460701754386,11075.61,12074.11,2758425.0,1374.8,1068.9,0.01,57
11.961388888888889,9091.222321428571,11291.64,12845.14,2970539.0,1375.8,1069.8,0.01,56
11.97861111111111,8311.275396825396,10521.93,11478.25,2960390.0,1375.7,1069.7,0.01,63
11.995833333333334,8500.096451612902,10435.61,10941.6,3248791.0,1375.6,1069.7,0.01,62
12.013055555555555,8901.729491525424,11707.04,12289.13,2726113.0,1376.8,1070.9,0.01,59
12.03,8123.16,10463.3,12203.28,3011458.0,1376.8,1071.0,0.01,63
12.047222222222222,7793.678636363636,9579.22,10483.19,3255319.0,1377.1,1071.1,0.01,66
12.064166666666667,8616.448548387096,10678.4,12291.23,2990676.0,1377.2,1071.2,0.01,62
12.081388888888888,8143.63884057971,10437.12,11024.73,2872351.0,1377.2,1071.1,0.01,69
12.098333333333333,8144.959032258065,9606.38,10573.33,2980278.0,1377.6,1071.5,0.01,62
12.115277777777777,7848.873333333334,9516.67,10694.92,2966949.0,1377.7,1071.7,0.01,63
12.1325,8481.096212121212,10184.72,11803.36,2959440.0,1376.6,1070.9,0.01,66
12.15,8109.03593220339,9982.7,10412.96,2970473.0,1375.5,1070.0,0.01,59
12.166944444444445,8243.74421875,10206.53,11416.67,2974516.0,1375.4,1069.9,0.01,64
12.184166666666666,7894.940317460318,9604.25,10587.83,2983905.0,1375.5,1070.2,0.01,63
12.20138888888889,8468.227049180328,11025.66,11254.83,2724633.0,1375.6,1070.4,0.01,61
12.218333333333334,8952.461333333335,11282.22,12702.79,2958100.0,1377.2,1071.8,0.01,60
12.235555555555555,8261.73328125,10236.07,11448.83,2995617.0,1377.0,1071.7,0.01,64
12.2525,8888.202833333335,10499.48,11805.75,2741672.0,1377.2,1072.0,0.01,60
12.269722222222223,8716.230806451615,10513.29,11431.08,2814543.0,1377.0,1071.8,0.01,62
12.286666666666667,8009.216363636364,10191.11,11241.46,2963300.0,1376.7,1071.6,0.01,66
12.303888888888888,8704.557741935483,10338.06,11853.98,2749935.0,1376.9,1071.7,0.01,62
12.321388888888889,8626.376984126984,10630.19,13047.29,2977468.0,1377.4,1072.1,0.01,63
12.338333333333333,8685.560666666666,11195.87,12791.53,3009916.0,1377.3,1071.9,0.01,60
12.355277777777777,8446.20365079365,10449.89,11285.04,2737017.0,1377.3,1071.9,0.01,63
12.3725,8522.653846153846,10523.78,11495.85,2715653.0,1377.4,1071.9,0.01,65
12.39,8271.172857142858,10176.85,11229.29,2971313.0,1377.6,1072.0,0.01,63
12.407222222222222,8567.476349206348,11104.87,12316.5,2729185.0,1376.0,1070.6,0.01,63
12.424444444444445,8900.67966101695,10715.69,11693.79,2707096.0,1375.9,1070.5,0.01,59
12.441666666666666,8798.139322033898,10945.61,11708.81,2741523.0,1375.7,1070.5,0.01,59
12.45888888888889,8952.68524590164,11540.49,12749.61,2738304.0,1375.7,1070.4,0.01,61
12.476111111111111,9308.383157894736,12030.98,13289.39,2477987.0,1377.9,1072.2,0.01,57
12.493333333333334,8269.456666666667,10791.6,11837.15,2762019.0,1377.9,1072.1,0.01,63
12.510555555555555,8318.874393939393,10374.89,11552.89,2968701.0,1378.0,1072.1,0.01,66
12.527222222222223,8080.285230769231,10759.98,11482.19,2737915.0,1378.0,1072.4,0.01,65
12.544722222222223,8760.734444444444,10783.89,11582.89,2753171.0,1378.0,1072.5,0.01,63
12.561944444444444,8731.036034482759,10590.42,11552.7,2723255.0,1377.5,1072.2,0.01,58
12.578888888888889,8611.41142857143,10681.78,12065.5,2989214.0,1377.3,1072.0,0.01,63
12.595833333333333,8397.529696969696,10532.85,11725.03,2957812.0,1377.0,1072.0,0.01,66
12.613055555555556,7478.711911764705,9174.37,10253.19,3022828.0,1377.0,1071.8,0.01,68
12.63,8275.761803278689,10510.8,11435.94,2965564.0,1377.3,1071.7,0.01,61
12.646944444444445,8754.191967213113,10787.04,11510.55,2728968.0,1377.2,1071.7,0.01,61
12.66388888888889,8752.1815625,10558.21,12075.71,2979665.0,1377.4,1071.7,0.01,64
12.680833333333334,9050.955438596491,10864.06,11886.56,2976070.0,1375.7,1070.3,0.01,57
12.698055555555555,8934.01890625,11350.97,12438.62,2726583.0,1375.4,1069.9,0.01,64
12.715277777777779,9061.567049180327,10817.29,11739.84,2970473.0,1375.4,1069.8,0.01,61
12.732222222222223,8542.09131147541,10829.3,12405.81,2784701.0,1377.2,1071.2,0.01,61
12.749444444444444,9063.896949152542,11030.46,12087.51,2725271.0,1375.6,1069.8,0.01,59
12.766388888888889,8728.93953125,10673.32,11492.13,2977701.0,1375.7,1069.9,0.01,64
12.783611111111112,8654.04276923077,10611.24,11643.03,2750522.0,1375.3,1069.8,0.01,65
12.800555555555556,8466.15203125,10458.77,11928.5,2716299.0,1375.3,1069.9,0.01,64
12.817777777777778,8344.204590163934,10382.86,11889.27,3013071.0,1375.3,1070.1,0.01,61
12.834722222222222,8837.489692307692,11008.78,11876.43,2970316.0,1375.0,1069.9,0.01,65
12.851944444444445,8878.218852459016,10757.71,11896.45,2713531.0,1375.1,1070.1,0.01,61
12.869166666666667,8084.068358208955,10483.32,11057.61,3216617.0,1375.3,1070.3,0.01,67
12.886666666666667,8417.57453125,10174.63,11622.91,3061262.0,1375.6,1070.8,0.01,64
12.903611111111111,8680.326153846154,10573.64,11707.71,2964838.0,1376.3,1071.2,0.01,65
12.920833333333333,8832.738360655738,11125.89,13353.73,3181134.0,1376.0,1070.8,0.01,61
12.938055555555556,9369.273620689655,11438.09,13697.38,2956250.0,1374.6,1069.8,0.01,58
12.955,8433.34640625,10496.15,11228.11,2716726.0,1374.3,1069.5,0.01,64
12.972222222222221,8570.956875,10351.64,12440.06,3033472.0,1374.1,1069.2,0.01,64
12.989444444444445,9288.011785714285,11301.47,12174.09,2734691.0,1376.0,1070.9,0.01,56
13.006666666666666,9130.07813559322,11594.1,12928.93,2723238.0,1376.3,1071.1,0.01,59
13.02361111111111,8328.78578125,10282.33,11732.4,2959638.0,1376.1,1071.1,0.01,64
13.04111111111111,7602.7515151515145,9428.83,10762.17,3453815.0,1375.9,1071.0,0.01,66
13.058333333333334,8630.531692307693,9952.57,11645.97,2969352.0,1376.0,1071.0,0.01,65
13.075277777777778,8502.68126984127,10465.24,11743.2,2968353.0,1376.3,1071.1,0.01,63
13.0925,9155.34152542373,10996.48,12121.29,2481679.0,1376.3,1071.1,0.01,59
13.109444444444444,8704.239666666666,11016.38,11553.61,2749268.0,1376.4,1071.2,0.01,60
13.126666666666667,8538.71606557377,10402.67,11922.74,2971965.0,1376.7,1071.3,0.01,61
13.143888888888888,8857.136440677967,11104.44,13007.16,3012101.0,1376.9,1071.6,0.01,59
13.160833333333333,8801.35737704918,11539.67,12343.2,2747644.0,1377.3,1071.6,0.01,61
13.178055555555556,8739.370158730158,11026.65,12322.86,2718676.0,1377.2,1071.6,0.01,63
13.195277777777777,8679.848548387097,10957.14,11297.06,2953753.0,1375.4,1070.1,0.01,62
13.212222222222222,9081.957499999999,11302.31,13080.37,2732074.0,1375.3,1069.9,0.01,60
13.229444444444445,9175.460833333334,11180.7,12069.84,2709435.0,1375.5,1070.0,0.01,60
13.24638888888889,9057.086833333333,11098.15,12302.54,2754625.0,1375.2,1069.7,0.01,60
13.26361111111111,9562.075454545455,12618.57,13614.98,2464720.0,1376.3,1070.4,0.01,55
13.280833333333334,8830.309666666666,10851.44,12431.67,2961324.0,1376.6,1070.6,0.01,60
13.298333333333334,9167.758333333333,11141.38,12283.38,2739804.0,1377.4,1070.9,0.01,60
13.315277777777778,8403.3178125,10545.63,12095.61,2963737.0,1377.3,1070.7,0.01,64
13.332222222222223,8384.259206349207,10360.21,12501.9,3053783.0,1377.7,1071.0,0.01,63
13.349444444444444,8689.055806451612,10982.42,11982.42,2979457.0,1377.8,1071.3,0.01,62
13.366944444444444,8740.74564516129,10614.86,12406.31,2833277.0,1377.9,1071.4,0.01,62
13.383888888888889,9420.698181818181,11887.5,12224.96,2717689.0,1377.9,1071.3,0.01,55
13.401111111111112,9031.280322580646,11257.67,12541.21,3079818.0,1377.8,1071.4,0.01,62
13.418055555555556,9103.865,11442.77,12494.13,2980320.0,1378.2,1071.8,0.01,62
13.435277777777777,8976.974032258066,10729.23,12405.68,3052756.0,1378.5,1072.0,0.01,62
13.452222222222222,9061.24898305085,11239.16,13145.23,2975178.0,1376.9,1070.7,0.01,59
13.469722222222222,8392.076,9744.68,11991.8,2969429.0,1376.6,1070.5,0.01,65
13.486944444444445,8632.224242424243,10790.65,11439.56,3020515.0,1376.5,1070.4,0.01,66
13.50388888888889,8908.145409836066,10809.46,11282.18,3022701.0,1377.0,1070.8,0.01,61
13.52138888888889,9261.38298245614,11424.64,12897.77,2970996.0,1379.6,1072.9,0.01,57
13.538611111111111,9098.24111111111,11026.66,12486.99,2966292.0,1379.7,1072.7,0.01,63
13.555833333333334,8106.993538461538,9459.96,11606.47,3210431.0,1379.9,1072.9,0.01,65
13.572777777777778,9489.310166666666,11572.69,13762.77,2709997.0,1380.1,1072.9,0.01,60
13.59,9969.504642857142,11565.09,13827.33,2720429.0,1380.0,1073.0,0.01,56
13.6075,9671.256101694915,12264.21,12972.56,2747088.0,1379.7,1072.5,0.01,59
13.624444444444444,8585.66323076923,10320.49,11490.45,2981412.0,1379.3,1072.0,0.01,65
13.641666666666667,9281.946724137932,10948.73,13117.16,2725275.0,1379.5,1072.1,0.01,58
13.658611111111112,9019.138166666668,11400.43,12755.09,2985681.0,1379.8,1072.2,0.01,60
13.675833333333333,8665.51078125,10381.52,12142.63,2962890.0,1379.9,1072.3,0.01,64
13.692777777777778,8907.167213114753,11860.69,12179.08,2711636.0,1379.7,1072.2,0.01,61
13.710277777777778,9213.5165,11629.43,12618.1,3017510.0,1377.8,1070.5,0.01,60
13.727222222222222,9773.870344827586,12042.2,12292.69,2760350.0,1377.8,1070.5,0.01,58
13.744444444444444,9152.537,11659.79,12198.21,2740876.0,1377.9,1070.6,0.01,60
13.761666666666667,9325.802333333333,11516.14,12149.4,2717519.0,1378.1,1070.7,0.01,60
13.778611111111111,9649.748928571427,12082.81,13426.0,2736785.0,1379.2,1071.6,0.01,56
13.795833333333333,9544.739491525424,11694.13,13605.67,2723936.0,1379.3,1071.8,0.01,59
13.813055555555556,9083.292950819672,11507.36,12697.88,2981211.0,1379.4,1071.8,0.01,61
13.83,9455.694107142857,11599.97,14165.28,2971444.0,1379.7,1072.3,0.01,56
13.847222222222221,8920.836833333333,11307.8,12702.06,2967636.0,1379.4,1072.2,0.01,60
13.864444444444445,9162.208983050847,11536.47,12760.17,2961038.0,1379.5,1072.3,0.01,59
13.881666666666666,8758.193333333333,11054.05,13011.71,3224385.0,1379.5,1072.5,0.01,63
13.898888888888889,10038.570535714285,12491.75,13408.75,3020919.0,1379.7,1072.7,0.01,56
13.91638888888889,8953.4315625,11495.01,12898.52,2951112.0,1379.9,1072.6,0.01,64
13.933333333333334,9087.040169491525,11338.94,12239.26,2996302.0,1379.8,1072.7,0.01,59
13.950555555555555,9367.434137931035,11725.03,13532.25,2960148.0,1379.9,1072.8,0.01,58
13.9675,8852.130983606557,11087.46,13229.61,3227825.0,1378.4,1071.6,0.01,61
13.984722222222222,9094.771129032259,11129.74,12815.76,3207949.0,1378.6,1071.7,0.01,62
14.001666666666667,9065.447049180328,11631.62,11878.95,3007826.0,1378.6,1071.8,0.01,61
14.018611111111111,9384.013898305084,11930.78,12969.39,2973579.0,1378.5,1071.8,0.01,59
14.035555555555556,9291.0145,11903.07,13623.67,2711394.0,1380.6,1073.5,0.01,60
14.0525,9917.120178571427,12583.19,13594.11,2730627.0,1380.7,1073.4,0.01,56
14.069722222222222,9022.394590163934,11194.24,13178.27,2971178.0,1380.8,1073.4,0.01,61
14.086944444444445,9050.902033898305,12049.41,12401.97,2991213.0,1380.8,1073.4,0.01,59
14.104166666666666,10215.358035714287,13137.41,14029.43,2736305.0,1381.1,1073.6,0.01,56
14.12111111111111,9694.627192982456,12292.45,13033.42,2716408.0,1381.4,1073.6,0.01,57
14.138333333333334,9766.944285714286,12062.71,13188.33,2716073.0,1381.4,1073.5,0.01,56
14.155277777777778,9756.97,11930.8,13718.58,3047250.0,1381.4,1073.7,0.01,56
14.1725,9831.379830508475,12276.5,13177.69,2722445.0,1381.4,1073.8,0.01,59
14.19,9511.579137931034,11218.43,12631.78,3206366.0,1381.9,1074.2,0.01,58
14.207222222222223,9977.652372881355,12865.94,13621.75,2974279.0,1381.9,1074.3,0.01,59
14.224166666666667,9048.989,11793.06,13100.67,2953257.0,1380.2,1072.5,0.01,60
14.241388888888888,9905.488947368422,11775.16,14377.54,3010576.0,1379.5,1072.0,0.01,57
14.258333333333333,9001.561355932203,11898.04,12945.79,3195760.0,1379.5,1072.2,0.01,59
14.275555555555556,8903.035967741935,10897.46,11911.87,2954087.0,1379.7,1072.3,0.01,62
14.292777777777777,9243.514827586207,11654.86,12259.74,2791590.0,1380.1,1072.5,0.01,58
14.31,9474.402807017543,11822.39,14811.74,2977305.0,1381.0,1073.2,0.01,57
14.327222222222222,9609.323157894738,12219.21,13129.18,2979321.0,1381.1,1073.5,0.01,57
14.344166666666666,9471.806315789472,11822.67,12977.52,3046366.0,1381.2,1073.6,0.01,57
14.36138888888889,9956.364310344828,11942.73,13066.8,2758381.0,1380.9,1073.6,0.01,58
14.378333333333334,9170.12775862069,11598.58,12233.32,3005303.0,1381.0,1073.6,0.01,58
14.395555555555555,9977.146785714285,12547.37,14515.67,2708183.0,1381.3,1074.0,0.01,56
14.412777777777778,9192.515166666668,11344.05,12902.16,2718196.0,1381.7,1074.5,0.01,60
14.43,9604.069285714286,11965.65,13670.41,2723947.0,1382.0,1074.8,0.01,56
14.447222222222223,9263.272586206898,11345.99,13541.03,3002779.0,1382.2,1074.8,0.01,58
14.464444444444444,9811.149464285714,11908.88,12509.26,2975763.0,1382.2,1074.8,0.01,56
14.481666666666667,9679.323389830508,11852.66,12346.92,2724499.0,1382.3,1074.8,0.01,59
14.498888888888889,9542.755789473684,11981.61,12662.63,3003016.0,1381.0,1073.7,0.01,57
14.516111111111112,9224.661,12271.13,12954.22,2982831.0,1380.9,1073.6,0.01,60
14.533611111111112,8684.448548387098,11226.73,12026.77,3237365.0,1380.6,1073.3,0.01,62
14.550833333333333,10203.123090909092,13116.29,13417.27,2772033.0,1380.6,1073.4,0.01,55
14.567777777777778,10172.39309090909,13689.81,14422.04,2526871.0,1382.1,1074.6,0.01,55
14.585277777777778,9699.12418181818,12061.42,12939.98,2749259.0,1382.0,1074.5,0.01,55
14.6025,9476.220847457627,11106.88,13358.35,2988763.0,1381.9,1074.3,0.01,59
14.619444444444444,9688.054035087718,11392.14,13743.3,2966086.0,1381.8,1074.0,0.01,57
14.636666666666667,9403.84448275862,11968.32,13525.24,2955087.0,1381.6,1073.9,0.01,58
14.654166666666667,9211.996440677967,11832.15,13075.22,3118709.0,1381.3,1073.7,0.01,59
14.671388888888888,9927.34982142857,11998.6,14105.76,2969033.0,1381.5,1073.8,0.01,56
14.688611111111111,9631.754576271187,12332.92,14646.26,2967603.0,1381.8,1073.9,0.01,59
14.705833333333333,9040.84,11221.19,13607.01,2952944.0,1381.7,1073.9,0.01,60
14.722777777777777,9741.670689655173,11991.28,13858.35,2768568.0,1381.6,1073.9,0.01,58
14.74,9308.021355932204,11868.49,12122.58,2711459.0,1381.7,1074.0,0.01,59
14.7575,9550.911896551725,12372.76,13523.75,2990009.0,1381.0,1073.3,0.01,58
14.774722222222222,9966.994107142858,12678.93,13737.14,2964168.0,1379.6,1072.3,0.01,56
14.792222222222222,9380.331355932205,11888.12,14150.92,2741630.0,1379.4,1072.2,0.01,59
14.809166666666666,8936.289841269841,10984.26,12345.76,3202807.0,1379.0,1071.9,0.01,63
14.82611111111111,9950.095555555556,12739.6,14014.29,2711415.0,1380.8,1073.5,0.01,54
14.843333333333334,9122.463833333333,12073.99,13250.53,2961520.0,1381.0,1073.6,0.01,60
14.860555555555555,9922.158,12128.6,13272.94,2732141.0,1380.7,1073.5,0.01,55
14.877777777777778,9934.034821428571,12411.35,13130.74,2987606.0,1380.4,1073.3,0.01,56
14.895,9638.386842105265,12740.48,14314.25,2999064.0,1380.6,1073.3,0.01,57
14.9125,9800.710892857143,12717.91,13502.37,2966506.0,1380.5,1073.0,0.01,56
14.929444444444444,9586.723636363637,11807.37,13643.35,3031307.0,1380.7,1073.2,0.01,55
14.946944444444444,10457.402037037036,13139.69,14374.39,2735084.0,1380.8,1073.3,0.01,54
14.963888888888889,9114.500833333334,11342.51,13006.97,3223955.0,1380.5,1073.0,0.01,60
14.980833333333333,9410.630172413794,12293.16,13698.25,2984610.0,1380.7,1072.8,0.01,58
14.998055555555556,10026.150357142858,12124.26,13577.04,2718614.0,1380.5,1072.7,0.01,56
15.015,9381.893220338983,11424.99,13418.07,2725949.0,1381.0,1072.9,0.01,59
15.0325,9979.208545454545,12335.21,14582.04,2983831.0,1379.2,1071.5,0.01,55
15.049444444444445,10027.99074074074,12812.85,13588.38,2997989.0,1379.0,1071.3,0.01,54
15.066666666666666,10139.544363636363,12245.47,14279.1,2963142.0,1379.1,1071.3,0.01,55
15.08388888888889,10078.629444444445,12658.79,14031.2,2710379.0,1380.5,1072.4,0.01,54
15.100833333333334,9072.082786885247,11196.32,12609.73,3010822.0,1381.1,1072.7,0.01,61
15.117777777777778,9682.061428571427,12032.96,12847.43,2479697.0,1381.0,1072.7,0.01,56
15.135277777777778,9906.916071428572,12245.49,14084.88,2712876.0,1380.6,1072.2,0.01,56
15.1525,9722.677118644067,11789.55,12529.32,2990973.0,1380.3,1071.8,0.01,59
15.169444444444444,9992.218518518519,12382.59,14156.82,2720689.0,1380.0,1071.6,0.01,54
15.186388888888889,9276.8065,11567.53,12970.5,2957166.0,1379.7,1071.4,0.01,60
15.203611111111112,10272.084074074075,12906.64,13437.79,2962706.0,1379.5,1071.2,0.01,54
15.220555555555556,9558.996428571429,12339.38,12904.15,2822967.0,1379.4,1071.2,0.01,56
15.237777777777778,9590.556896551725,12108.86,12834.3,3030143.0,1379.0,1071.0,0.01,58
15.254722222222222,9772.840175438596,12220.81,13385.25,2980576.0,1379.1,1071.1,0.01,57
15.271944444444445,9521.299649122806,12077.56,13572.88,2771763.0,1379.1,1071.2,0.01,57
15.289166666666667,9672.702372881355,12319.79,13148.76,3105104.0,1377.9,1070.0,0.01,59
15.30638888888889,9771.688035714285,12239.94,13517.89,2959859.0,1377.6,1069.8,0.01,56
15.323611111111111,10318.09962264151,12490.9,13738.29,2710779.0,1377.5,1069.8,0.01,53
15.340833333333334,10363.82909090909,12875.83,15304.46,2718076.0,1378.7,1070.9,0.01,55
15.357777777777779,10165.362407407407,11971.92,13746.41,2982964.0,1378.6,1071.1,0.01,54
15.375277777777777,10035.483571428571,12703.87,13677.22,2955783.0,1378.7,1071.2,0.01,56
15.3925,10158.394107142856,12427.89,13388.85,2733496.0,1379.2,1071.7,0.01,56
15.409444444444444,9518.181454545454,11508.21,13308.76,2979076.0,1379.2,1071.7,0.01,55
15.426666666666666,9982.308545454545,12597.74,13418.82,2761970.0,1379.2,1071.7,0.01,55
15.443888888888889,9791.422807017543,12139.53,14377.1,2721896.0,1379.5,1072.1,0.01,57
15.46111111111111,9771.195535714285,11439.33,13174.61,2984589.0,1379.4,1072.2,0.01,56
15.478333333333333,9885.918070175438,12475.05,14452.83,2955373.0,1379.4,1072.1,0.01,57
15.495555555555555,9937.157321428573,13492.25,13825.59,2969716.0,1379.5,1072.1,0.01,56
15.5125,9764.727499999999,12498.2,13737.69,2963256.0,1379.4,1072.0,0.01,56
15.529444444444444,10046.914181818182,12649.73,14945.73,2729651.0,1379.4,1072.0,0.01,55
15.546944444444444,10196.407884615384,12355.4,14769.78,2780197.0,1379.8,1072.3,0.01,52
15.564166666666667,9785.033684210526,12324.87,13317.4,2978485.0,1377.9,1070.7,0.01,57
15.581388888888888,10052.128035714286,12769.9,13185.97,2979935.0,1377.6,1070.5,0.01,56
15.598333333333333,10423.89754716981,12553.87,15074.92,2785563.0,1378.1,1071.0,0.01,53
15.615555555555556,9976.297358490567,12552.93,13760.39,2991163.0,1378.8,1071.5,0.01,53
15.632777777777777,9567.426779661018,12328.45,13486.23,2994196.0,1378.4,1071.3,0.01,59
15.649722222222222,10799.7544,13472.7,14589.53,3021955.0,1377.9,1071.0,0.01,50
15.666944444444445,9625.590357142859,11647.74,12415.57,2959306.0,1377.9,1071.1,0.01,56
15.684166666666666,9938.472,13377.14,13842.27,2959866.0,1377.6,1070.9,0.01,55
15.70138888888889,9993.104545454546,12998.29,13770.31,2975823.0,1378.2,1071.5,0.01,55
15.71861111111111,9040.973898305085,11377.37,12240.26,3245206.0,1378.0,1071.4,0.01,59
15.735833333333334,9125.895087719298,11859.83,13532.77,2970101.0,1377.9,1071.3,0.01,57
15.753055555555555,9847.681071428571,12475.05,14407.31,3033646.0,1377.9,1071.6,0.01,56
15.77,10822.016923076922,13723.13,14381.48,2960367.0,1377.9,1071.9,0.01,52
15.7875,10329.009074074074,12636.42,13934.52,2965088.0,1377.8,1071.9,0.01,54
15.804722222222223,9652.483333333334,11813.12,13994.18,2986495.0,1377.8,1072.0,0.01,57
15.821666666666667,10033.390370370369,13736.83,15247.17,3005075.0,1375.9,1070.6,0.01,54
15.838888888888889,10716.578545454544,13173.7,15097.5,2967195.0,1375.3,1070.2,0.01,55
15.856111111111112,10562.33019607843,13173.97,15197.19,2485775.0,1375.4,1070.4,0.01,51
15.873333333333333,9801.54051724138,12464.61,14084.58,2739697.0,1377.6,1072.2,0.01,58
15.890277777777778,9707.29052631579,12235.51,12841.93,2716126.0,1377.8,1072.3,0.01,57
15.907222222222222,9999.953333333333,13147.96,15060.13,2989033.0,1378.3,1072.9,0.01,54
15.924444444444445,10196.284181818182,12769.28,13712.61,3213047.0,1378.6,1073.3,0.01,55
15.941666666666666,9804.924464285714,12453.66,13672.81,2831855.0,1378.6,1073.2,0.01,56
15.95861111111111,10328.567358490565,13218.08,14110.09,2994843.0,1378.6,1073.2,0.01,53
15.975833333333334,10245.45982142857,12768.27,13533.51,3021691.0,1378.9,1073.4,0.01,56
15.993333333333334,10148.033396226416,12744.37,14509.05,2719386.0,1378.7,1073.3,0.01,53
16.010277777777777,9910.959655172413,12384.08,12738.9,2719717.0,1378.7,1073.3,0.01,58
16.0275,11518.619166666665,15368.07,18181.43,2233915.0,1378.8,1073.4,0.01,48
16.045,9799.919444444446,12282.89,14097.38,3047442.0,1378.7,1073.4,0.01,54
16.06222222222222,9979.995535714286,12661.44,13501.71,2951124.0,1378.6,1073.1,0.01,56
16.079166666666666,10129.780363636364,12791.62,14955.92,3197562.0,1377.5,1072.2,0.01,55
16.09638888888889,9272.64448275862,11429.73,12728.25,2959469.0,1377.5,1072.1,0.01,58
16.113333333333333,9341.04525423729,11809.61,13358.6,2756829.0,1377.2,1071.7,0.01,59
16.13083333333333,9578.569464285714,12263.73,12775.9,2705182.0,1378.8,1073.0,0.01,56
16.147777777777776,10654.51611111111,12664.13,15032.74,3007363.0,1378.4,1072.8,0.01,54
16.165277777777778,9552.699827586206,12077.67,12741.07,3210867.0,1378.4,1072.7,0.01,58
16.1825,10068.282075471698,12797.77,14638.38,2998624.0,1378.1,1072.4,0.01,53
16.199444444444445,9985.730357142858,12895.92,13875.8,2956267.0,1378.0,1072.2,0.01,56
16.216666666666665,9612.46245614035,11637.79,13411.18,2958565.0,1378.7,1072.9,0.01,57
16.23361111111111,9670.156727272728,12072.65,13351.72,3003416.0,1378.7,1073.0,0.01,55
16.250833333333333,10483.83096153846,12743.84,14692.3,2742077.0,1378.7,1073.0,0.01,52
16.267777777777777,10122.782363636365,12599.4,14819.01,3211812.0,1378.1,1072.5,0.01,55
16.285,10208.50818181818,13376.68,14522.72,2714610.0,1378.2,1072.8,0.01,55
16.302222222222223,10670.024807692309,12847.44,14427.62,2727498.0,1378.4,1072.9,0.01,52
16.319444444444443,9990.514545454545,12344.65,13445.94,2996541.0,1378.5,1072.8,0.01,55
16.336388888888887,9681.821034482758,12604.0,14688.55,2983880.0,1376.9,1071.6,0.01,58
16.35361111111111,9023.393728813558,10840.55,12641.72,3002985.0,1376.8,1071.7,0.01,59
16.370833333333334,10198.215094339623,12606.4,13563.77,2950712.0,1377.4,1072.2,0.01,53
16.388055555555557,10616.021296296296,13414.82,14375.85,2468732.0,1378.8,1073.4,0.01,54
16.405277777777776,10011.063703703703,13089.86,14615.73,2732504.0,1378.9,1073.4,0.01,54
16.4225,10339.835660377359,12794.78,13396.38,2988175.0,1378.5,1072.9,0.01,53
16.439722222222223,10223.545178571429,13502.18,14840.12,2734603.0,1378.4,1073.0,0.01,56
16.456944444444446,10352.447454545454,12655.75,14548.39,2747081.0,1378.6,1073.4,0.01,55
16.47388888888889,10181.395185185185,12196.77,14752.32,3046674.0,1378.3,1072.9,0.01,54
16.49138888888889,10107.508035714285,12965.4,14263.82,2987561.0,1378.4,1072.8,0.01,56
16.508333333333333,9982.163636363637,12753.1,15284.15,2713598.0,1378.7,1072.9,0.01,55
16.525555555555556,10553.756346153845,13914.84,14244.82,2728319.0,1378.9,1072.7,0.01,52
16.54277777777778,10079.049821428573,11827.05,14062.77,2735393.0,1379.2,1072.8,0.01,56
16.560277777777777,10538.645769230769,13526.62,15320.43,2970409.0,1379.3,1072.9,0.01,52
16.577222222222222,10135.976666666667,12623.15,14605.93,2717262.0,1379.4,1072.6,0.01,54
16.594444444444445,10665.806346153848,13561.29,14023.74,2772219.0,1377.9,1071.2,0.01,52
16.61138888888889,10039.88574074074,12138.53,13810.81,2967054.0,1377.6,1071.1,0.01,54
16.628611111111113,9756.660545454544,12124.25,14019.64,2996987.0,1377.4,1070.9,0.01,55
16.64611111111111,10335.933962264151,12834.71,13585.98,2467423.0,1378.4,1071.7,0.01,53
16.663333333333334,10388.948269230768,13547.48,14095.94,2741076.0,1378.6,1071.7,0.01,52
16.680833333333332,9830.339464285715,11883.02,12749.97,2975167.0,1378.8,1071.9,0.01,56
16.697777777777777,9802.874642857143,11841.29,13840.86,3214783.0,1378.9,1071.9,0.01,56
16.71472222222222,10129.114363636365,12990.36,13687.82,2951945.0,1378.9,1071.8,0.01,55
16.731666666666666,9586.72909090909,11627.77,13568.29,3001377.0,1379.0,1071.9,0.01,55
16.749166666666667,9849.194237288135,12850.33,14318.13,3018509.0,1379.1,1072.0,0.01,59
16.76638888888889,10125.229818181819,12777.99,15099.36,2993837.0,1379.1,1072.1,0.01,55
16.783333333333335,9970.116491228071,12277.28,13081.28,2753846.0,1379.0,1072.0,0.01,57
16.800555555555555,10387.691346153846,12831.3,14134.44,2715991.0,1379.0,1072.2,0.01,52
16.851944444444445,152703.686,156314.67,157004.71,0.0,1666.7,1359.1,0.01,5
16.871388888888887,43310.39818181818,188723.03,189855.71,1322602.0,1715.0,1407.4,0.01,33
16.88861111111111,9791.925178571428,11817.36,13797.69,3205178.0,1714.7,1407.2,0.01,56
16.905833333333334,10255.766346153845,13094.94,13571.86,2731880.0,1714.4,1407.0,0.01,52
16.923055555555557,11318.41,14445.74,15765.66,2749151.0,1714.6,1407.0,0.01,49
16.94,10025.71814814815,12939.2,13992.03,2713744.0,1714.5,1406.9,0.01,54
16.95722222222222,10087.376415094339,13114.94,13894.91,2716200.0,1713.9,1406.5,0.01,53
16.974444444444444,10691.9475,13352.41,14334.44,2721731.0,1713.9,1406.7,0.01,52
16.991944444444446,10199.881886792453,12722.49,14438.26,3032398.0,1713.1,1406.1,0.01,53
17.00888888888889,10362.949622641509,13068.1,14199.87,2953787.0,1713.0,1406.1,0.01,53
17.025833333333335,10737.609019607844,13765.11,14531.35,2951791.0,1712.6,1405.8,0.01,51
17.043055555555554,10049.669090909092,12929.4,14465.42,2721300.0,1712.7,1405.8,0.01,55
17.060555555555556,9968.401666666665,12216.11,15005.76,2974418.0,1712.5,1405.7,0.01,54
17.07777777777778,10106.725576923076,12438.06,14389.09,2708552.0,1712.3,1405.5,0.01,52
17.095277777777778,9953.099322033899,11904.72,15254.63,2972815.0,1712.1,1405.4,0.01,59
17.112222222222222,10486.201730769231,13386.01,14491.25,2963171.0,1712.4,1405.6,0.01,52
17.129444444444445,9427.22,11946.52,14432.61,3049453.0,1712.7,1405.7,0.01,56
17.146944444444443,10641.929056603773,13392.67,14699.14,2982175.0,1712.5,1405.4,0.01,53
17.164166666666667,10849.0422,13522.68,14988.96,2749130.0,1713.0,1405.8,0.01,50
17.18138888888889,10572.764423076924,13304.03,14636.26,2545573.0,1712.7,1405.5,0.01,52
17.198611111111113,9921.499245283017,12353.18,13223.49,2985423.0,1714.3,1406.7,0.01,53
17.215833333333332,11577.243,14971.92,15673.96,2731170.0,1714.9,1407.2,0.01,50
17.233055555555556,10418.287924528302,12582.4,14047.69,2966629.0,1715.1,1407.4,0.01,53
17.250555555555554,11488.783469387756,14309.06,15668.03,2763842.0,1715.1,1407.3,0.01,49
17.267777777777777,10964.9854,13623.59,15043.49,3001988.0,1715.3,1407.5,0.01,50
17.28472222222222,10544.818035714286,13400.26,14083.45,3009872.0,1715.6,1407.9,0.01,56
17.301944444444445,10404.314423076923,13093.45,15058.69,2744799.0,1715.6,1408.1,0.01,52
