step,pElo,nll,segment
82,1679,1.956,0
352,1698,1.842,0
603,1741,1.823,0
877,1726,1.821,0
1127,1737,1.822,0
1402,1738,1.828,0
1653,1734,1.828,0
1927,1735,1.828,0
2178,1736,1.825,0
2453,1742,1.826,0
2703,1738,1.827,0
2977,1735,1.829,0
3228,1738,1.830,0
3478,1742,1.810,0
3753,1738,1.835,0
4027,1741,1.877,0
4302,1751,1.840,0
4577,1747,1.808,0
4828,1751,1.859,0
5078,1751,1.844,0
5351,1758,1.844,0
5603,1760,1.839,0
5877,1755,1.859,0
6151,1756,1.863,0
6403,1761,1.856,0
6678,1761,1.857,0
6928,1760,1.856,0
7202,1761,1.850,0
7453,1745,1.874,0
7727,1746,1.865,0
7978,1744,1.879,0
8252,1753,1.856,0
8527,1750,1.901,0
8778,1749,1.887,0
9028,1750,1.879,0
9302,1750,1.880,0
9554,1752,1.864,0
9828,1754,1.869,0
10103,1755,1.864,0
10377,1751,1.875,0
10651,1754,1.862,0
10901,1752,1.874,0
11152,1753,1.868,0
11403,1752,1.887,0
11653,1760,1.928,0
11928,1753,1.888,0
12178,1761,1.868,0
12428,1753,1.877,0
12703,1757,1.881,0
12953,1755,1.874,0
13203,1759,1.872,0
13453,1759,1.869,0
13703,1755,1.877,0
13978,1755,1.875,0
14253,1757,1.877,0
14528,1755,1.877,0
14778,1759,1.876,0
15053,1749,1.892,0
15328,1753,1.882,0
15602,1758,1.906,0
15852,1755,1.890,0
16102,1753,1.875,0
16353,1759,1.888,0
16626,1744,1.877,0
16878,1754,1.849,0
17128,1753,1.858,0
17403,1754,1.855,0
17653,1750,1.859,0
17928,1755,1.854,0
18178,1748,1.855,0
18452,1753,1.848,0
18702,1756,1.852,0
18953,1753,1.857,0
19204,1754,1.860,0
19477,1747,1.871,0
19728,1747,1.882,0
19978,1748,1.868,0
20254,1748,1.889,0
20527,1744,1.915,0
20778,1753,1.894,0
21029,1757,1.880,0
21301,1757,1.879,0
21552,1757,1.878,0
21803,1755,1.875,0
22053,1759,1.873,0
22327,1760,1.877,0
22578,1757,1.876,0
22853,1757,1.872,0
23129,1753,1.876,0
23401,1758,1.874,0
23652,1754,1.876,0
23927,1754,1.893,0
24202,1746,1.918,0
24453,1749,1.916,0
24703,1759,1.855,0
24978,1753,1.836,0
25253,1751,1.852,0
25528,1749,1.852,0
25803,1749,1.848,0
26077,1751,1.809,0
26328,1750,1.803,0
26602,1754,1.813,0
26853,1751,1.823,0
27103,1748,1.818,0
27377,1749,1.788,0
27652,1751,1.909,0
27903,1747,1.861,0
28153,1748,1.909,0
28428,1743,1.924,0
28701,1748,1.928,0
28952,1750,1.922,0
29227,1744,1.931,0
29477,1747,1.930,0
29727,1743,1.933,0
29979,1748,1.931,0
30251,1750,1.927,0
30501,1745,1.935,0
30752,1751,1.930,0
31003,1746,1.932,0
31278,1749,1.930,0
31553,1749,1.940,0
31827,1739,1.935,0
32078,1756,1.947,0
32353,1741,1.929,0
32627,1753,1.908,0
32878,1752,1.886,0
33153,1752,1.878,0
33403,1755,1.827,0
33677,1749,1.824,0
33953,1754,1.827,0
34228,1754,1.840,0
34503,1754,1.859,0
34753,1757,1.861,0
35004,1749,1.880,0
35278,1752,1.866,0
35553,1759,1.888,0
35827,1750,1.868,0
36079,1741,1.839,0
36351,1742,1.855,0
36602,1733,1.859,0
36878,1729,1.857,0
37153,1729,1.851,0
37404,1733,1.859,0
37676,1732,1.853,0
37926,1733,1.861,0
38178,1733,1.852,0
38452,1731,1.872,0
38726,1730,1.837,0
38977,1734,1.869,0
39227,1732,1.873,0
39502,1730,1.878,0
39753,1734,1.895,0
40004,1728,1.857,0
40279,1735,1.854,0
40553,1733,1.840,0
40828,1741,1.867,0
41103,1741,1.886,0
41378,1740,1.855,0
41628,1740,1.864,0
41902,1741,1.838,0
42153,1742,1.861,0
42427,1742,1.868,0
42677,1738,1.843,0
42952,1737,1.858,0
43203,1742,1.878,0
43453,1740,1.889,0
43727,1727,1.902,0
44002,1740,1.861,0
44252,1735,1.852,0
44502,1742,1.829,0
44753,1739,1.829,0
45003,1734,1.844,0
45278,1733,1.835,0
45528,1734,1.846,0
45803,1732,1.842,0
46077,1735,1.841,0
46327,1730,1.839,0
46578,1731,1.838,0
46852,1732,1.835,0
47102,1733,1.853,0
47353,1742,1.884,0
47627,1745,1.868,0
47878,1750,1.956,0
48152,1748,1.898,0
48402,1735,1.843,0
48652,1743,1.821,0
48903,1744,1.823,0
49154,1745,1.827,0
49428,1755,1.842,0
49702,1749,1.846,0
49952,1748,1.831,0
50202,1750,1.837,0
50477,1754,1.846,0
50752,1746,1.851,0
51002,1749,1.829,0
51253,1749,1.852,0
51528,1755,1.901,0
51803,1739,1.899,0
52078,1743,1.911,0
52352,1750,1.841,0
52603,1745,1.909,0
52853,1748,1.939,0
53103,1748,1.939,0
53353,1750,1.936,0
53627,1751,1.936,0
53902,1751,1.936,0
54153,1757,1.935,0
54427,1751,1.935,0
54677,1749,1.937,0
54927,1752,1.931,0
55177,1746,1.932,0
55451,1747,1.923,0
55701,1751,1.911,0
55951,1745,1.914,0
56202,1732,1.849,0
56452,1744,1.866,0
56702,1740,1.928,0
56953,1742,1.927,0
57227,1745,1.919,0
57478,1742,1.924,0
57752,1740,1.919,0
58027,1740,1.920,0
58278,1742,1.916,0
58528,1745,1.913,0
58801,1743,1.916,0
59079,1746,1.916,0
59352,1745,1.908,0
59602,1742,1.915,0
59853,1753,1.950,0
60103,1743,1.910,0
60378,1747,1.926,0
60652,1742,1.945,0
60903,1747,1.950,0
61177,1742,1.949,0
61427,1743,1.948,0
61678,1741,1.950,0
61929,1743,1.947,0
62203,1743,1.945,0
62477,1747,1.944,0
62728,1742,1.948,0
63001,1742,1.951,0
63251,1739,1.947,0
63502,1755,1.948,0
63777,1738,1.922,0
64052,1743,1.927,0
64303,1747,1.931,0
64578,1731,1.951,0
64853,1736,1.935,0
65103,1738,1.931,0
65378,1729,1.933,0
65628,1736,1.929,0
65902,1734,1.922,0
66152,1730,1.926,0
66427,1736,1.928,0
66678,1737,1.935,0
66928,1735,1.929,0
67201,1735,1.931,0
67452,1749,1.931,0
67703,1746,1.926,0
67978,1741,1.930,0
68252,1751,1.905,0
68503,1756,1.905,0
68778,1752,1.903,0
69053,1755,1.918,0
69303,1752,1.902,0
69553,1754,1.927,0
69828,1752,1.919,0
70103,1746,1.937,0
70378,1748,1.930,0
70628,1749,1.903,0
70902,1754,1.916,0
71152,1752,1.911,0
71403,1753,1.929,0
71676,1743,1.934,0
71926,1740,1.927,0
72178,1744,1.920,0
72453,1747,1.931,0
72726,1747,1.931,0
72976,1747,1.917,0
73229,1747,1.916,0
73501,1748,1.912,0
73751,1752,1.911,0
74001,1745,1.915,0
74251,1747,1.919,0
74501,1746,1.915,0
74751,1744,1.924,0
75002,1741,1.904,0
75254,1747,1.899,0
75528,1743,1.918,0
75778,1743,1.911,0
76052,1749,1.920,0
76303,1752,1.901,0
76578,1747,1.918,0
76828,1746,1.941,0
77103,1749,1.936,0
77377,1748,1.937,0
77628,1752,1.929,0
77901,1745,1.934,0
78151,1746,1.935,0
78402,1749,1.942,0
78652,1752,1.930,0
78902,1748,1.932,0
79153,1750,1.931,0
79404,1749,1.935,0
79678,1738,1.947,0
79928,1749,1.928,0
80203,1750,1.930,0
80476,1748,1.918,0
80728,1745,1.929,0
80979,1747,1.921,0
81252,1747,1.920,0
81527,1747,1.926,0
81777,1745,1.929,0
82052,1748,1.926,0
82066,1743,1.925,1
82326,1744,1.924,1
82576,1748,1.926,1
82826,1745,1.926,1
83077,1744,1.929,1
83352,1750,1.916,1
83626,1754,1.903,1
83877,1745,1.946,1
84151,1744,1.951,1
84401,1755,1.915,1
84651,1757,1.946,1
84901,1752,1.954,1
85176,1752,1.946,1
85427,1749,1.948,1
85700,1750,1.951,1
85952,1749,1.946,1
86202,1753,1.948,1
86478,1750,1.944,1
86751,1746,1.944,1
87003,1747,1.945,1
87254,1749,1.946,1
87529,1744,1.931,1
87803,1746,1.924,1
88077,1742,1.917,1
88353,1736,1.940,1
88603,1738,1.931,1
88878,1743,1.926,1
89128,1743,1.919,1
89403,1744,1.917,1
89678,1743,1.918,1
89928,1742,1.919,1
90178,1744,1.919,1
90428,1740,1.919,1
90703,1741,1.921,1
90978,1744,1.921,1
91252,1747,1.917,1
91527,1745,1.929,1
91778,1740,1.954,1
92053,1748,1.919,1
92326,1742,1.930,1
92576,1750,1.943,1
92827,1743,1.940,1
93102,1747,1.941,1
93353,1746,1.942,1
93627,1745,1.942,1
93902,1747,1.943,1
94153,1745,1.943,1
94426,1746,1.934,1
94678,1749,1.934,1
94928,1751,1.935,1
95202,1749,1.931,1
95453,1748,1.943,1
95703,1745,1.938,1
95953,1754,1.919,1
96228,1745,1.922,1
96500,1746,1.910,1
96750,1738,1.889,1
97002,1745,1.856,1
97253,1743,1.864,1
97527,1742,1.874,1
97777,1744,1.821,1
98027,1741,1.862,1
98278,1748,1.853,1
98551,1744,1.833,1
98802,1744,1.867,1
99053,1742,1.868,1
99327,1743,1.872,1
99578,1761,1.886,1
99828,1753,1.907,1
100102,1746,1.906,1
100352,1754,1.883,1
100628,1753,1.928,1
100878,1755,1.922,1
101150,1755,1.919,1
101402,1752,1.923,1
101678,1748,1.930,1
101928,1748,1.924,1
102178,1747,1.931,1
102453,1748,1.927,1
102726,1745,1.926,1
102978,1749,1.926,1
103251,1752,1.932,1
103502,1740,1.931,1
103752,1742,1.945,1
104002,1753,1.936,1
104252,1741,1.929,1
104527,1745,1.952,1
104778,1739,1.963,1
105028,1741,1.960,1
105304,1736,1.959,1
105577,1738,1.958,1
105828,1743,1.955,1
106101,1743,1.953,1
106352,1735,1.949,1
106603,1740,1.954,1
106877,1738,1.959,1
107151,1735,1.951,1
107404,1741,1.954,1
107676,1742,1.939,1
107926,1744,1.942,1
108176,1739,1.944,1
108427,1729,1.971,1
108702,1741,1.966,1
108952,1742,1.960,1
109203,1738,1.963,1
109475,1736,1.960,1
109726,1732,1.963,1
109978,1735,1.961,1
110228,1737,1.945,1
110504,1738,1.964,1
110775,1736,1.963,1
111027,1744,1.959,1
111301,1738,1.960,1
111551,1732,1.958,1
111801,1731,1.948,1
112076,1735,1.931,1
112326,1736,1.936,1
112578,1752,1.814,1
112852,1745,1.866,1
113125,1738,1.838,1
113375,1735,1.840,1
113625,1740,1.850,1
113875,1742,1.846,1
114126,1745,1.848,1
114401,1742,1.841,1
114652,1740,1.830,1
114927,1741,1.904,1
115202,1748,1.887,1
115475,1749,1.859,1
115726,1750,1.886,1
115976,1743,1.874,1
116228,1742,1.890,1
137553,1742,1.945,1
137803,1744,1.950,1
138978,1742,1.945,1
139251,1742,1.936,1
139501,1746,1.947,1
139753,1748,1.959,1
140026,1752,1.947,1
140276,1740,1.947,1
140526,1740,1.888,1
140776,1742,1.871,1
141026,1749,1.851,1
141301,1748,1.853,1
141552,1746,1.838,1
141802,1746,1.828,1
142053,1747,1.808,1
142303,1750,1.814,1
142578,1748,1.822,1
142828,1753,1.821,1
143103,1754,1.830,1
143353,1748,1.859,1
143628,1723,1.899,1
143878,1747,1.937,1
144153,1747,1.928,1
144403,1751,1.889,1
144678,1749,1.928,1
144951,1748,1.928,1
145201,1748,1.928,1
145453,1748,1.926,1
145727,1749,1.933,1
145977,1749,1.925,1
146227,1746,1.927,1
165701,1742,1.849,1
165951,1741,1.848,1
166203,1745,1.850,1
166453,1741,1.856,1
166727,1732,1.858,1
167001,1738,1.861,1
167253,1739,1.857,1
167527,1733,1.886,1
167801,1743,1.858,1
168054,1743,1.853,1
168327,1740,1.891,1
168600,1747,1.869,1
168850,1747,1.860,1
169101,1744,1.871,1
169353,1744,1.876,1
169626,1748,1.871,1
169877,1745,1.875,1
170150,1746,1.862,1
170401,1743,1.873,1
170651,1749,1.878,1
170901,1744,1.874,1
171152,1742,1.883,1
171402,1743,1.874,1
171677,1733,1.953,1
171928,1746,1.874,1
172201,1732,1.891,1
172452,1736,1.894,1
172703,1741,1.852,1
172976,1741,1.848,1
173226,1739,1.855,1
173476,1743,1.850,1
173727,1741,1.856,1
174003,1740,1.853,1
174253,1740,1.849,1
174528,1743,1.850,1
174802,1741,1.867,1
175078,1743,1.879,1
175352,1747,1.848,1
175627,1745,1.876,1
175901,1752,1.855,1
176152,1755,1.857,1
176425,1744,1.886,1
176675,1748,1.908,1
176928,1746,1.917,1
177178,1752,1.918,1
177450,1753,1.890,1
177700,1753,1.891,1
177950,1753,1.886,1
178202,1758,1.888,1
178475,1751,1.889,1
178726,1754,1.880,1
178976,1752,1.888,1
179227,1749,1.889,1
179501,1751,1.895,1
179751,1732,1.921,1
180001,1745,1.914,1
180251,1749,1.913,1
180502,1741,1.929,1
180776,1750,1.918,1
181027,1745,1.923,1
181300,1750,1.917,1
181550,1746,1.918,1
181802,1748,1.919,1
182052,1753,1.922,1
182326,1746,1.916,1
182600,1750,1.913,1
182850,1743,1.916,1
183103,1748,1.911,1
183353,1746,1.924,1
183625,1718,1.934,1
183878,1750,1.916,1
184153,1739,1.912,1
184404,1745,1.881,1
184676,1738,1.852,1
184926,1743,1.862,1
185201,1743,1.867,1
185453,1746,1.879,1
185726,1725,1.953,1
185977,1728,1.960,1
186227,1731,1.952,1
186501,1734,1.947,1
186751,1728,1.954,1
187001,1724,1.958,1
187252,1732,1.935,1
187502,1724,1.895,1
187752,1734,1.956,1
188003,1733,1.941,1
188278,1728,1.953,1
188551,1736,1.972,1
188801,1733,1.979,1
189053,1733,1.974,1
189303,1733,1.973,1
189578,1731,1.971,1
189828,1733,1.974,1
190101,1731,1.975,1
190377,1731,1.973,1
190628,1734,1.972,1
190901,1735,1.971,1
191151,1737,1.971,1
191403,1740,1.962,1
191653,1738,1.976,1
191903,1731,1.992,1
192176,1732,1.973,1
192428,1729,1.980,1
192701,1738,1.938,1
192951,1738,1.974,1
193202,1736,1.981,1
193478,1735,1.982,1
193728,1734,1.975,1
194000,1734,1.982,1
194253,1735,1.983,1
194526,1737,1.960,1
194777,1736,1.981,1
195027,1738,1.987,1
195278,1738,1.961,1
195528,1729,1.997,1
195801,1743,1.972,1
196052,1725,1.998,1
196328,1738,1.971,1
196578,1736,1.990,1
196851,1737,1.963,1
197101,1741,1.962,1
197352,1738,1.970,1
197628,1740,1.969,1
197903,1743,1.965,1
198176,1743,1.963,1
198426,1745,1.966,1
198677,1747,1.964,1
198928,1748,1.956,1
199201,1744,1.966,1
199453,1741,1.968,1
199726,1726,1.969,1
199978,1741,1.970,1
200251,1731,1.971,1
200503,1732,1.957,1
200753,1726,1.968,1
201003,1727,1.964,1
201276,1726,1.963,1
201526,1726,1.964,1
201777,1727,1.968,1
202027,1731,1.963,1
202278,1724,1.962,1
202528,1724,1.978,1
202802,1731,1.971,1
203077,1729,1.964,1
203327,1731,1.974,1
203602,1742,1.951,1
203853,1729,1.963,1
204103,1730,1.973,1
204378,1729,1.947,1
204628,1728,1.968,1
204901,1737,1.997,1
205152,1736,1.980,1
205403,1735,1.969,1
205677,1740,1.975,1
205928,1735,1.974,1
206179,1738,1.981,1
206453,1741,1.972,1
206728,1740,1.989,1
207002,1739,1.973,1
207252,1740,1.957,1
207502,1735,1.951,1
207752,1732,1.976,1
208002,1735,1.986,1
208253,1732,1.968,1
208528,1730,2.006,1
208778,1727,1.988,1
209052,1728,1.982,1
209302,1728,1.981,1
209554,1728,1.980,1
209827,1728,1.981,1
210078,1729,1.978,1
210352,1727,1.979,1
210627,1724,1.981,1
210878,1729,1.981,1
211128,1726,1.980,1
211378,1730,1.983,1
211628,1733,1.990,1
211903,1719,2.007,1
212177,1732,1.993,1
212428,1727,2.014,1
212678,1726,1.987,1
212952,1725,1.990,1
213227,1729,1.979,1
213477,1727,1.975,1
213728,1728,1.974,1
213978,1728,1.976,1
214228,1730,1.973,1
214478,1729,1.971,1
214728,1726,1.973,1
215002,1727,1.971,1
215252,1725,1.977,1
215502,1719,1.998,1
215752,1738,2.002,1
216003,1735,2.000,1
216277,1727,2.015,1
216528,1725,1.994,1
216802,1729,2.002,1
217053,1725,1.995,1
217303,1726,1.996,1
217578,1728,1.999,1
217852,1727,1.993,1
218103,1727,1.996,1
218378,1727,1.996,1
218653,1726,1.998,1
218927,1726,2.006,1
219201,1733,2.005,1
219452,1729,1.996,1
219702,1723,1.988,1
219953,1723,2.013,1
220229,1725,2.006,1
220503,1713,1.984,1
220753,1725,2.008,1
221027,1723,2.007,1
221302,1724,1.992,1
221577,1725,1.995,1
221829,1725,2.020,1
222103,1725,2.005,1
222377,1723,2.009,1
222652,1725,2.023,1
222902,1726,2.007,1
223152,1721,2.022,1
223402,1726,2.017,1
223652,1722,1.992,1
223903,1746,1.981,1
224179,1720,2.027,1
224451,1727,1.971,1
224703,1730,2.003,1
224976,1728,2.012,1
225226,1731,2.019,1
225476,1729,2.019,1
225728,1731,2.015,1
226004,1732,2.014,1
226278,1735,2.019,1
226552,1728,2.017,1
226827,1729,2.018,1
227078,1726,2.013,1
227352,1734,2.004,1
227602,1722,2.017,1
227852,1716,2.009,1
228102,1739,2.014,1
228353,1720,1.991,1
228627,1727,1.974,1
228878,1736,2.001,1
229152,1731,1.997,1
229426,1730,2.004,1
229676,1733,1.987,1
229926,1729,1.991,1
230178,1730,1.999,1
230453,1732,2.004,1
230727,1730,1.980,1
230978,1728,1.998,1
231253,1733,1.995,1
231503,1718,2.010,1
231778,1711,2.037,1
232052,1721,2.019,1
232328,1724,1.998,1
232603,1719,2.014,1
232878,1729,2.000,1
233152,1735,1.980,1
233427,1734,1.991,1
233702,1729,1.993,1
233978,1730,2.000,1
234252,1731,1.994,1
234528,1731,1.994,1
234803,1736,1.996,1
235053,1734,1.994,1
235328,1729,1.999,1
235578,1727,1.986,1
235829,1726,1.991,1
236101,1724,1.979,1
236351,1724,1.982,1
236601,1730,1.979,1
236851,1730,1.976,1
237102,1727,1.982,1
237353,1724,1.981,1
237603,1726,1.979,1
237878,1726,1.982,1
238153,1724,1.983,1
238404,1724,1.982,1
238678,1729,1.982,1
238952,1728,1.982,1
239202,1730,1.974,1
239477,1715,2.009,1
239752,1718,2.003,1
240027,1726,1.984,1
240278,1730,1.993,1
240552,1295,3.068,1
240828,1727,2.006,1
241103,1728,1.993,1
241378,1725,1.989,1
241652,1723,1.991,1
241902,1725,1.992,1
242153,1724,1.989,1
242427,1727,1.990,1
242679,1723,1.988,1
242953,1730,1.991,1
243228,1730,1.993,1
243479,1725,1.981,1
243751,1730,1.983,1
244002,1728,1.991,1
244277,1725,2.000,1
244528,1729,1.990,1
244802,1725,1.994,1
245077,1727,2.010,1
245328,1724,2.006,1
245602,1723,2.002,1
245852,1726,1.999,1
246103,1725,2.002,1
246378,1723,2.010,1
246628,1722,2.001,1
246904,1720,2.004,1
247177,1722,2.000,1
247428,1726,1.988,1
247703,1737,1.995,1
247977,1725,1.996,1
248229,1728,2.002,1
248502,1728,2.009,1
248753,1725,1.999,1
249027,1721,1.999,1
249278,1720,2.000,1
249552,1723,2.000,1
249802,1724,1.998,1
250052,1722,1.992,1
250303,1723,1.998,1
250578,1720,1.997,1
250852,1721,1.993,1
251103,1723,1.992,1
251354,1719,2.005,1
251627,1733,2.000,1
251902,1724,2.011,1
252178,1729,2.006,1
252452,1721,2.020,1
252702,1723,2.032,1
252953,1719,2.037,1
253228,1721,2.043,1
253502,1723,2.041,1
253777,1726,2.044,1
254028,1723,2.043,1
254278,1723,2.038,1
254528,1725,2.031,1
254778,1724,2.037,1
255028,1721,2.038,1
255278,1731,2.023,1
255553,1712,2.042,1
255828,1724,2.018,1
256104,1719,2.016,1
256378,1731,2.003,1
256652,1711,2.005,1
256903,1725,1.971,1
257153,1723,1.983,1
257428,1722,1.986,1
257678,1723,1.994,1
257952,1718,1.986,1
258226,1726,1.985,1
258478,1720,1.979,1
258728,1728,1.982,1
259003,1718,1.986,1
259278,1721,1.986,1
259554,1709,2.025,1
259827,1724,2.001,1
260078,1734,2.011,1
260328,1729,2.010,1
260578,1723,2.022,1
260852,1732,2.016,1
261128,1730,2.012,1
261378,1728,2.010,1
261653,1729,2.003,1
261929,1729,2.006,1
262201,1730,2.008,1
262451,1732,2.006,1
262701,1731,2.002,1
262953,1727,2.014,1
263229,1731,2.008,1
263503,1730,1.976,1
263754,1726,2.009,1
264027,1728,2.014,1
264278,1724,2.010,1
264529,1728,2.006,1
264802,1726,1.999,1
265053,1724,1.991,1
265326,1723,1.995,1
265578,1727,1.997,1
265853,1726,1.999,1
266129,1723,1.997,1
266401,1726,2.001,1
266652,1725,1.995,1
266927,1723,1.996,1
267202,1722,1.994,1
267452,1714,2.018,1
267728,1723,1.991,1
268001,1728,1.972,1
268252,1715,1.991,1
268502,1746,1.974,1
268753,1724,1.984,1
269028,1722,1.984,1
269302,1722,1.986,1
269553,1719,1.986,1
269803,1719,1.986,1
270053,1719,1.981,1
270327,1723,1.989,1
270577,1715,1.989,1
270827,1719,1.982,1
271077,1720,1.984,1
271327,1723,1.982,1
271603,1703,2.010,1
271853,1721,1.989,1
272103,1730,1.963,1
272353,1725,1.987,1
272629,1718,1.970,1
272903,1728,1.949,1
273153,1724,1.956,1
273403,1723,1.958,1
273677,1724,1.954,1
273929,1725,1.955,1
274203,1724,1.950,1
274475,1725,1.950,1
274728,1721,1.959,1
275003,1726,1.955,1
275277,1726,1.936,1
275527,1730,1.930,1
275777,1715,1.928,1
276028,1721,1.934,1
276303,1730,1.913,1
276577,1723,1.881,1
276852,1727,1.902,1
277102,1728,1.913,1
277376,1730,1.911,1
277626,1729,1.913,1
277877,1726,1.914,1
278152,1721,1.915,1
278427,1722,1.918,1
278678,1725,1.912,1
278952,1721,1.917,1
279203,1724,1.918,1
279453,1722,1.928,1
279703,1721,1.952,1
279977,1720,1.925,1
280228,1723,1.922,1
280502,1703,1.977,1
280753,1713,1.957,1
281028,1715,1.940,1
281303,1717,1.942,1
281553,1713,1.942,1
281827,1716,1.942,1
282102,1718,1.946,1
282353,1714,1.945,1
282629,1719,1.938,1
282903,1715,1.942,1
283178,1718,1.938,1
283452,1715,1.946,1
283702,1728,1.907,1
283952,1721,1.927,1
284203,1715,1.941,1
284477,1723,1.931,1
284728,1723,1.927,1
285001,1725,1.926,1
285251,1722,1.931,1
285502,1723,1.929,1
285777,1726,1.925,1
286028,1723,1.927,1
286303,1725,1.925,1
286577,1726,1.929,1
286827,1718,1.934,1
287102,1725,1.929,1
287353,1716,1.918,1
287627,1721,1.922,1
287902,1720,1.921,1
288153,1723,1.921,1
288427,1710,1.952,1
288702,1717,1.945,1
288953,1713,1.943,1
289227,1714,1.925,1
289478,1720,1.931,1
289752,1719,1.930,1
290003,1716,1.937,1
290278,1715,1.947,1
290552,1722,1.940,1
290803,1720,1.924,1
291077,1721,1.927,1
291328,1725,1.928,1
291602,1709,2.011,1
291853,1716,1.926,1
292103,1716,1.933,1
292353,1718,1.916,1
292626,1711,1.924,1
292876,1716,1.943,1
293128,1717,1.968,1
293378,1717,1.973,1
293628,1715,1.977,1
293902,1719,1.957,1
294153,1717,1.972,1
294428,1715,1.970,1
294702,1715,1.996,1
294977,1716,1.961,1
295228,1710,1.950,1
295502,1725,1.974,1
295752,1728,1.917,1
296003,1713,1.957,1
296253,1728,1.919,1
296527,1703,1.969,1
296802,1706,1.942,1
297053,1707,1.946,1
297327,1709,1.936,1
297602,1711,1.941,1
297853,1711,1.937,1
298126,1711,1.936,1
298377,1709,1.946,1
298628,1712,1.945,1
298878,1710,1.941,1
299152,1710,1.939,1
299403,1715,1.944,1
299677,1701,1.960,1
299928,1725,1.956,1
300178,1706,1.980,1
300452,1710,1.978,1
300703,1716,1.927,1
300976,1706,1.935,1
301226,1709,1.940,1
301477,1711,1.923,1
301728,1708,1.949,1
301978,1710,1.934,1
302251,1712,1.947,1
302502,1714,1.936,1
302753,1716,1.914,1
303028,1710,1.912,1
303301,1715,1.948,1
303552,1717,1.959,1
303802,1720,1.967,1
304077,1719,1.909,1
304328,1713,1.940,1
304578,1719,1.948,1
304828,1722,1.954,1
305102,1717,1.954,1
305353,1719,1.957,1
305603,1720,1.955,1
305853,1719,1.961,1
306127,1717,1.960,1
306402,1722,1.956,1
306653,1719,1.959,1
306903,1721,1.958,1
307177,1726,1.952,1
307427,1718,1.951,1
307702,1713,1.972,1
307953,1710,1.962,1
308228,1712,1.944,1
308478,1724,1.954,1
308751,1720,1.945,1
309003,1703,1.973,1
309277,1710,1.961,1
309528,1711,1.957,1
309803,1711,1.956,1
310078,1706,1.967,1
310352,1710,1.954,1
310603,1709,1.974,1
310877,1706,1.975,1
311152,1706,1.960,1
311403,1709,1.955,1
311678,1725,1.951,1
311954,1719,1.955,1
312228,1716,1.941,1
312502,1723,1.924,1
312752,1712,1.961,1
313002,1714,1.955,1
313253,1712,1.960,1
313528,1714,1.965,1
313803,1712,1.958,1
314077,1711,1.966,1
314329,1713,1.960,1
314601,1711,1.953,1
314852,1714,1.961,1
315103,1711,1.966,1
315353,1711,1.969,1
315603,1700,2.049,1
315877,1709,2.018,1
316129,1710,1.959,1
316401,1707,1.927,1
316651,1713,1.954,1
316901,1712,1.951,1
317151,1711,1.957,1
317403,1715,1.949,1
317678,1714,1.938,1
317928,1712,1.946,1
318178,1716,1.948,1
318454,1713,1.942,1
318727,1715,1.946,1
318978,1716,1.957,1
319252,1717,1.943,1
319503,1703,1.936,1
319778,1704,2.011,1
320028,1701,1.988,1
320278,1710,1.983,1
320551,1714,1.934,1
320801,1712,1.993,1
321052,1708,1.956,1
321303,1707,2.001,1
321579,1711,1.985,1
321854,1711,1.995,1
322126,1710,1.989,1
322378,1708,2.001,1
322652,1706,1.996,1
322903,1712,1.987,1
323153,1713,1.965,1
323428,1704,1.959,1
323678,1706,1.992,1
323928,1698,1.964,1
324202,1697,2.041,1
324452,1699,1.973,1
324703,1715,1.943,1
324953,1715,1.960,1
325228,1717,1.963,1
325478,1713,1.964,1
325728,1710,1.987,1
326001,1713,1.981,1
326251,1717,1.961,1
326502,1711,1.972,1
326753,1711,1.974,1
327028,1713,1.981,1
327278,1716,1.963,1
327552,1700,2.071,1
327803,1699,2.009,1
328076,1702,2.046,1
328327,1710,1.988,1
328578,1717,2.029,1
328852,1714,2.035,1
329103,1717,2.037,1
329377,1716,2.046,1
329628,1717,2.043,1
329902,1708,2.026,1
330177,1715,2.026,1
330428,1711,2.023,1
330702,1715,2.031,1
330952,1710,2.034,1
331202,1711,2.044,1
331477,1700,2.038,1
331728,1726,2.033,1
332002,1713,2.075,1
332277,1710,2.068,1
332527,1693,2.065,1
332777,1704,2.036,1
333028,1703,2.045,1
333303,1701,2.029,1
333577,1708,2.051,1
333828,1709,2.048,1
334102,1710,2.052,1
334353,1707,2.054,1
334628,1708,2.038,1
334902,1707,2.053,1
335152,1708,2.054,1
335427,1702,2.031,1
335678,1714,2.022,1
335929,1700,2.034,1
336203,1702,2.059,1
336453,1698,2.052,1
336703,1717,2.032,1
336977,1713,2.031,1
337227,1711,2.037,1
337478,1712,2.029,1
337752,1715,2.026,1
338003,1717,2.021,1
338278,1715,2.036,1
338529,1713,2.033,1
338802,1714,2.025,1
339077,1715,2.035,1
339350,1718,2.039,1
339603,1707,2.039,1
339878,1707,2.054,1
340153,1714,2.047,1
340403,1708,2.034,1
340678,1714,2.059,1
340952,1708,2.072,1
341228,1712,2.067,1
341478,1716,2.062,1
341752,1713,2.061,1
342027,1711,2.058,1
342278,1711,2.062,1
342552,1711,2.055,1
342827,1714,2.058,1
343078,1713,2.066,1
343352,1718,2.058,1
343603,1707,2.039,1
343877,1710,2.052,1
344128,1703,2.047,1
344402,1719,2.055,1
344677,1718,2.050,1
344928,1713,2.023,1
345203,1713,2.045,1
345478,1710,2.046,1
345753,1708,2.028,1
346027,1711,2.041,1
346278,1711,2.037,1
346528,1711,2.046,1
346802,1714,2.042,1
347052,1712,2.031,1
347326,1714,2.031,1
347577,1722,2.009,1
347828,1707,2.039,1
348103,1711,2.044,1
348377,1716,2.066,1
348628,1715,2.043,1
348902,1711,2.055,1
349177,1709,2.051,1
349428,1712,2.054,1
349702,1714,2.053,1
349952,1709,2.045,1
350203,1711,2.048,1
350477,1708,2.040,1
350727,1711,2.042,1
350977,1712,2.051,1
351228,1710,2.048,1
351503,1716,2.072,1
351778,1702,2.053,1
352053,1711,2.050,1
352328,1710,2.051,1
352578,1700,2.047,1
352853,1711,2.033,1
353128,1711,2.036,1
353403,1715,2.029,1
353677,1716,2.031,1
353928,1711,2.029,1
354203,1719,2.028,1
354453,1716,2.033,1
354728,1708,2.032,1
354979,1711,2.033,1
355252,1711,2.029,1
355502,1713,2.032,1
355752,1715,2.027,1
356003,1710,2.034,1
356276,1714,2.022,1
356527,1722,2.008,1
356777,1702,2.037,1
357027,1708,2.038,1
357277,1707,2.028,1
357527,1705,2.038,1
357777,1707,2.038,1
358027,1703,2.040,1
358301,1703,2.042,1
358552,1710,2.039,1
358827,1708,2.031,1
359078,1710,2.034,1
359352,1711,2.032,1
359603,1701,2.046,1
359877,1707,2.052,1
360129,1705,2.043,1
360402,1713,2.032,1
360654,1709,2.073,1
360927,1714,2.022,1
361178,1716,2.025,1
361428,1719,2.025,1
361678,1715,2.030,1
361929,1714,2.014,1
362201,1715,2.030,1
362452,1716,2.016,1
362702,1717,2.017,1
362978,1716,2.023,1
363228,1714,2.034,1
363478,1712,2.071,1
363728,1704,2.100,1
363978,1701,2.069,1
364228,1709,2.038,1
364503,1701,2.025,1
364777,1706,2.057,1
365027,1706,2.049,1
365302,1711,2.045,1
365553,1709,2.047,1
365803,1710,2.045,1
366077,1712,2.047,1
366353,1708,2.047,1
366603,1708,2.049,1
366878,1707,2.049,1
367152,1709,2.044,1
367402,1714,2.042,1
367653,1705,2.009,1
367928,1710,2.078,1
368178,1701,2.051,1
368454,1715,2.056,1
368727,1714,2.053,1
368978,1709,2.036,1
369228,1709,2.041,1
369478,1710,2.043,1
369753,1704,2.045,1
370028,1708,2.052,1
370304,1707,2.046,1
370575,1707,2.044,1
370828,1711,2.037,1
371078,1711,2.038,1
371351,1710,2.046,1
371602,1710,2.080,1
371878,1703,2.079,1
372129,1703,2.036,1
372402,1706,2.060,1
372653,1715,2.069,1
372928,1715,2.045,1
373204,1708,2.058,1
373476,1711,2.053,1
373727,1709,2.052,1
374002,1710,2.056,1
374278,1711,2.057,1
374553,1707,2.059,1
374828,1709,2.061,1
375102,1707,2.057,1
375376,1711,2.041,1
375628,1695,2.054,1
375902,1715,2.052,1
376152,1710,2.052,1
376427,1711,2.044,1
376677,1710,2.046,1
376951,1706,2.038,1
377201,1716,2.030,1
377453,1710,2.035,1
377704,1712,2.035,1
377976,1712,2.034,1
378227,1707,2.038,1
378478,1714,2.031,1
378729,1713,2.032,1
379004,1711,2.034,1
379276,1710,2.032,1
379526,1711,2.053,1
379776,1703,2.040,1
380027,1711,2.060,1
380302,1712,2.034,1
380553,1708,2.060,1
380803,1702,2.049,1
381053,1711,2.029,1
381303,1715,2.017,1
381553,1712,2.033,1
381804,1710,2.009,1
382076,1713,2.011,1
382326,1713,2.013,1
382577,1711,2.010,1
382852,1714,2.025,1
383127,1711,2.047,1
383401,1711,2.041,1
383652,1691,2.068,1
383902,1713,2.055,1
384177,1717,2.070,1
384429,1707,2.064,1
384701,1706,2.042,1
384953,1716,2.023,1
385228,1715,2.021,1
385500,1712,2.024,1
385751,1715,2.022,1
386002,1713,2.026,1
386253,1716,2.018,1
386527,1716,2.022,1
386803,1716,2.026,1
387053,1714,2.023,1
387325,1716,2.025,1
387577,1705,2.056,1
387827,1701,2.036,1
388103,1697,2.038,1
388376,1705,2.043,1
388628,1694,2.072,1
388878,1704,2.031,1
389128,1705,2.042,1
389378,1699,2.043,1
389654,1703,2.038,1
389927,1701,2.043,1
390203,1702,2.042,1
390476,1703,2.042,1
390726,1709,2.031,1
390978,1703,2.037,1
391251,1703,2.029,1
391501,1695,2.056,1
391752,1716,2.016,1
392003,1710,2.012,1
392253,1716,1.997,1
392504,1697,2.033,1
392754,1713,2.017,1
393029,1708,2.025,1
393301,1710,2.023,1
393552,1712,2.017,1
393828,1712,2.017,1
394103,1710,2.015,1
394353,1711,2.018,1
394627,1715,2.011,1
394902,1713,2.017,1
395153,1711,2.017,1
395427,1703,2.030,1
395678,1720,1.998,1
395952,1716,2.015,1
396202,1714,2.008,1
396452,1709,2.002,1
396702,1712,1.989,1
396952,1709,1.999,1
397204,1709,1.998,1
397476,1713,1.996,1
397727,1712,1.999,1
397977,1716,2.001,1
398228,1709,2.000,1
398502,1710,1.999,1
398778,1712,2.002,1
399052,1714,2.002,1
399303,1713,2.003,1
399577,1707,2.017,1
399828,1706,2.008,1
400102,1701,2.012,1
400377,1695,2.003,1
400627,1706,1.991,1
400878,1706,2.001,1
401128,1705,2.000,1
401403,1707,2.002,1
401653,1708,2.021,1
401927,1704,2.022,1
402177,1706,2.021,1
402428,1707,2.021,1
402678,1703,2.031,1
402952,1707,2.024,1
403203,1704,2.019,1
403453,1699,2.002,1
403728,1712,1.985,1
403978,1699,2.000,1
404228,1700,2.009,1
404478,1697,2.024,1
404753,1702,2.000,1
405028,1698,2.000,1
405303,1696,2.003,1
405578,1704,2.006,1
405829,1706,1.999,1
406101,1700,2.001,1
406353,1700,2.001,1
406627,1703,2.000,1
406878,1700,2.000,1
407153,1699,1.999,1
407404,1702,1.999,1
407654,1709,1.994,1
407927,1697,1.999,1
408202,1702,1.994,1
408477,1705,1.993,1
408752,1695,2.012,1
409003,1697,1.999,1
409277,1696,2.002,1
409527,1698,1.995,1
409778,1699,2.000,1
410053,1699,1.997,1
410303,1695,2.008,1
410553,1699,1.997,1
410828,1697,2.006,1
411102,1700,1.996,1
411353,1701,2.005,1
411628,1703,2.027,1
411879,1700,2.034,1
412151,1708,2.018,1
412403,1686,2.052,1
412677,1704,2.027,1
412929,1700,2.030,1
413203,1696,2.030,1
413477,1697,2.028,1
413727,1702,2.023,1
413978,1697,2.028,1
414252,1699,2.028,1
414527,1694,2.029,1
414803,1695,2.028,1
415078,1698,2.028,1
415352,1698,2.028,1
415627,1695,2.044,1
415878,1703,2.019,1
416153,1695,2.040,1
416428,1700,2.052,1
416702,1702,2.050,1
416977,1700,2.047,1
417228,1701,2.048,1
417503,1704,2.040,1
417777,1704,2.036,1
418028,1703,2.047,1
418302,1703,2.050,1
418552,1699,2.048,1
418803,1700,2.048,1
419078,1699,2.044,1
419353,1695,2.049,1
419628,1689,2.080,1
419903,1706,2.046,1
420177,1694,2.062,1
420427,1710,2.040,1
420677,1711,2.041,1
420952,1711,2.036,1
421202,1708,2.039,1
421453,1707,2.042,1
421728,1706,2.047,1
422002,1708,2.043,1
422277,1709,2.040,1
422528,1709,2.041,1
422802,1709,2.043,1
423052,1704,2.041,1
423303,1710,2.040,1
423553,1703,2.046,1
423829,1694,2.043,1
424103,1706,2.035,1
424378,1698,2.048,1
424652,1715,2.030,1
424902,1709,2.022,1
425178,1709,2.016,1
425452,1708,2.019,1
425703,1709,2.019,1
425977,1707,2.021,1
426228,1706,2.023,1
426501,1708,2.022,1
426752,1707,2.020,1
427004,1709,2.021,1
427278,1704,2.027,1
427553,1715,2.009,1
427827,1702,2.028,1
428078,1702,2.028,1
428352,1704,2.038,1
428603,1711,2.026,1
428877,1713,2.024,1
429128,1708,2.029,1
429402,1707,2.027,1
429652,1709,2.021,1
429903,1710,2.027,1
430178,1711,2.031,1
430452,1707,2.028,1
430703,1707,2.025,1
430977,1713,2.029,1
431228,1705,2.024,1
431503,1697,2.043,1
431777,1694,2.033,1
432027,1701,2.020,1
432278,1693,2.003,1
432528,1702,2.005,1
432803,1705,1.997,1
433077,1699,2.002,1
433329,1700,2.009,1
433602,1702,2.009,1
433877,1706,2.007,1
434128,1702,2.010,1
434402,1703,2.001,1
434653,1700,2.005,1
434927,1701,2.007,1
435178,1702,2.006,1
435452,1701,2.009,1
435703,1700,2.035,1
435977,1689,2.042,1
436229,1690,2.056,1
436501,1707,2.011,1
436753,1703,2.016,1
437003,1703,2.005,1
437253,1704,2.001,1
437529,1701,2.005,1
437802,1702,2.000,1
438053,1701,2.005,1
438303,1697,2.005,1
438576,1703,2.007,1
438828,1705,2.005,1
439078,1703,2.006,1
439352,1703,2.023,1
439602,1703,2.027,1
439853,1685,2.058,1
440103,1701,2.029,1
440353,1707,2.015,1
440627,1683,2.055,1
440878,1703,2.029,1
441153,1703,2.030,1
441427,1701,2.040,1
441678,1705,2.035,1
441928,1705,2.034,1
442203,1701,2.041,1
442477,1702,2.036,1
442728,1702,2.038,1
443002,1704,2.031,1
443278,1700,2.041,1
443553,1698,2.044,1
443827,1698,2.041,1
444078,1717,2.011,1
444352,1694,2.052,1
444627,1699,2.043,1
444877,1698,2.009,1
445153,1700,2.043,1
445427,1699,2.008,1
445677,1697,2.026,1
445927,1698,2.023,1
446177,1694,2.024,1
446428,1696,2.040,1
446679,1698,2.018,1
446951,1692,2.031,1
447202,1695,2.040,1
447453,1699,2.014,1
447726,1691,2.066,1
447976,1705,2.043,1
448228,1717,2.030,1
448478,1714,2.029,1
448729,1708,2.044,1
449001,1702,2.048,1
449251,1698,2.048,1
449501,1700,2.042,1
449752,1702,2.043,1
450027,1706,2.042,1
450278,1703,2.044,1
450528,1702,2.044,1
450802,1698,2.046,1
451053,1701,2.048,1
451303,1702,2.050,1
451553,1707,2.030,1
451828,1702,2.058,1
452078,1684,2.066,1
452353,1701,2.037,1
452628,1710,2.025,1
452903,1702,2.021,1
453178,1707,2.026,1
453428,1702,2.028,1
453702,1702,2.032,1
453977,1708,2.030,1
454252,1702,2.029,1
454527,1700,2.031,1
454801,1703,2.031,1
455052,1704,2.028,1
455303,1702,2.029,1
455578,1689,2.055,1
455828,1696,2.043,1
456103,1703,2.029,1
456377,1691,2.057,1
456627,1694,2.053,1
456877,1695,2.044,1
457152,1696,2.033,1
457403,1698,2.043,1
457676,1702,2.042,1
457927,1700,2.041,1
458177,1699,2.043,1
458428,1700,2.041,1
458702,1698,2.037,1
458952,1703,2.038,1
459202,1700,2.039,1
459477,1701,2.032,1
459727,1706,2.038,1
459977,1694,2.055,1
460228,1697,2.054,1
460502,1712,2.025,1
460752,1697,2.042,1
461002,1704,2.038,1
461253,1699,2.047,1
461528,1699,2.040,1
461801,1698,2.040,1
462052,1697,2.042,1
462303,1700,2.039,1
462576,1699,2.042,1
462827,1698,2.043,1
463077,1703,2.037,1
463328,1699,2.046,1
463602,1687,2.065,1
463852,1696,2.061,1
464102,1694,2.049,1
464353,1691,2.037,1
464627,1691,2.041,1
464878,1699,2.041,1
465152,1701,2.036,1
465402,1702,2.040,1
465652,1699,2.028,1
465903,1699,2.041,1
466153,1698,2.030,1
466427,1700,2.041,1
466677,1701,2.039,1
466952,1702,2.030,1
467202,1700,2.039,1
467452,1697,2.026,1
467702,1695,2.027,1
467953,1693,2.019,1
468227,1703,2.011,1
468478,1703,1.998,1
468752,1696,2.002,1
469002,1690,1.999,1
469253,1694,2.004,1
469503,1694,1.999,1
469753,1697,1.999,1
470026,1695,2.000,1
470276,1697,1.998,1
470551,1695,2.002,1
470801,1695,1.998,1
471052,1695,1.995,1
471303,1698,2.000,1
471554,1696,2.012,1
471827,1690,2.039,1
472078,1694,2.057,1
472352,1697,2.034,1
472603,1714,2.030,1
472854,1700,2.018,1
473128,1703,2.029,1
473378,1697,2.036,1
473652,1701,2.030,1
473902,1698,2.029,1
474153,1702,2.031,1
474427,1700,2.035,1
474678,1699,2.037,1
474928,1702,2.031,1
475178,1699,2.039,1
475453,1700,2.038,1
475728,1692,2.000,1
475979,1700,2.059,1
476251,1699,2.052,1
476501,1687,2.040,1
476751,1706,2.028,1
477026,1700,2.042,1
477277,1708,2.041,1
477528,1704,2.043,1
477778,1699,2.042,1
478028,1697,2.040,1
478278,1700,2.038,1
478528,1703,2.038,1
478802,1701,2.042,1
479053,1698,2.041,1
479303,1698,2.038,1
479577,1701,2.046,1
479828,1701,2.056,1
480078,1709,2.032,1
480352,1711,2.023,1
480602,1703,2.045,1
480853,1702,2.037,1
481103,1704,2.039,1
481353,1705,2.037,1
481627,1695,2.052,1
481901,1700,2.036,1
482152,1699,2.045,1
482403,1700,2.047,1
482677,1703,2.038,1
482927,1706,2.036,1
483177,1707,2.033,1
483427,1704,2.031,1
483701,1695,2.063,1
483953,1703,2.038,1
484228,1693,2.053,1
484502,1692,2.044,1
484778,1709,2.012,1
485029,1708,2.012,1
485301,1710,2.014,1
485552,1709,2.005,1
485826,1708,2.009,1
486077,1709,2.013,1
486328,1705,2.009,1
486602,1706,2.010,1
486852,1706,2.004,1
487127,1707,2.004,1
487403,1701,2.007,1
487678,1705,2.005,1
487952,1694,2.011,1
488227,1711,2.004,1
488478,1701,2.015,1
488752,1694,2.022,1
489002,1702,2.025,1
489277,1698,2.013,1
489527,1697,2.007,1
489802,1697,2.018,1
490053,1698,2.011,1
490326,1699,2.010,1
490578,1696,2.013,1
490828,1696,2.022,1
491078,1697,2.022,1
491328,1698,2.023,1
491578,1689,2.012,1
491853,1707,2.006,1
492128,1701,2.032,1
492378,1694,2.040,1
492653,1696,2.032,1
492926,1698,2.013,1
493177,1701,2.018,1
493453,1696,2.023,1
493727,1702,2.010,1
493977,1700,2.014,1
494228,1700,2.016,1
494502,1697,2.012,1
494752,1698,2.016,1
495027,1697,2.017,1
495301,1700,2.046,1
495553,1702,2.049,1
495827,1699,2.039,1
496102,1685,2.045,1
496376,1702,2.020,1
496627,1692,2.027,1
496878,1699,2.041,1
497150,1701,2.044,1
497402,1700,2.046,1
497652,1701,2.045,1
497902,1702,2.047,1
498153,1695,2.045,1
498427,1696,2.047,1
498677,1700,2.046,1
498927,1703,2.044,1
499178,1701,2.035,1
499453,1691,2.029,1
499726,1700,2.016,1
499978,1696,2.021,1
500251,1692,2.050,1
500501,1702,1.996,1
500751,1694,2.040,1
501002,1695,2.043,1
501253,1693,2.049,1
501503,1695,2.038,1
501753,1696,2.038,1
502028,1693,2.046,1
502278,1697,2.043,1
502528,1696,2.046,1
502778,1696,2.041,1
503051,1695,2.033,1
503302,1696,2.033,1
503552,1714,2.021,1
503804,1678,2.085,1
504076,1698,2.040,1
504326,1707,2.036,1
504578,1706,2.029,1
504852,1706,2.039,1
505126,1705,2.041,1
505378,1706,2.040,1
505652,1703,2.042,1
505926,1705,2.040,1
506178,1708,2.041,1
506452,1707,2.039,1
506726,1701,2.040,1
506976,1702,2.037,1
507228,1705,2.043,1
507502,1700,2.046,1
507753,1690,2.061,1
508003,1697,2.032,1
508276,1715,2.012,1
508526,1703,2.047,1
508778,1702,2.037,1
509028,1701,2.037,1
509300,1703,2.030,1
509552,1703,2.038,1
509802,1703,2.039,1
510052,1698,2.047,1
510328,1705,2.047,1
510578,1703,2.041,1
510853,1704,2.051,1
511103,1704,2.045,1
511376,1701,2.041,1
511626,1709,2.032,1
511877,1708,2.036,1
512150,1701,2.011,1
512403,1694,2.021,1
512676,1697,2.011,1
512926,1702,2.024,1
513202,1698,2.032,1
513476,1695,2.041,1
513727,1698,2.037,1
514003,1704,2.034,1
514275,1702,2.034,1
514526,1703,2.033,1
514776,1702,2.029,1
515028,1697,2.032,1
515301,1700,2.025,1
515552,1695,2.000,1
515803,1702,2.013,1
516077,1699,2.036,1
516328,1693,2.040,1
516601,1688,2.034,1
516851,1691,2.008,1
517102,1698,2.017,1
517376,1695,2.021,1
517626,1695,2.024,1
517876,1697,2.022,1
518127,1695,2.030,1
518403,1693,2.027,1
518676,1694,2.025,1
518926,1700,2.016,1
519177,1689,2.026,1
519428,1693,2.023,1
519703,1703,1.998,1
519975,1698,2.032,1
520227,1698,2.044,1
520503,1685,2.046,1
520777,1706,2.019,1
521028,1702,2.027,1
521301,1702,2.032,1
521578,1698,2.035,1
521828,1699,2.036,1
522103,1697,2.040,1
522376,1701,2.029,1
522627,1699,2.034,1
522878,1701,2.038,1
523128,1698,2.036,1
523403,1694,2.041,1
523677,1709,2.030,1
523928,1694,2.061,1
524201,1689,2.072,1
524452,1696,2.065,1
524702,1694,2.048,1
524978,1695,2.049,1
525253,1696,2.038,1
525526,1696,2.051,1
525776,1691,2.049,1
526027,1691,2.053,1
526303,1694,2.055,1
526553,1693,2.052,1
526826,1692,2.050,1
527076,1699,2.048,1
527326,1696,2.049,1
527577,1700,2.031,1
527828,1693,2.057,1
528101,1686,2.075,1
528351,1699,2.072,1
528602,1707,2.029,1
528852,1698,2.047,1
529126,1691,2.061,1
529377,1696,2.058,1
529627,1697,2.055,1
529877,1700,2.057,1
530127,1698,2.055,1
530402,1697,2.059,1
530653,1694,2.059,1
530927,1693,2.059,1
531177,1698,2.053,1
531428,1682,2.078,1
531678,1693,2.072,1
531952,1686,2.074,1
532202,1689,2.070,1
532453,1695,2.068,1
532703,1695,2.050,1
532977,1694,2.046,1
533228,1693,2.060,1
533500,1694,2.057,1
533752,1698,2.065,1
534026,1695,2.065,1
534278,1694,2.059,1
534552,1696,2.057,1
534802,1696,2.060,1
535078,1692,2.067,1
535328,1691,2.062,1
535579,1668,2.064,1
535851,1698,2.049,1
536102,1692,2.072,1
536353,1700,2.017,1
536628,1701,2.015,1
536879,1704,2.031,1
537153,1703,2.026,1
537426,1699,2.025,1
537678,1701,2.032,1
537928,1700,2.032,1
538202,1701,2.027,1
538475,1700,2.031,1
538728,1701,2.029,1
539002,1702,2.027,1
539252,1696,2.026,1
539526,1696,2.008,1
539777,1694,2.028,1
540028,1691,2.017,1
540302,1701,2.036,1
540575,1708,2.047,1
540827,1706,2.043,1
541103,1703,2.044,1
541353,1702,2.046,1
541603,1706,2.039,1
541853,1706,2.039,1
542128,1703,2.047,1
542403,1701,2.044,1
542676,1709,2.034,1
542926,1705,2.041,1
543177,1703,2.044,1
543453,1707,2.038,1
543727,1693,2.050,1
543978,1700,2.017,1
544228,1695,2.037,1
544502,1689,2.028,1
544752,1694,2.040,1
545028,1694,2.039,1
545278,1694,2.039,1
545551,1696,2.033,1
545803,1696,2.052,1
546076,1692,2.033,1
546326,1694,2.053,1
546577,1690,2.045,1
546853,1694,2.039,1
547103,1694,2.052,1
547377,1686,2.056,1
547652,1695,2.037,1
547902,1703,2.017,1
548178,1696,2.071,1
548451,1694,2.062,1
548702,1698,2.069,1
548952,1699,2.057,1
549202,1699,2.047,1
549453,1703,2.054,1
549703,1701,2.051,1
549953,1703,2.052,1
550227,1701,2.058,1
550478,1700,2.057,1
550751,1695,2.061,1
551001,1698,2.062,1
551251,1698,2.064,1
551503,1703,2.042,1
551753,1691,2.048,1
552028,1700,2.060,1
552278,1690,2.052,1
552552,1689,2.056,1
552802,1695,2.058,1
553078,1698,2.060,1
553352,1701,2.058,1
553602,1700,2.058,1
553853,1696,2.056,1
554127,1699,2.061,1
554403,1702,2.056,1
554676,1700,2.055,1
554926,1696,2.062,1
555176,1697,2.058,1
555427,1693,2.052,1
555677,1699,2.059,1
555953,1706,2.025,1
556227,1708,2.034,1
556478,1692,2.061,1
556750,1692,2.050,1
557002,1694,2.054,1
557253,1692,2.053,1
557503,1691,2.055,1
557776,1693,2.060,1
558027,1694,2.057,1
558303,1691,2.061,1
558576,1691,2.066,1
558827,1694,2.068,1
559077,1694,2.061,1
559353,1696,2.058,1
559628,1676,2.086,1
559901,1700,2.041,1
560153,1689,2.066,1
560403,1700,2.061,1
560675,1696,2.064,1
560928,1690,2.070,1
561203,1693,2.065,1
561476,1694,2.066,1
561727,1693,2.062,1
562003,1693,2.064,1
562277,1693,2.061,1
562527,1693,2.064,1
562778,1695,2.063,1
563028,1695,2.064,1
563301,1693,2.060,1
563578,1692,2.050,1
563852,1705,2.041,1
564126,1682,2.086,1
564378,1685,2.081,1
564652,1695,2.047,1
564903,1696,2.041,1
565176,1693,2.060,1
565427,1692,2.058,1
565703,1696,2.053,1
565976,1695,2.056,1
566227,1699,2.041,1
566477,1696,2.048,1
566753,1694,2.051,1
567026,1697,2.046,1
567278,1696,2.050,1
567528,1696,2.036,1
567801,1704,2.045,1
568053,1699,2.055,1
568326,1691,2.059,1
568578,1682,2.072,1
568851,1698,2.035,1
569103,1697,2.035,1
569377,1696,2.037,1
569627,1695,2.033,1
569877,1695,2.036,1
570153,1695,2.028,1
570425,1698,2.032,1
570678,1692,2.032,1
569241,1697,2.034,2
569503,1695,2.034,2
569778,1696,2.033,2
570051,1697,2.035,2
570303,1694,2.034,2
570577,1696,2.032,2
570827,1695,2.033,2
571103,1695,2.029,2
571376,1699,2.032,2
571626,1695,2.059,2
571876,1699,2.049,2
572128,1691,2.079,2
572401,1691,2.081,2
572652,1694,2.060,2
572902,1692,2.057,2
573176,1695,2.054,2
573428,1695,2.056,2
573701,1690,2.055,2
573952,1693,2.058,2
574202,1695,2.057,2
574452,1697,2.055,2
574702,1691,2.060,2
574952,1692,2.057,2
575226,1697,2.053,2
575477,1686,2.067,2
575728,1680,2.090,2
576001,1702,2.056,2
576253,1691,2.070,2
576503,1702,2.071,2
576778,1693,2.061,2
577051,1700,2.055,2
577303,1698,2.056,2
577553,1695,2.057,2
577826,1692,2.059,2
578077,1699,2.060,2
578328,1700,2.060,2
578602,1700,2.056,2
578852,1691,2.063,2
579127,1697,2.064,2
579403,1699,2.064,2
579678,1694,2.070,2
579951,1683,2.080,2
580203,1690,2.078,2
580477,1679,2.070,2
580751,1698,2.067,2
581003,1700,2.055,2
581253,1695,2.052,2
581526,1696,2.056,2
581777,1697,2.055,2
582027,1698,2.056,2
582301,1695,2.052,2
582551,1697,2.054,2
582801,1696,2.053,2
583053,1697,2.052,2
583303,1695,2.049,2
583553,1695,2.041,2
583803,1695,2.066,2
584053,1697,2.071,2
584327,1698,2.050,2
584577,1699,2.049,2
584828,1698,2.056,2
585078,1697,2.062,2
585352,1688,2.062,2
585626,1693,2.061,2
585878,1697,2.055,2
586128,1691,2.059,2
586402,1695,2.058,2
586653,1693,2.060,2
586903,1697,2.059,2
587178,1697,2.056,2
587452,1697,2.053,2
587703,1695,2.047,2
587977,1695,2.050,2
588227,1691,2.063,2
588501,1701,2.026,2
588752,1689,2.037,2
589026,1692,2.030,2
589278,1692,2.032,2
589528,1692,2.030,2
589778,1691,2.029,2
590028,1691,2.034,2
590303,1691,2.033,2
590553,1693,2.039,2
590828,1696,2.025,2
591100,1695,2.028,2
591351,1694,2.029,2
591603,1674,2.052,2
591877,1698,2.025,2
592128,1689,2.035,2
592378,1675,2.063,2
592652,1691,2.053,2
592902,1687,2.054,2
593153,1697,2.048,2
593416,1690,2.052,2
593676,1691,2.053,2
593927,1686,2.065,2
594178,1688,2.057,2
594452,1690,2.060,2
594703,1694,2.060,2
594976,1690,2.065,2
595227,1688,2.092,2
595500,1681,2.092,2
595752,1697,2.070,2
596002,1690,2.057,2
596277,1700,2.069,2
596551,1660,2.122,2
596801,1691,2.055,2
597051,1694,2.060,2
597301,1692,2.061,2
597552,1697,2.057,2
597802,1696,2.064,2
598053,1696,2.059,2
598326,1695,2.061,2
598578,1696,2.066,2
598853,1693,2.061,2
599125,1699,2.065,2
599378,1699,2.051,2
599651,1685,2.078,2
599903,1697,2.060,2
600153,1692,2.072,2
600403,1694,2.094,2
600678,1696,2.064,2
600951,1681,2.070,2
601203,1689,2.063,2
601478,1686,2.062,2
601753,1688,2.079,2
602026,1682,2.078,2
602276,1689,2.071,2
602527,1689,2.070,2
602778,1687,2.066,2
603052,1687,2.078,2
603327,1689,2.072,2
603601,1689,2.056,2
603852,1677,2.083,2
604103,1683,2.079,2
604353,1693,2.063,2
604603,1690,2.045,2
604878,1695,2.053,2
605152,1691,2.039,2
605426,1691,2.042,2
605678,1693,2.044,2
605928,1693,2.034,2
606178,1692,2.039,2
606453,1695,2.037,2
606703,1696,2.034,2
606976,1693,2.050,2
607228,1690,2.058,2
607502,1690,2.075,2
607752,1708,2.058,2
608026,1680,2.085,2
608276,1681,2.085,2
608527,1681,2.088,2
608803,1692,2.076,2
609053,1692,2.072,2
609326,1694,2.070,2
609577,1694,2.063,2
609853,1692,2.068,2
610127,1692,2.071,2
610377,1692,2.066,2
610652,1689,2.069,2
610903,1689,2.068,2
611176,1694,2.065,2
611428,1698,2.056,2
611678,1687,2.066,2
611950,1680,2.078,2
612201,1691,2.055,2
612453,1689,2.073,2
612726,1692,2.064,2
612977,1692,2.067,2
613228,1692,2.063,2
613478,1690,2.076,2
613753,1689,2.068,2
614028,1689,2.070,2
614301,1691,2.056,2
614551,1689,2.063,2
614802,1690,2.067,2
615077,1687,2.071,2
615327,1686,2.073,2
615577,1679,2.080,2
615827,1686,2.080,2
616078,1684,2.047,2
616353,1688,2.076,2
616603,1678,2.094,2
616878,1693,2.075,2
617128,1692,2.078,2
617402,1689,2.093,2
617678,1692,2.077,2
617951,1685,2.085,2
618202,1691,2.078,2
618478,1686,2.081,2
618751,1690,2.075,2
619001,1690,2.079,2
619253,1691,2.086,2
619528,1685,2.080,2
619778,1684,2.084,2
620051,1680,2.088,2
620303,1691,2.069,2
620577,1685,2.076,2
620827,1696,2.047,2
621103,1691,2.046,2
621353,1696,2.053,2
621626,1696,2.049,2
621876,1696,2.055,2
622127,1694,2.054,2
622403,1693,2.055,2
622676,1697,2.051,2
622928,1697,2.056,2
623202,1697,2.047,2
623452,1693,2.056,2
623725,1674,2.049,2
623977,1684,2.081,2
624253,1683,2.083,2
624503,1697,2.039,2
624776,1685,2.086,2
625026,1684,2.083,2
625276,1686,2.087,2
625526,1683,2.083,2
625778,1683,2.076,2
626051,1684,2.082,2
626328,1683,2.084,2
626601,1685,2.086,2
626851,1684,2.086,2
627102,1685,2.082,2
627378,1682,2.076,2
627651,1684,2.085,2
627903,1683,2.080,2
628178,1671,2.083,2
628428,1684,2.070,2
628678,1687,2.082,2
628951,1688,2.076,2
629202,1688,2.080,2
629478,1685,2.072,2
629753,1688,2.082,2
630028,1687,2.071,2
630302,1691,2.072,2
630576,1686,2.071,2
630826,1687,2.081,2
631078,1690,2.083,2
631328,1683,2.076,2
631578,1689,2.064,2
631853,1675,2.072,2
632128,1693,2.047,2
632402,1685,2.054,2
632652,1682,2.035,2
632902,1684,2.060,2
633153,1684,2.053,2
633426,1684,2.052,2
633678,1679,2.053,2
633953,1684,2.053,2
634226,1683,2.053,2
634478,1680,2.063,2
634753,1685,2.056,2
635003,1680,2.066,2
635276,1680,2.054,2
635528,1694,2.031,2
635801,1682,2.038,2
636053,1685,2.036,2
636303,1684,2.038,2
636578,1676,2.034,2
636851,1671,2.053,2
637101,1680,2.061,2
637353,1685,2.046,2
637603,1683,2.042,2
637878,1685,2.056,2
638153,1682,2.056,2
638426,1680,2.047,2
638676,1681,2.042,2
638926,1681,2.041,2
639177,1682,2.042,2
639453,1672,2.071,2
639703,1682,2.056,2
639976,1672,2.054,2
640228,1686,2.070,2
640503,1681,2.028,2
640775,1687,2.046,2
641026,1681,2.048,2
641276,1680,2.047,2
641526,1684,2.046,2
641777,1685,2.050,2
642053,1684,2.045,2
642328,1689,2.045,2
642601,1685,2.045,2
642876,1683,2.046,2
643128,1686,2.045,2
643378,1684,2.046,2
643651,1684,2.061,2
643902,1692,2.041,2
644153,1691,2.041,2
644428,1663,2.072,2
644703,1675,2.083,2
644976,1677,2.076,2
645227,1678,2.078,2
645478,1677,2.069,2
645753,1678,2.063,2
646028,1679,2.070,2
646301,1676,2.053,2
646553,1676,2.067,2
646827,1678,2.059,2
647102,1682,2.064,2
647352,1684,2.050,2
647627,1694,2.031,2
647878,1675,2.068,2
648128,1693,2.050,2
648378,1687,2.031,2
648653,1677,2.082,2
648926,1677,2.067,2
649177,1678,2.065,2
649428,1676,2.080,2
649678,1680,2.078,2
649952,1679,2.074,2
650203,1679,2.077,2
650453,1676,2.074,2
650726,1680,2.077,2
650978,1680,2.071,2
651251,1676,2.040,2
651502,1665,2.060,2
651752,1680,2.057,2
652002,1670,2.049,2
652278,1675,2.065,2
652552,1685,2.069,2
652803,1679,2.077,2
653077,1686,2.053,2
653327,1678,2.055,2
653577,1681,2.039,2
653853,1679,2.055,2
654126,1678,2.057,2
654376,1679,2.067,2
654627,1679,2.070,2
654902,1678,2.048,2
655152,1680,2.057,2
655403,1680,2.084,2
655653,1684,2.069,2
655903,1680,2.038,2
656153,1671,2.058,2
656428,1681,2.047,2
656700,1687,2.083,2
656951,1690,2.090,2
657202,1690,2.084,2
657478,1687,2.091,2
657751,1690,2.085,2
658001,1692,2.084,2
658253,1694,2.084,2
658528,1693,2.088,2
658803,1689,2.085,2
659077,1689,2.078,2
659352,1693,2.060,2
659603,1673,2.066,2
659876,1682,2.093,2
660126,1677,2.091,2
660378,1665,2.119,2
660628,1688,2.074,2
660903,1689,2.070,2
661153,1685,2.075,2
661427,1685,2.077,2
661678,1684,2.069,2
661953,1679,2.066,2
662226,1683,2.072,2
662478,1686,2.067,2
662750,1682,2.060,2
663002,1685,2.065,2
663252,1680,2.069,2
663502,1682,2.098,2
663778,1683,2.103,2
664028,1683,2.074,2
664303,1676,2.107,2
664578,1676,2.089,2
664852,1672,2.104,2
665128,1679,2.096,2
665403,1671,2.104,2
665676,1676,2.099,2
665928,1678,2.094,2
666178,1675,2.099,2
666452,1676,2.102,2
666728,1679,2.093,2
667001,1670,2.101,2
667253,1680,2.090,2
667528,1683,2.081,2
667803,1692,2.077,2
668076,1671,2.105,2
668327,1671,2.102,2
668602,1677,2.094,2
668878,1679,2.090,2
669152,1677,2.081,2
669428,1678,2.078,2
669678,1675,2.092,2
669951,1677,2.094,2
670202,1677,2.071,2
670452,1676,2.090,2
670702,1675,2.079,2
670952,1677,2.101,2
671203,1677,2.076,2
671476,1687,2.083,2
671727,1669,2.096,2
671977,1673,2.057,2
672227,1664,2.074,2
672478,1667,2.075,2
672751,1674,2.066,2
673001,1683,2.077,2
673251,1682,2.077,2
673501,1685,2.070,2
673752,1682,2.068,2
674027,1682,2.078,2
674303,1681,2.068,2
674553,1681,2.068,2
674825,1685,2.078,2
675078,1681,2.065,2
675352,1686,2.047,2
675602,1683,2.039,2
675877,1676,2.067,2
676151,1676,2.057,2
676402,1682,2.053,2
676678,1686,2.056,2
676928,1686,2.052,2
677200,1687,2.048,2
677453,1684,2.050,2
677703,1690,2.045,2
677978,1685,2.047,2
678228,1685,2.051,2
678503,1685,2.048,2
678777,1682,2.054,2
679027,1686,2.055,2
679301,1681,2.063,2
679553,1675,2.079,2
679827,1677,2.099,2
680102,1685,2.045,2
680353,1669,2.098,2
680628,1679,2.078,2
680903,1686,2.068,2
681177,1687,2.068,2
681428,1688,2.079,2
681703,1690,2.067,2
681976,1689,2.077,2
682227,1686,2.071,2
682501,1686,2.070,2
682753,1687,2.064,2
683027,1686,2.071,2
683278,1685,2.071,2
683552,1674,2.086,2
683803,1665,2.085,2
684077,1691,2.074,2
684352,1693,2.068,2
684627,1679,2.113,2
684878,1690,2.084,2
685128,1686,2.076,2
685402,1688,2.087,2
685653,1682,2.113,2
685926,1684,2.107,2
686176,1685,2.112,2
686426,1685,2.109,2
686676,1684,2.114,2
686928,1686,2.089,2
687178,1689,2.105,2
687428,1681,2.081,2
687701,1675,2.084,2
687953,1690,2.027,2
688227,1684,2.056,2
688477,1683,2.065,2
688752,1692,2.046,2
689027,1688,2.047,2
689277,1684,2.053,2
689552,1689,2.049,2
689802,1688,2.048,2
690052,1687,2.047,2
690302,1686,2.049,2
690577,1687,2.053,2
690827,1685,2.050,2
691102,1687,2.049,2
691352,1688,2.044,2
691602,1676,2.057,2
691878,1672,2.062,2
692151,1683,2.061,2
692402,1681,2.087,2
692653,1689,2.099,2
692903,1689,2.091,2
693178,1683,2.095,2
693451,1687,2.091,2
693702,1688,2.095,2
693978,1687,2.096,2
694251,1682,2.097,2
694501,1683,2.093,2
694777,1684,2.095,2
695028,1684,2.096,2
695301,1683,2.095,2
695552,1680,2.113,2
695802,1694,2.087,2
696053,1691,2.053,2
696303,1676,2.064,2
696553,1651,2.131,2
696826,1682,2.092,2
697077,1678,2.094,2
697327,1677,2.097,2
697603,1680,2.095,2
697853,1680,2.093,2
698103,1678,2.082,2
698376,1682,2.080,2
698626,1678,2.084,2
698877,1681,2.088,2
699128,1677,2.087,2
699401,1680,2.077,2
699653,1684,2.072,2
699928,1683,2.105,2
700201,1693,2.087,2
700453,1665,2.100,2
700726,1679,2.097,2
700977,1679,2.101,2
701228,1682,2.082,2
701503,1682,2.104,2
701776,1679,2.106,2
702027,1682,2.107,2
702277,1682,2.107,2
702527,1684,2.101,2
702778,1684,2.104,2
703028,1682,2.100,2
703301,1674,2.109,2
703553,1690,2.066,2
703803,1680,2.074,2
704077,1679,2.096,2
704328,1674,2.113,2
704603,1678,2.099,2
704876,1678,2.097,2
705128,1682,2.094,2
705401,1680,2.099,2
705651,1683,2.097,2
705901,1678,2.095,2
706151,1678,2.096,2
706402,1677,2.100,2
706653,1680,2.090,2
706926,1676,2.097,2
707178,1679,2.098,2
707451,1684,2.097,2
707702,1693,2.078,2
707978,1677,2.103,2
708251,1686,2.092,2
708503,1678,2.102,2
708778,1678,2.085,2
709053,1687,2.086,2
709328,1684,2.089,2
709601,1684,2.088,2
709853,1684,2.085,2
710126,1686,2.080,2
710377,1684,2.076,2
710628,1676,2.091,2
710901,1686,2.082,2
711151,1689,2.080,2
711401,1676,2.092,2
711653,1690,2.087,2
711928,1678,2.079,2
712203,1675,2.080,2
712476,1677,2.056,2
712728,1681,2.072,2
713002,1675,2.057,2
713278,1681,2.054,2
713528,1679,2.057,2
713801,1682,2.058,2
714052,1680,2.058,2
714302,1682,2.056,2
714553,1677,2.058,2
714826,1680,2.059,2
715078,1682,2.058,2
715351,1681,2.059,2
715603,1675,2.055,2
715853,1670,2.057,2
716103,1664,2.085,2
716378,1679,2.050,2
716653,1678,2.074,2
716926,1672,2.061,2
717178,1678,2.057,2
717428,1670,2.057,2
717678,1670,2.058,2
717928,1673,2.056,2
718178,1668,2.058,2
718453,1675,2.056,2
718728,1675,2.058,2
719001,1673,2.056,2
719253,1675,2.056,2
719528,1666,2.063,2
719802,1669,2.072,2
720077,1672,2.067,2
720352,1664,2.078,2
720628,1657,2.067,2
720903,1668,2.058,2
721175,1666,2.059,2
721427,1669,2.061,2
721678,1669,2.061,2
721953,1666,2.061,2
722228,1668,2.065,2
722503,1672,2.064,2
722778,1668,2.063,2
723051,1667,2.061,2
723301,1667,2.058,2
723553,1682,2.040,2
723826,1676,2.072,2
724078,1656,2.076,2
724351,1668,2.058,2
724602,1675,2.061,2
724852,1679,2.068,2
725103,1677,2.064,2
725378,1678,2.065,2
725653,1679,2.066,2
725903,1678,2.066,2
726176,1675,2.070,2
726426,1676,2.070,2
726678,1681,2.072,2
726928,1677,2.071,2
727178,1677,2.078,2
727452,1670,2.106,2
727728,1677,2.064,2
728001,1670,2.069,2
728251,1667,2.055,2
728501,1673,2.116,2
728752,1673,2.114,2
729002,1681,2.106,2
729278,1679,2.105,2
729552,1678,2.107,2
729828,1676,2.109,2
730078,1679,2.103,2
730353,1682,2.103,2
730626,1680,2.104,2
730876,1679,2.108,2
731128,1678,2.101,2
731401,1678,2.103,2
731653,1673,2.114,2
731928,1661,2.128,2
732201,1675,2.082,2
732451,1686,2.066,2
732702,1666,2.098,2
732977,1668,2.089,2
733228,1667,2.104,2
733501,1665,2.101,2
733752,1668,2.098,2
734002,1669,2.093,2
734252,1662,2.095,2
734503,1665,2.095,2
734753,1668,2.089,2
735003,1668,2.083,2
735277,1668,2.094,2
735527,1674,2.099,2
735803,1667,2.114,2
736078,1671,2.104,2
736353,1662,2.086,2
736626,1685,2.052,2
736878,1675,2.090,2
737153,1669,2.087,2
737426,1672,2.088,2
737678,1676,2.084,2
737951,1667,2.076,2
738201,1670,2.089,2
738453,1669,2.084,2
738726,1669,2.081,2
738977,1678,2.087,2
739252,1664,2.090,2
739527,1664,2.105,2
739801,1673,2.085,2
740053,1679,2.083,2
740327,1672,2.110,2
740601,1674,2.099,2
740851,1678,2.098,2
741103,1682,2.076,2
741377,1677,2.088,2
741628,1680,2.095,2
741901,1677,2.097,2
742151,1678,2.100,2
742401,1677,2.090,2
742651,1677,2.087,2
742902,1681,2.074,2
743176,1678,2.099,2
743453,1687,2.075,2
743726,1673,2.107,2
743978,1672,2.067,2
744228,1660,2.080,2
744478,1682,2.054,2
744751,1677,2.061,2
745001,1667,2.066,2
745252,1674,2.063,2
745503,1668,2.064,2
745776,1673,2.066,2
746026,1675,2.065,2
746277,1674,2.067,2
746551,1675,2.070,2
746801,1668,2.067,2
747052,1673,2.063,2
747326,1673,2.066,2
747578,1671,2.092,2
747853,1663,2.077,2
748127,1677,2.080,2
748402,1674,2.086,2
748677,1675,2.087,2
748928,1674,2.110,2
749201,1675,2.102,2
749451,1674,2.101,2
749702,1673,2.103,2
749952,1673,2.101,2
750226,1673,2.102,2
750476,1673,2.105,2
750728,1674,2.098,2
750978,1673,2.094,2
751251,1671,2.097,2
751501,1669,2.080,2
751752,1687,2.077,2
752003,1672,2.101,2
752278,1679,2.069,2
752528,1683,2.100,2
752802,1677,2.083,2
753052,1673,2.084,2
753302,1676,2.085,2
753553,1677,2.089,2
753803,1674,2.095,2
754076,1679,2.088,2
754326,1681,2.092,2
754576,1677,2.094,2
754826,1673,2.091,2
755077,1677,2.092,2
755328,1682,2.082,2
755602,1664,2.115,2
755852,1670,2.083,2
756126,1677,2.099,2
756376,1660,2.103,2
756626,1662,2.092,2
756876,1667,2.084,2
757128,1662,2.083,2
757402,1663,2.086,2
757677,1666,2.085,2
757927,1667,2.085,2
758177,1667,2.082,2
758451,1663,2.088,2
758702,1668,2.086,2
758977,1665,2.084,2
759227,1667,2.087,2
759501,1675,2.071,2
759751,1674,2.098,2
760002,1652,2.099,2
760252,1658,2.106,2
760502,1656,2.087,2
760776,1659,2.095,2
761027,1659,2.097,2
761277,1660,2.092,2
761527,1659,2.085,2
761778,1661,2.092,2
762051,1656,2.090,2
762301,1660,2.093,2
762553,1660,2.093,2
762826,1658,2.093,2
763077,1660,2.091,2
763327,1661,2.091,2
763578,1647,2.106,2
763852,1664,2.100,2
764126,1658,2.108,2
764376,1658,2.108,2
764626,1662,2.112,2
764877,1664,2.083,2
765151,1658,2.088,2
765402,1660,2.095,2
765676,1660,2.089,2
765928,1663,2.084,2
766178,1660,2.086,2
766428,1661,2.088,2
766702,1660,2.084,2
766952,1659,2.093,2
767228,1661,2.086,2
767501,1665,2.087,2
767751,1665,2.082,2
768001,1659,2.131,2
768251,1664,2.083,2
768502,1675,2.115,2
768752,1666,2.120,2
769002,1661,2.137,2
769252,1667,2.131,2
769526,1665,2.121,2
769776,1661,2.125,2
770026,1659,2.130,2
770276,1655,2.130,2
770526,1658,2.130,2
770777,1662,2.120,2
771027,1664,2.124,2
771277,1661,2.128,2
771527,1667,2.110,2
771778,1645,2.143,2
772028,1648,2.139,2
772278,1661,2.132,2
772551,1667,2.110,2
772803,1663,2.144,2
773076,1659,2.133,2
773353,1663,2.139,2
773626,1665,2.140,2
773876,1663,2.136,2
774126,1659,2.137,2
774378,1660,2.139,2
774628,1660,2.140,2
774901,1662,2.141,2
775151,1656,2.142,2
775403,1657,2.151,2
775676,1651,2.159,2
775926,1648,2.145,2
776176,1654,2.125,2
776426,1662,2.140,2
776677,1661,2.133,2
776927,1655,2.105,2
777177,1658,2.106,2
777428,1655,2.106,2
777701,1657,2.103,2
777953,1657,2.101,2
778227,1656,2.099,2
778477,1656,2.104,2
778727,1654,2.116,2
779001,1654,2.108,2
779251,1659,2.103,2
779501,1663,2.094,2
779753,1661,2.090,2
780026,1648,2.122,2
780276,1659,2.131,2
780526,1665,2.129,2
780776,1658,2.110,2
781028,1657,2.115,2
781301,1660,2.112,2
781552,1661,2.100,2
781826,1659,2.105,2
782077,1659,2.106,2
782328,1661,2.119,2
782578,1662,2.095,2
782852,1657,2.109,2
783103,1658,2.100,2
783376,1654,2.119,2
783626,1637,2.134,2
783877,1658,2.096,2
784151,1654,2.085,2
784403,1628,2.133,2
784676,1660,2.091,2
784927,1657,2.095,2
785177,1659,2.095,2
785451,1656,2.093,2
785701,1658,2.096,2
785951,1656,2.099,2
786202,1660,2.091,2
786452,1661,2.095,2
786703,1662,2.096,2
786953,1658,2.097,2
787226,1660,2.093,2
787478,1658,2.108,2
787751,1659,2.120,2
788028,1653,2.130,2
788278,1653,2.110,2
788551,1661,2.104,2
788802,1643,2.128,2
789076,1646,2.129,2
789326,1648,2.128,2
789576,1646,2.118,2
789827,1647,2.122,2
790101,1649,2.137,2
790351,1646,2.133,2
790601,1650,2.126,2
790853,1648,2.124,2
791103,1647,2.133,2
791353,1652,2.125,2
791626,1642,2.169,2
791876,1652,2.137,2
792127,1650,2.112,2
792377,1643,2.103,2
792628,1650,2.105,2
792878,1655,2.105,2
793151,1660,2.099,2
793401,1656,2.106,2
793653,1650,2.101,2
793927,1652,2.101,2
794177,1650,2.106,2
794427,1656,2.108,2
794677,1658,2.108,2
794951,1654,2.102,2
795201,1658,2.099,2
795451,1659,2.087,2
795701,1639,2.162,2
795951,1649,2.129,2
796201,1643,2.121,2
796451,1642,2.151,2
796702,1661,2.143,2
796953,1660,2.138,2
797227,1654,2.139,2
797503,1656,2.140,2
797753,1653,2.138,2
798026,1655,2.138,2
798278,1650,2.140,2
798551,1650,2.140,2
798802,1651,2.141,2
799052,1654,2.141,2
799302,1648,2.132,2
799553,1663,2.118,2
799826,1657,2.151,2
800076,1641,2.146,2
800328,1663,2.109,2
800601,1640,2.130,2
800852,1650,2.133,2
801103,1655,2.123,2
801376,1660,2.116,2
801628,1655,2.118,2
801901,1658,2.114,2
802151,1655,2.125,2
802401,1656,2.122,2
802653,1655,2.130,2
802926,1654,2.118,2
803177,1657,2.127,2
803427,1655,2.117,2
803677,1643,2.152,2
803928,1654,2.121,2
804202,1641,2.118,2
804452,1662,2.098,2
804702,1665,2.105,2
804978,1656,2.106,2
805251,1659,2.105,2
805501,1662,2.111,2
805778,1660,2.128,2
806052,1655,2.122,2
806303,1653,2.115,2
806553,1656,2.124,2
806826,1657,2.122,2
807076,1659,2.122,2
807326,1663,2.121,2
807576,1649,2.120,2
807827,1642,2.144,2
808101,1645,2.128,2
808351,1649,2.118,2
808601,1660,2.100,2
808851,1654,2.131,2
809102,1652,2.116,2
809352,1645,2.123,2
809602,1648,2.130,2
809877,1651,2.125,2
810151,1647,2.117,2
810402,1651,2.123,2
810676,1647,2.131,2
810926,1645,2.123,2
811176,1646,2.131,2
811427,1649,2.124,2
811677,1647,2.134,2
811951,1650,2.131,2
812202,1641,2.143,2
812452,1646,2.119,2
812702,1650,2.104,2
812953,1658,2.108,2
813228,1654,2.111,2
813501,1655,2.103,2
813752,1655,2.110,2
814026,1658,2.106,2
814276,1651,2.115,2
814527,1652,2.110,2
814801,1653,2.104,2
815051,1655,2.108,2
815301,1654,2.109,2
815553,1665,2.093,2
815827,1665,2.110,2
816077,1658,2.107,2
816351,1650,2.107,2
816601,1660,2.093,2
816852,1655,2.115,2
817126,1656,2.114,2
817376,1655,2.128,2
817626,1654,2.127,2
817876,1654,2.124,2
818126,1653,2.115,2
818376,1655,2.111,2
818626,1659,2.118,2
818876,1653,2.126,2
819126,1656,2.128,2
819377,1651,2.126,2
819650,1653,2.125,2
819903,1664,2.126,2
820176,1648,2.153,2
820426,1656,2.131,2
820677,1656,2.134,2
820951,1657,2.141,2
821201,1654,2.138,2
821451,1655,2.143,2
821703,1655,2.145,2
821976,1653,2.155,2
822227,1658,2.141,2
822478,1659,2.146,2
822751,1656,2.146,2
823003,1659,2.150,2
823253,1654,2.152,2
823503,1656,2.143,2
823777,1648,2.149,2
824051,1653,2.114,2
824301,1655,2.097,2
824551,1637,2.115,2
824801,1653,2.112,2
825052,1645,2.148,2
825302,1642,2.147,2
825552,1647,2.132,2
825802,1650,2.144,2
826076,1651,2.148,2
826326,1648,2.147,2
826577,1643,2.146,2
826827,1647,2.140,2
827077,1648,2.124,2
827351,1648,2.124,2
827601,1655,2.094,2
827853,1654,2.111,2
828127,1626,2.180,2
828401,1654,2.136,2
828651,1652,2.158,2
828902,1656,2.140,2
829176,1657,2.144,2
829426,1660,2.136,2
829676,1652,2.128,2
829928,1650,2.145,2
830201,1652,2.145,2
830451,1658,2.133,2
830701,1651,2.143,2
830952,1655,2.143,2
831226,1653,2.137,2
831476,1654,2.132,2
831726,1644,2.146,2
831977,1651,2.131,2
832252,1642,2.151,2
832502,1663,2.135,2
832753,1658,2.130,2
833026,1662,2.122,2
833278,1654,2.127,2
833552,1658,2.120,2
833802,1658,2.128,2
834077,1659,2.130,2
834327,1656,2.126,2
834601,1661,2.128,2
834853,1661,2.125,2
835127,1657,2.127,2
835401,1650,2.130,2
835652,1624,2.162,2
835902,1661,2.109,2
836176,1653,2.099,2
836451,1654,2.087,2
836701,1651,2.104,2
836951,1645,2.115,2
837202,1652,2.111,2
837476,1651,2.112,2
837728,1655,2.109,2
837978,1653,2.112,2
838252,1651,2.110,2
838526,1649,2.111,2
838776,1655,2.105,2
839026,1655,2.105,2
839276,1650,2.115,2
839526,1626,2.145,2
839776,1663,2.093,2
840026,1645,2.139,2
840276,1649,2.121,2
840551,1641,2.138,2
840803,1654,2.140,2
841077,1653,2.144,2
841328,1650,2.146,2
841603,1647,2.145,2
841877,1648,2.139,2
842128,1650,2.147,2
842402,1649,2.144,2
842652,1642,2.144,2
842926,1652,2.143,2
843178,1651,2.144,2
843451,1647,2.133,2
843701,1631,2.145,2
843951,1645,2.140,2
844201,1659,2.121,2
844451,1632,2.145,2
844702,1644,2.131,2
844952,1649,2.131,2
845226,1643,2.136,2
845477,1648,2.136,2
845728,1645,2.139,2
846002,1647,2.131,2
846276,1646,2.136,2
846526,1645,2.136,2
846777,1642,2.140,2
847027,1648,2.140,2
847277,1648,2.138,2
847528,1644,2.121,2
847802,1643,2.162,2
848053,1649,2.151,2
848326,1642,2.141,2
848576,1640,2.145,2
848827,1643,2.132,2
849077,1645,2.138,2
849351,1647,2.132,2
849602,1649,2.136,2
849853,1649,2.143,2
850126,1645,2.138,2
850376,1649,2.136,2
850628,1653,2.140,2
850901,1647,2.144,2
851152,1650,2.138,2
851426,1639,2.148,2
851676,1646,2.167,2
851927,1642,2.156,2
852177,1645,2.141,2
852451,1661,2.134,2
852703,1645,2.135,2
852977,1653,2.137,2
853251,1650,2.137,2
853502,1653,2.133,2
853753,1655,2.133,2
854027,1653,2.137,2
854277,1650,2.135,2
854552,1653,2.134,2
854803,1653,2.133,2
855077,1651,2.136,2
855351,1652,2.136,2
855603,1619,2.174,2
855853,1647,2.159,2
856127,1646,2.147,2
856402,1661,2.120,2
856653,1634,2.171,2
856903,1647,2.158,2
857177,1650,2.154,2
857428,1641,2.161,2
857678,1643,2.155,2
857928,1642,2.157,2
858203,1644,2.156,2
858476,1640,2.157,2
858728,1643,2.157,2
858978,1646,2.152,2
859252,1641,2.160,2
859503,1642,2.162,2
859777,1642,2.158,2
860028,1657,2.143,2
860278,1646,2.131,2
860552,1662,2.117,2
860802,1656,2.136,2
861053,1656,2.137,2
861303,1653,2.134,2
861553,1658,2.136,2
861827,1657,2.133,2
862078,1657,2.134,2
862353,1652,2.135,2
862627,1649,2.137,2
862877,1651,2.131,2
863127,1653,2.137,2
863377,1648,2.143,2
863651,1639,2.137,2
863901,1650,2.136,2
864152,1644,2.149,2
864402,1655,2.127,2
864653,1637,2.154,2
864927,1645,2.142,2
865177,1648,2.142,2
865428,1646,2.146,2
865702,1645,2.147,2
865953,1645,2.145,2
866203,1648,2.140,2
866453,1648,2.140,2
866727,1655,2.137,2
866978,1648,2.140,2
867252,1645,2.142,2
867527,1636,2.158,2
867777,1645,2.153,2
868028,1646,2.153,2
868302,1636,2.152,2
868577,1639,2.125,2
868827,1648,2.117,2
869078,1646,2.120,2
869328,1645,2.121,2
869602,1650,2.123,2
869852,1649,2.129,2
870102,1646,2.135,2
870352,1651,2.130,2
870603,1643,2.115,2
870877,1644,2.117,2
871127,1647,2.127,2
871377,1646,2.128,2
871627,1646,2.101,2
871878,1648,2.152,2
872128,1646,2.155,2
872402,1638,2.169,2
872653,1637,2.167,2
872928,1643,2.135,2
873201,1648,2.113,2
873451,1641,2.142,2
873703,1641,2.143,2
873977,1645,2.140,2
874228,1643,2.132,2
874501,1644,2.138,2
874752,1640,2.149,2
875002,1645,2.147,2
875277,1645,2.134,2
875551,1645,2.154,2
875802,1624,2.146,2
876052,1641,2.120,2
876303,1637,2.124,2
876577,1658,2.130,2
876827,1639,2.136,2
877077,1638,2.129,2
877352,1643,2.138,2
877627,1639,2.130,2
877877,1644,2.130,2
878151,1643,2.132,2
878402,1639,2.131,2
878677,1641,2.130,2
878951,1643,2.139,2
879202,1647,2.133,2
879452,1648,2.131,2
879726,1629,2.173,2
879976,1648,2.152,2
880228,1638,2.157,2
880502,1662,2.105,2
880752,1652,2.105,2
881003,1655,2.112,2
881276,1655,2.111,2
881527,1652,2.113,2
881801,1649,2.113,2
882051,1650,2.112,2
882302,1650,2.114,2
882578,1654,2.113,2
882852,1655,2.114,2
883127,1653,2.111,2
883378,1653,2.103,2
883628,1647,2.098,2
883878,1636,2.139,2
884151,1646,2.121,2
884401,1660,2.108,2
884653,1636,2.147,2
884903,1640,2.125,2
885176,1636,2.121,2
885426,1638,2.129,2
885677,1634,2.127,2
885953,1642,2.124,2
886228,1641,2.128,2
886503,1639,2.118,2
886778,1636,2.122,2
887051,1642,2.137,2
887303,1641,2.134,2
887553,1648,2.166,2
887828,1650,2.140,2
888101,1649,2.147,2
888351,1633,2.167,2
888602,1635,2.159,2
888853,1644,2.141,2
889103,1641,2.138,2
889375,1641,2.143,2
889628,1640,2.147,2
889901,1642,2.141,2
890153,1641,2.143,2
890426,1644,2.148,2
890676,1648,2.142,2
890928,1644,2.148,2
891201,1639,2.156,2
891451,1641,2.161,2
891702,1647,2.149,2
891952,1633,2.161,2
892228,1642,2.143,2
892501,1635,2.176,2
892751,1648,2.144,2
893002,1645,2.147,2
893278,1648,2.147,2
893528,1649,2.145,2
893803,1646,2.149,2
894077,1643,2.154,2
894353,1642,2.148,2
894626,1644,2.152,2
894876,1644,2.149,2
895128,1647,2.150,2
895401,1643,2.150,2
895651,1645,2.166,2
895902,1640,2.149,2
896152,1645,2.167,2
896402,1656,2.137,2
896677,1660,2.144,2
896953,1645,2.171,2
897226,1646,2.167,2
897477,1642,2.165,2
897727,1646,2.157,2
898003,1650,2.164,2
898278,1648,2.160,2
898553,1647,2.163,2
898803,1647,2.164,2
899076,1647,2.163,2
899326,1649,2.155,2
899577,1644,2.145,2
899828,1647,2.160,2
900103,1650,2.145,2
900378,1638,2.141,2
900628,1632,2.158,2
900901,1645,2.128,2
901153,1642,2.132,2
901426,1644,2.135,2
901677,1641,2.132,2
901953,1646,2.129,2
902226,1643,2.133,2
902476,1644,2.125,2
902727,1644,2.125,2
902977,1643,2.128,2
903228,1638,2.140,2
903501,1641,2.138,2
903753,1620,2.182,2
904003,1642,2.146,2
904276,1631,2.152,2
904528,1627,2.156,2
904801,1634,2.144,2
905052,1644,2.142,2
905327,1642,2.148,2
905602,1640,2.148,2
905852,1639,2.151,2
906127,1639,2.160,2
906402,1641,2.148,2
906652,1640,2.149,2
906903,1639,2.152,2
907153,1639,2.149,2
907426,1643,2.139,2
907678,1618,2.167,2
907951,1646,2.132,2
908201,1643,2.135,2
908451,1634,2.139,2
908702,1639,2.140,2
908977,1641,2.138,2
909252,1644,2.127,2
909528,1641,2.133,2
909802,1637,2.130,2
910053,1644,2.128,2
910327,1642,2.134,2
910577,1641,2.141,2
910827,1641,2.129,2
911102,1640,2.131,2
911377,1635,2.152,2
911628,1632,2.187,2
911878,1638,2.140,2
912152,1630,2.128,2
912427,1646,2.128,2
912677,1628,2.144,2
912927,1637,2.130,2
913177,1636,2.126,2
913427,1637,2.125,2
913678,1634,2.128,2
913952,1638,2.126,2
914202,1641,2.128,2
914452,1636,2.122,2
914703,1641,2.123,2
914976,1639,2.131,2
915227,1640,2.132,2
915502,1633,2.134,2
915753,1645,2.115,2
916028,1641,2.114,2
916278,1632,2.122,2
916553,1638,2.107,2
916827,1639,2.132,2
917077,1636,2.128,2
917328,1636,2.129,2
917603,1632,2.124,2
917853,1636,2.139,2
918126,1639,2.121,2
918376,1635,2.118,2
918627,1634,2.132,2
918878,1634,2.124,2
919152,1629,2.126,2
919427,1639,2.118,2
919702,1644,2.124,2
919976,1638,2.153,2
920226,1645,2.129,2
920476,1637,2.127,2
920728,1639,2.108,2
921003,1632,2.117,2
921277,1633,2.116,2
921528,1629,2.117,2
921802,1633,2.118,2
922052,1631,2.118,2
922303,1636,2.122,2
922577,1635,2.119,2
922828,1633,2.127,2
923102,1638,2.119,2
923352,1639,2.119,2
923603,1631,2.154,2
923853,1645,2.137,2
924128,1628,2.167,2
924403,1628,2.143,2
924675,1639,2.137,2
924928,1636,2.144,2
925178,1640,2.140,2
925428,1639,2.141,2
925703,1633,2.143,2
925953,1637,2.139,2
926227,1638,2.140,2
926478,1637,2.141,2
926753,1640,2.138,2
927027,1645,2.135,2
927277,1643,2.133,2
927552,1646,2.131,2
927827,1645,2.139,2
928078,1645,2.158,2
928353,1644,2.162,2
928627,1635,2.148,2
928877,1641,2.136,2
929128,1640,2.134,2
929403,1639,2.144,2
929678,1635,2.130,2
929953,1638,2.128,2
930226,1638,2.131,2
930477,1638,2.132,2
930727,1637,2.128,2
931002,1639,2.134,2
931253,1635,2.138,2
931528,1637,2.147,2
931803,1636,2.140,2
932078,1635,2.164,2
932353,1640,2.156,2
932627,1637,2.134,2
932877,1634,2.153,2
933152,1640,2.148,2
933402,1645,2.148,2
933677,1642,2.146,2
933927,1647,2.146,2
934177,1644,2.147,2
934452,1643,2.148,2
934702,1644,2.147,2
934953,1642,2.148,2
935228,1642,2.147,2
935502,1633,2.164,2
935777,1633,2.167,2
936027,1641,2.149,2
936278,1618,2.187,2
936551,1634,2.159,2
936801,1641,2.147,2
937053,1640,2.146,2
937328,1638,2.160,2
937578,1640,2.151,2
937852,1643,2.151,2
938103,1640,2.151,2
938353,1643,2.152,2
938627,1642,2.158,2
938878,1643,2.154,2
939153,1641,2.156,2
939428,1642,2.157,2
939702,1654,2.123,2
939953,1631,2.154,2
940227,1645,2.147,2
940478,1640,2.154,2
940753,1642,2.153,2
941027,1638,2.154,2
941302,1635,2.154,2
941553,1638,2.151,2
941803,1639,2.157,2
942078,1637,2.158,2
942352,1637,2.155,2
942602,1636,2.159,2
942877,1641,2.156,2
943127,1644,2.149,2
943402,1635,2.155,2
943653,1620,2.185,2
943928,1630,2.173,2
944200,1643,2.148,2
944451,1640,2.151,2
944703,1631,2.158,2
944977,1641,2.158,2
945252,1640,2.159,2
945502,1645,2.153,2
945752,1636,2.156,2
946027,1637,2.158,2
946277,1642,2.151,2
946527,1642,2.151,2
946777,1640,2.156,2
947028,1639,2.155,2
947303,1639,2.154,2
947578,1622,2.176,2
947853,1637,2.143,2
948103,1626,2.178,2
948377,1639,2.164,2
948628,1646,2.161,2
948878,1639,2.165,2
949128,1645,2.162,2
949403,1643,2.163,2
949653,1651,2.157,2
949927,1646,2.161,2
950201,1645,2.165,2
950451,1647,2.166,2
950701,1644,2.164,2
950952,1652,2.159,2
951228,1646,2.165,2
951502,1617,2.193,2
951753,1638,2.140,2
952025,1633,2.158,2
952277,1633,2.181,2
952527,1626,2.207,2
952802,1637,2.163,2
953077,1635,2.142,2
953352,1634,2.141,2
953626,1632,2.148,2
953877,1627,2.153,2
954152,1637,2.151,2
954427,1637,2.153,2
954677,1637,2.158,2
954952,1631,2.156,2
955203,1639,2.155,2
955453,1617,2.144,2
955727,1640,2.146,2
956002,1631,2.159,2
956277,1627,2.162,2
956528,1648,2.136,2
956802,1632,2.161,2
957052,1637,2.159,2
957303,1643,2.158,2
957577,1637,2.159,2
957828,1637,2.158,2
958101,1636,2.158,2
958351,1639,2.160,2
958603,1637,2.160,2
958853,1638,2.161,2
959126,1638,2.167,2
959376,1638,2.167,2
959626,1635,2.184,2
959877,1623,2.168,2
960128,1612,2.211,2
960378,1652,2.167,2
960651,1637,2.182,2
960901,1639,2.152,2
961151,1641,2.157,2
961401,1639,2.163,2
961652,1639,2.164,2
961926,1640,2.165,2
962177,1639,2.165,2
962427,1642,2.168,2
962701,1639,2.165,2
962951,1630,2.144,2
963201,1636,2.160,2
963451,1626,2.141,2
963703,1626,2.179,2
963953,1629,2.176,2
964203,1636,2.176,2
964476,1647,2.136,2
964726,1634,2.137,2
964977,1637,2.159,2
965251,1635,2.163,2
965503,1638,2.156,2
965753,1633,2.161,2
966003,1637,2.160,2
966277,1636,2.159,2
966551,1632,2.159,2
966826,1634,2.159,2
967077,1638,2.165,2
967328,1639,2.165,2
967578,1642,2.150,2
967828,1629,2.171,2
968078,1645,2.156,2
968352,1622,2.195,2
968627,1635,2.175,2
968877,1639,2.153,2
969152,1636,2.165,2
969403,1639,2.156,2
969653,1634,2.157,2
969928,1635,2.163,2
970178,1636,2.169,2
970428,1635,2.169,2
970701,1636,2.162,2
970951,1635,2.168,2
971203,1635,2.162,2
971477,1616,2.190,2
971751,1611,2.193,2
972002,1641,2.166,2
972252,1639,2.153,2
972527,1639,2.161,2
972779,1635,2.154,2
973053,1624,2.169,2
973328,1624,2.175,2
973579,1625,2.162,2
973853,1627,2.164,2
974128,1626,2.170,2
974378,1622,2.171,2
974653,1625,2.170,2
974928,1624,2.166,2
975178,1620,2.176,2
975428,1628,2.156,2
975703,1628,2.170,2
975977,1643,2.138,2
976251,1619,2.164,2
976501,1651,2.131,2
976753,1631,2.157,2
977003,1637,2.139,2
977278,1638,2.144,2
977553,1639,2.147,2
977803,1639,2.146,2
978078,1640,2.151,2
978328,1635,2.150,2
978578,1636,2.149,2
978852,1634,2.149,2
979103,1632,2.152,2
979376,1630,2.154,2
979627,1618,2.186,2
979878,1628,2.160,2
980128,1635,2.155,2
980402,1632,2.142,2
980652,1632,2.167,2
980902,1636,2.159,2
981152,1637,2.160,2
981403,1632,2.167,2
981677,1631,2.170,2
981952,1636,2.162,2
982202,1636,2.165,2
982452,1635,2.158,2
982703,1643,2.152,2
982977,1636,2.164,2
983227,1633,2.161,2
983477,1633,2.160,2
983727,1640,2.138,2
983977,1632,2.172,2
984227,1639,2.146,2
984478,1609,2.175,2
984728,1630,2.141,2
984978,1632,2.143,2
985252,1632,2.144,2
985503,1635,2.145,2
985777,1627,2.150,2
986052,1628,2.153,2
986302,1629,2.140,2
986552,1632,2.155,2
986802,1630,2.150,2
987076,1635,2.152,2
987326,1631,2.146,2
987577,1618,2.165,2
987827,1640,2.148,2
988078,1629,2.148,2
988352,1622,2.159,2
988603,1636,2.134,2
988877,1635,2.158,2
989152,1636,2.150,2
989402,1635,2.144,2
989653,1635,2.153,2
989927,1631,2.158,2
990177,1637,2.153,2
990427,1629,2.157,2
990678,1635,2.154,2
990928,1633,2.152,2
991201,1635,2.151,2
991452,1621,2.178,2
991727,1628,2.155,2
991977,1621,2.177,2
992227,1623,2.180,2
992501,1620,2.183,2
992752,1625,2.154,2
993003,1635,2.156,2
993276,1633,2.167,2
993526,1631,2.153,2
993777,1629,2.155,2
994027,1630,2.158,2
994278,1627,2.159,2
994528,1629,2.156,2
994778,1631,2.158,2
995052,1627,2.157,2
995302,1627,2.162,2
995553,1605,2.191,2
995827,1619,2.168,2
996078,1637,2.168,2
996352,1608,2.173,2
996603,1644,2.143,2
996877,1643,2.131,2
997127,1630,2.140,2
997377,1633,2.132,2
997651,1632,2.141,2
997901,1631,2.137,2
998153,1632,2.138,2
998403,1634,2.132,2
998676,1636,2.135,2
998926,1632,2.130,2
999176,1637,2.126,2
999428,1629,2.134,2
999702,1626,2.141,2
999953,1625,2.158,2
1000227,1630,2.141,2
1000478,1634,2.138,2
1000728,1627,2.143,2
1001001,1622,2.142,2
1001253,1626,2.156,2
1001526,1627,2.149,2
1001777,1622,2.159,2
1002028,1626,2.144,2
1002278,1626,2.149,2
1002528,1625,2.157,2
1002803,1627,2.156,2
1003076,1625,2.147,2
1003328,1623,2.150,2
1003578,1593,2.206,2
1003851,1642,2.161,2
1004103,1628,2.175,2
1004376,1639,2.170,2
1004626,1627,2.168,2
1004876,1615,2.188,2
1005127,1622,2.183,2
1005403,1619,2.187,2
1005653,1621,2.185,2
1005927,1622,2.184,2
1006201,1622,2.182,2
1006451,1620,2.183,2
1006701,1622,2.185,2
1006952,1622,2.181,2
1007202,1621,2.177,2
1007453,1631,2.169,2
1007726,1623,2.197,2
1007978,1622,2.179,2
1008251,1634,2.151,2
1008501,1627,2.175,2
1008751,1621,2.175,2
1009003,1621,2.168,2
1009276,1624,2.171,2
1009526,1623,2.168,2
1009778,1621,2.169,2
1010052,1620,2.167,2
1010302,1619,2.168,2
1010553,1624,2.173,2
1010827,1625,2.165,2
1011077,1627,2.165,2
1011327,1624,2.171,2
1011578,1612,2.185,2
1011852,1638,2.164,2
1012103,1615,2.200,2
1012353,1622,2.178,2
1012603,1623,2.148,2
1012879,1627,2.158,2
1013151,1625,2.160,2
1013402,1625,2.156,2
1013678,1625,2.171,2
1013928,1621,2.175,2
1014201,1625,2.170,2
1014453,1624,2.167,2
1014703,1624,2.179,2
1014976,1627,2.166,2
1015226,1626,2.159,2
1015477,1616,2.181,2
1015727,1630,2.178,2
1015977,1636,2.178,2
1016227,1635,2.172,2
1016477,1630,2.169,2
1016727,1629,2.171,2
1017001,1630,2.159,2
1017253,1623,2.167,2
1017528,1627,2.167,2
1017801,1624,2.170,2
1018053,1625,2.169,2
1018326,1623,2.171,2
1018578,1624,2.169,2
1018853,1624,2.165,2
1019127,1627,2.167,2
1019378,1635,2.156,2
1019652,1640,2.161,2
1019902,1634,2.160,2
1020153,1622,2.185,2
1020403,1619,2.186,2
1020653,1643,2.155,2
1020926,1628,2.174,2
1021178,1635,2.168,2
1021452,1630,2.165,2
1021702,1629,2.168,2
1021976,1626,2.167,2
1022226,1634,2.164,2
1022476,1632,2.149,2
1022728,1628,2.146,2
1023001,1627,2.148,2
1023252,1631,2.136,2
1023502,1624,2.157,2
1023752,1620,2.197,2
1024002,1645,2.154,2
1024253,1624,2.149,2
1024526,1629,2.175,2
1024778,1631,2.182,2
1025051,1632,2.170,2
1025302,1634,2.169,2
1025578,1630,2.174,2
1025828,1630,2.171,2
1026101,1633,2.164,2
1026353,1630,2.166,2
1026626,1627,2.173,2
1026877,1630,2.169,2
1027151,1631,2.169,2
1027401,1640,2.165,2
1027651,1621,2.173,2
1027902,1633,2.148,2
1028178,1627,2.167,2
1028452,1616,2.186,2
1028728,1623,2.180,2
1028978,1625,2.176,2
1029252,1627,2.178,2
1029502,1631,2.171,2
1029752,1628,2.175,2
1030026,1628,2.174,2
1030278,1629,2.177,2
1030551,1627,2.174,2
1030803,1626,2.175,2
1031076,1628,2.166,2
1031326,1629,2.169,2
1031576,1638,2.176,2
1031826,1606,2.182,2
1032103,1623,2.180,2
1032377,1637,2.157,2
1032653,1618,2.174,2
1032903,1631,2.147,2
1033176,1629,2.151,2
1033428,1626,2.156,2
1033678,1625,2.158,2
1033928,1628,2.146,2
1034203,1626,2.152,2
1034477,1624,2.157,2
1034753,1625,2.159,2
1035003,1631,2.151,2
1035276,1619,2.165,2
1035526,1619,2.170,2
1035778,1632,2.153,2
1036051,1631,2.165,2
1036301,1611,2.170,2
1036553,1630,2.143,2
1036825,1630,2.156,2
1037077,1631,2.155,2
1037327,1627,2.155,2
1037601,1632,2.153,2
1037853,1631,2.153,2
1038103,1627,2.157,2
1038376,1627,2.156,2
1038626,1627,2.163,2
1038877,1632,2.155,2
1039128,1627,2.160,2
1039401,1620,2.162,2
1039652,1611,2.177,2
1039926,1626,2.133,2
1040176,1605,2.167,2
1040426,1597,2.193,2
1040679,1617,2.161,2
1040952,1621,2.151,2
1041203,1618,2.152,2
1041478,1620,2.151,2
1041728,1616,2.157,2
1042003,1613,2.158,2
1042276,1611,2.156,2
1042526,1613,2.155,2
1042778,1614,2.155,2
1043053,1617,2.154,2
1043328,1608,2.160,2
1043600,1619,2.148,2
1043851,1628,2.141,2
1044102,1608,2.192,2
1044376,1620,2.153,2
1044627,1616,2.153,2
1044878,1613,2.183,2
1045151,1608,2.189,2
1045403,1610,2.183,2
1045653,1613,2.184,2
1045925,1616,2.178,2
1046179,1609,2.183,2
1046450,1612,2.178,2
1046702,1612,2.180,2
1046978,1614,2.186,2
1047228,1611,2.184,2
1047503,1606,2.173,2
1047777,1605,2.184,2
1048053,1614,2.165,2
1048327,1608,2.170,2
1048578,1628,2.162,2
1048852,1616,2.166,2
1049102,1612,2.165,2
1049353,1610,2.171,2
1049603,1609,2.173,2
1049853,1611,2.164,2
1050126,1612,2.168,2
1050378,1607,2.175,2
1050653,1608,2.177,2
1050928,1609,2.173,2
1051178,1613,2.158,2
1051428,1609,2.174,2
1051700,1605,2.185,2
1051952,1608,2.200,2
1052203,1630,2.168,2
1052477,1616,2.160,2
1052751,1630,2.145,2
1053003,1619,2.143,2
1053253,1617,2.147,2
1053526,1612,2.149,2
1053777,1616,2.162,2
1054052,1611,2.150,2
1054326,1616,2.147,2
1054576,1616,2.148,2
1054828,1616,2.146,2
1055103,1615,2.147,2
1055353,1616,2.151,2
1055627,1602,2.175,2
1055901,1617,2.139,2
1056153,1602,2.175,2
1056427,1619,2.152,2
1056677,1619,2.187,2
1056951,1618,2.165,2
1057202,1621,2.171,2
1057452,1617,2.176,2
1057703,1619,2.165,2
1057977,1620,2.171,2
1058227,1613,2.156,2
1058501,1614,2.158,2
1058752,1616,2.158,2
1059026,1615,2.162,2
1059276,1613,2.163,2
1059527,1607,2.171,2
1059778,1616,2.151,2
1060028,1624,2.148,2
1060278,1622,2.145,2
1060552,1604,2.161,2
1060826,1611,2.167,2
1061078,1608,2.166,2
1061351,1605,2.161,2
1061626,1610,2.163,2
1061878,1614,2.178,2
1062128,1608,2.162,2
1062401,1606,2.167,2
1062652,1610,2.173,2
1062927,1609,2.167,2
1063178,1617,2.167,2
1063452,1620,2.158,2
1063726,1622,2.165,2
1063976,1604,2.169,2
1064227,1608,2.166,2
1064477,1607,2.177,2
1064727,1612,2.190,2
1064977,1612,2.200,2
1065251,1614,2.205,2
1065502,1609,2.195,2
1065752,1610,2.205,2
1066026,1612,2.208,2
1066276,1610,2.205,2
1066526,1610,2.212,2
1066779,1611,2.206,2
1067054,1607,2.198,2
1067328,1613,2.197,2
1067578,1610,2.167,2
1067828,1605,2.163,2
1068078,1605,2.186,2
1068328,1611,2.176,2
1068601,1626,2.137,2
1068851,1610,2.183,2
1069101,1612,2.163,2
1069353,1606,2.173,2
1069627,1610,2.161,2
1069878,1610,2.175,2
1070152,1610,2.160,2
1070403,1611,2.151,2
1070678,1612,2.157,2
1070952,1611,2.162,2
1071202,1611,2.150,2
1071452,1609,2.152,2
1071702,1604,2.196,2
1071952,1609,2.183,2
1072226,1588,2.230,2
1072478,1601,2.208,2
1072728,1603,2.209,2
1073001,1603,2.209,2
1073252,1601,2.224,2
1073502,1600,2.224,2
1073753,1604,2.224,2
1074003,1602,2.213,2
1074253,1602,2.220,2
1074526,1603,2.216,2
1074776,1600,2.224,2
1075026,1601,2.219,2
1075278,1600,2.222,2
1075551,1588,2.230,2
1075802,1609,2.205,2
1076076,1614,2.177,2
1076327,1585,2.231,2
1076602,1605,2.207,2
1076877,1604,2.187,2
1077151,1606,2.197,2
1077401,1602,2.198,2
1077652,1605,2.187,2
1077902,1602,2.186,2
1078153,1602,2.189,2
1078426,1599,2.194,2
1078703,1598,2.203,2
1078953,1601,2.201,2
1079227,1604,2.196,2
1079501,1607,2.202,2
1079751,1576,2.262,2
1080001,1612,2.218,2
1080252,1603,2.227,2
1080502,1600,2.266,2
1080777,1606,2.184,2
1081027,1609,2.192,2
1081302,1605,2.201,2
1081553,1605,2.202,2
1081828,1601,2.205,2
1082078,1606,2.194,2
1082351,1598,2.207,2
1082603,1599,2.203,2
1082853,1604,2.201,2
1083126,1601,2.203,2
1083376,1605,2.191,2
1083627,1591,2.236,2
1083877,1617,2.190,2
1084127,1593,2.205,2
1084377,1608,2.205,2
1084627,1599,2.201,2
1084901,1603,2.203,2
1085153,1601,2.207,2
1085403,1607,2.196,2
1085653,1606,2.197,2
1085903,1608,2.201,2
1086153,1606,2.204,2
1086403,1603,2.208,2
1086676,1606,2.204,2
1086926,1609,2.196,2
1087177,1604,2.202,2
1087428,1602,2.199,2
1087701,1608,2.200,2
1087951,1608,2.201,2
1088203,1615,2.174,2
1088477,1600,2.212,2
1088728,1602,2.200,2
1088978,1611,2.195,2
1089228,1604,2.193,2
1089478,1605,2.196,2
1089728,1606,2.192,2
1090002,1606,2.199,2
1090253,1605,2.194,2
1090503,1608,2.195,2
1090776,1605,2.199,2
1091053,1607,2.202,2
1091327,1601,2.197,2
1091578,1618,2.192,2
1091851,1604,2.195,2
1092103,1597,2.206,2
1092353,1591,2.223,2
1092626,1602,2.200,2
1092878,1610,2.178,2
1093128,1602,2.185,2
1093378,1606,2.184,2
1093651,1604,2.185,2
1093901,1608,2.189,2
1094152,1607,2.185,2
1094402,1605,2.183,2
1094678,1605,2.183,2
1094952,1605,2.189,2
1095202,1603,2.189,2
1095453,1616,2.178,2
1095726,1585,2.228,2
1095978,1625,2.169,2
1096228,1607,2.185,2
1096478,1602,2.199,2
1096728,1608,2.194,2
1097001,1604,2.192,2
1097251,1603,2.193,2
1097503,1602,2.200,2
1097753,1603,2.199,2
1098026,1606,2.198,2
1098278,1601,2.199,2
1098552,1601,2.198,2
1098802,1600,2.201,2
1099053,1604,2.200,2
1099327,1604,2.203,2
1099577,1613,2.179,2
1099828,1604,2.205,2
1100078,1599,2.193,2
1100353,1597,2.204,2
1100604,1609,2.177,2
1100876,1607,2.190,2
1101127,1606,2.192,2
1101378,1609,2.193,2
1101651,1604,2.200,2
1101901,1605,2.195,2
1102152,1605,2.193,2
1102427,1610,2.195,2
1102701,1608,2.201,2
1102951,1604,2.199,2
1103203,1603,2.194,2
1103477,1613,2.171,2
1103728,1608,2.205,2
1103978,1594,2.201,2
1104251,1611,2.174,2
1104503,1589,2.192,2
1104776,1607,2.213,2
1105029,1604,2.218,2
1105301,1607,2.226,2
1105553,1604,2.225,2
1105803,1603,2.222,2
1106053,1601,2.206,2
1106303,1601,2.212,2
1106577,1604,2.215,2
1106851,1604,2.203,2
1107104,1601,2.209,2
1107378,1592,2.222,2
1107652,1609,2.207,2
1107926,1596,2.208,2
1108176,1597,2.208,2
1108427,1602,2.197,2
1108677,1608,2.184,2
1108953,1606,2.190,2
1109226,1607,2.190,2
1109478,1603,2.189,2
1109752,1607,2.185,2
1110026,1605,2.188,2
1110301,1604,2.188,2
1110576,1604,2.190,2
1110828,1604,2.188,2
1111101,1604,2.191,2
1111352,1608,2.189,2
1111626,1588,2.191,2
1111876,1611,2.191,2
1112127,1601,2.214,2
1112402,1602,2.196,2
1112676,1605,2.177,2
1112926,1607,2.176,2
1113177,1610,2.172,2
1113427,1608,2.190,2
1113677,1610,2.178,2
1113928,1613,2.175,2
1114203,1608,2.191,2
1114453,1610,2.186,2
1114703,1606,2.189,2
1114976,1606,2.191,2
1115226,1604,2.193,2
1115476,1601,2.197,2
1115729,1613,2.175,2
1116001,1603,2.194,2
1116251,1604,2.210,2
1116503,1603,2.211,2
1116753,1595,2.213,2
1117027,1607,2.192,2
1117277,1607,2.199,2
1117551,1605,2.199,2
1117801,1606,2.198,2
1118051,1598,2.207,2
1118302,1607,2.199,2
1118553,1602,2.204,2
1118827,1607,2.204,2
1119077,1600,2.204,2
1119327,1601,2.208,2
1119577,1609,2.192,2
1119827,1586,2.237,2
1120077,1610,2.191,2
1120327,1616,2.188,2
1120603,1606,2.207,2
1120853,1608,2.220,2
1121103,1607,2.218,2
1121376,1604,2.218,2
1121627,1605,2.204,2
1121878,1601,2.206,2
1122128,1601,2.217,2
1122402,1605,2.213,2
1122676,1603,2.197,2
1122926,1605,2.200,2
1123176,1606,2.191,2
1123428,1603,2.206,2
1123702,1612,2.202,2
1123952,1598,2.215,2
1124226,1589,2.227,2
1124476,1580,2.211,2
1124728,1605,2.161,2
1124978,1597,2.165,2
1125251,1602,2.164,2
1125501,1600,2.164,2
1125753,1602,2.167,2
1126026,1603,2.166,2
1126303,1600,2.168,2
1126554,1605,2.165,2
1126826,1607,2.166,2
1127077,1602,2.165,2
1127328,1594,2.173,2
1127578,1589,2.188,2
1127828,1586,2.203,2
1128078,1607,2.174,2
1128351,1592,2.223,2
1128602,1613,2.210,2
1128853,1600,2.217,2
1129127,1602,2.214,2
1129403,1604,2.209,2
1129653,1599,2.212,2
1129903,1604,2.211,2
1130153,1603,2.214,2
1130427,1605,2.213,2
1130677,1605,2.208,2
1130927,1608,2.209,2
1131178,1607,2.213,2
1131428,1600,2.220,2
1131702,1599,2.214,2
1131952,1619,2.180,2
1132226,1614,2.195,2
1132476,1595,2.235,2
1132726,1616,2.210,2
1132978,1612,2.212,2
1133228,1613,2.209,2
1133478,1610,2.207,2
1133728,1605,2.213,2
1134001,1604,2.212,2
1134253,1607,2.212,2
1134527,1607,2.213,2
1134777,1603,2.214,2
1135027,1611,2.210,2
1135277,1607,2.213,2
1135527,1625,2.187,2
1135778,1637,2.157,2
1136028,1610,2.169,2
1136278,1616,2.165,2
1136551,1595,2.225,2
1136801,1616,2.216,2
1137051,1614,2.219,2
1137301,1610,2.189,2
1137552,1610,2.204,2
1137802,1610,2.213,2
1138052,1610,2.211,2
1138326,1613,2.203,2
1138576,1615,2.211,2
1138826,1613,2.204,2
1139076,1612,2.215,2
1139326,1620,2.194,2
1139577,1620,2.193,2
1139827,1615,2.212,2
1140078,1637,2.206,2
1140328,1618,2.209,2
1140578,1610,2.222,2
1140828,1616,2.210,2
1141102,1616,2.207,2
1141352,1622,2.206,2
1141626,1613,2.214,2
1141876,1611,2.212,2
1142126,1614,2.209,2
1142376,1619,2.208,2
1142626,1612,2.209,2
1142876,1617,2.210,2
1143126,1618,2.209,2
1143376,1617,2.212,2
1143628,1601,2.239,2
1143878,1604,2.223,2
1144128,1622,2.205,2
1144401,1621,2.205,2
1144652,1613,2.206,2
1144902,1610,2.217,2
1145178,1606,2.219,2
1145451,1605,2.218,2
1145701,1604,2.222,2
1145951,1611,2.218,2
1146201,1607,2.219,2
1146451,1606,2.220,2
1146701,1603,2.219,2
1146952,1608,2.220,2
1147203,1608,2.219,2
1147453,1590,2.235,2
1147727,1622,2.155,2
1147977,1605,2.211,2
1148227,1600,2.228,2
1148477,1609,2.194,2
1148727,1620,2.194,2
1149001,1613,2.215,2
1149251,1615,2.207,2
1149502,1613,2.206,2
1149776,1612,2.206,2
1150026,1610,2.206,2
1150278,1614,2.205,2
1150550,1608,2.212,2
1150801,1609,2.204,2
1151053,1611,2.203,2
1151327,1614,2.201,2
1151577,1621,2.188,2
1151827,1620,2.200,2
1152078,1605,2.204,2
1152328,1614,2.185,2
1152578,1613,2.204,2
1152828,1614,2.173,2
1153102,1616,2.204,2
1153376,1618,2.193,2
1153626,1612,2.212,2
1153877,1614,2.202,2
1154127,1616,2.213,2
1154377,1618,2.209,2
1154628,1614,2.217,2
1154878,1618,2.208,2
1155128,1616,2.210,2
1155378,1611,2.226,2
1155651,1612,2.232,2
1155903,1605,2.195,2
1156176,1607,2.194,2
1156428,1604,2.227,2
1156678,1600,2.194,2
1156952,1612,2.198,2
1157202,1608,2.185,2
1157452,1608,2.194,2
1157702,1609,2.191,2
1157952,1605,2.194,2
1158226,1609,2.191,2
1158476,1608,2.197,2
1158726,1606,2.201,2
1158976,1609,2.201,2
1159226,1608,2.193,2
1159477,1624,2.190,2
1159751,1603,2.185,2
1160001,1621,2.162,2
1160251,1602,2.228,2
1160503,1614,2.209,2
1160777,1610,2.207,2
1161053,1608,2.206,2
1161328,1609,2.205,2
1161578,1607,2.206,2
1161851,1604,2.207,2
1162103,1609,2.208,2
1162353,1611,2.199,2
1162603,1606,2.211,2
1162853,1606,2.210,2
1163103,1607,2.203,2
1163353,1604,2.204,2
1163626,1620,2.208,2
1163876,1610,2.205,2
1164128,1608,2.222,2
1164401,1593,2.240,2
1164651,1612,2.203,2
1164903,1614,2.212,2
1165153,1610,2.221,2
1165403,1611,2.210,2
1165653,1608,2.213,2
1165927,1609,2.214,2
1166177,1609,2.212,2
1166453,1608,2.214,2
1166726,1607,2.214,2
1166976,1614,2.215,2
1167227,1615,2.215,2
1167501,1608,2.216,2
1167751,1605,2.228,2
1168001,1605,2.233,2
1168251,1605,2.218,2
1168501,1609,2.203,2
1168751,1600,2.215,2
1169002,1604,2.203,2
1169276,1602,2.207,2
1169527,1605,2.208,2
1169777,1607,2.205,2
1170029,1607,2.212,2
1170301,1609,2.201,2
1170553,1603,2.215,2
1170803,1606,2.212,2
1171076,1603,2.211,2
1171327,1608,2.202,2
1171577,1609,2.212,2
1171851,1610,2.226,2
1172103,1600,2.216,2
1172378,1613,2.212,2
1172628,1606,2.226,2
1172878,1607,2.217,2
1173128,1603,2.214,2
1173401,1605,2.213,2
1173651,1606,2.216,2
1173901,1605,2.218,2
1174151,1606,2.212,2
1174401,1605,2.219,2
1174652,1602,2.221,2
1174903,1607,2.219,2
1175175,1605,2.223,2
1175428,1598,2.230,2
1175702,1602,2.226,2
1175952,1609,2.221,2
1176202,1594,2.229,2
1176477,1597,2.235,2
1176727,1607,2.207,2
1176977,1604,2.204,2
1177227,1604,2.218,2
1177477,1602,2.212,2
1177751,1605,2.204,2
1178002,1601,2.211,2
1178277,1602,2.209,2
1178528,1606,2.208,2
1178778,1606,2.204,2
1179028,1607,2.204,2
1179301,1602,2.212,2
1179552,1614,2.190,2
1179802,1605,2.223,2
1180078,1605,2.218,2
1180352,1615,2.196,2
1180626,1606,2.222,2
1180877,1604,2.225,2
1181153,1602,2.231,2
1181403,1605,2.221,2
1181653,1602,2.239,2
1181928,1602,2.234,2
1182203,1603,2.229,2
1182476,1601,2.230,2
1182727,1606,2.235,2
1182977,1608,2.230,2
1183228,1605,2.233,2
1183501,1615,2.218,2
1183753,1610,2.215,2
1184026,1607,2.226,2
1184277,1612,2.209,2
1184551,1611,2.216,2
1184801,1613,2.210,2
