step,pElo,nll
494956,602.134,5.38108
494981,601.332,5.24176
495000,596.493,5.17077
495026,589.137,5.12632
495050,588.312,5.05569
495076,588.312,5.00975
495101,584.999,4.98161
495125,583.333,4.95659
495150,588.312,4.92251
495175,581.66,4.90874
495200,584.167,4.88371
495225,587.486,4.86365
495250,584.999,4.84268
495276,589.137,4.81816
495301,589.96,4.81321
495325,586.659,4.80524
495349,587.486,4.78528
495351,586.659,4.78582
495375,587.486,4.74015
495400,586.659,4.71598
495425,582.497,4.68695
495450,589.137,4.66529
495476,590.782,4.64494
495501,589.137,4.63085
495526,590.782,4.61441
495550,587.486,4.61325
495576,589.96,4.6015
495601,591.602,4.58815
495625,595.681,4.58099
495650,589.96,4.57643
495675,594.054,4.56994
495700,596.493,4.55818
495726,594.054,4.55065
495751,595.681,4.54372
495775,590.782,4.54195
495800,594.054,4.53755
495825,592.421,4.52145
495851,593.238,4.53117
495876,594.054,4.51985
495901,593.238,4.52156
495925,589.137,4.52186
495951,588.312,4.50897
495976,592.421,4.50786
496001,595.681,4.50426
496026,592.421,4.50192
496051,589.137,4.50461
496076,586.659,4.50848
496100,594.868,4.494
496125,594.868,4.49874
496150,598.111,4.48531
496175,597.303,4.48117
496201,592.421,4.4887
496225,589.96,4.48982
496251,590.782,4.48097
496276,590.782,4.48246
496300,590.782,4.472
496325,589.137,4.47979
496351,590.782,4.47864
496376,594.054,4.46639
496400,584.999,4.48091
496425,594.054,4.46204
496450,590.782,4.4653
496475,592.421,4.46592
496500,588.312,4.46322
496525,592.421,4.46091
496550,589.137,4.46664
496576,587.486,4.45332
496600,587.486,4.45377
496625,588.312,4.4522
496651,586.659,4.45503
496676,589.137,4.45318
496701,584.999,4.45489
496726,590.782,4.44026
496750,591.602,4.4571
496775,589.137,4.44795
496801,588.312,4.44741
496826,589.96,4.44212
496850,586.659,4.43887
496875,584.999,4.44657
496900,585.829,4.43758
496926,587.486,4.44045
496950,588.312,4.43419
496975,584.999,4.4504
497000,584.167,4.44819
497025,586.659,4.43725
497050,588.312,4.4253
497076,588.312,4.43062
497101,585.829,4.43019
497126,585.829,4.42809
497150,586.659,4.42597
497175,586.659,4.42402
497200,584.167,4.4301
497225,583.333,4.42982
497251,585.829,4.42183
497276,587.486,4.42856
497301,587.486,4.42056
497325,586.659,4.413
497350,589.96,4.42322
497376,588.312,4.4238
497401,589.96,4.42153
497426,586.659,4.42684
497451,589.96,4.41209
497475,588.312,4.4253
497501,591.602,4.41543
497525,587.486,4.41944
497550,588.312,4.42268
497575,591.602,4.40422
497600,588.312,4.40795
497626,587.486,4.41809
497651,586.659,4.41191
497676,588.312,4.40661
497701,587.486,4.406
497725,589.96,4.4028
497751,589.96,4.4062
497776,589.137,4.3993
497801,594.054,4.39494
497826,582.497,4.4152
497850,589.96,4.40046
497875,586.659,4.40477
497900,588.312,4.40269
497926,590.782,4.39683
497950,589.137,4.39741
497976,590.782,4.40525
498000,590.782,4.40536
498025,593.238,4.40114
498050,590.782,4.39976
498076,588.312,4.40304
498100,589.96,4.39711
498125,592.421,4.39429
498150,586.659,4.40107
498175,588.312,4.39648
498201,587.486,4.39709
498225,590.782,4.39529
498250,587.486,4.39702
498275,594.868,4.38305
498301,592.421,4.38617
498325,588.312,4.38785
498351,589.96,4.38774
498375,592.421,4.3889
498401,587.486,4.3955
498425,584.999,4.39381
498451,585.829,4.39627
498475,592.421,4.38619
498501,594.054,4.38585
498526,597.303,4.38153
498550,591.602,4.38513
498575,588.312,4.38598
498601,590.782,4.37945
498626,589.137,4.3898
498651,585.829,4.38758
498676,585.829,4.38581
498701,587.486,4.37753
498726,567.181,4.70485
498750,570.632,4.78333
498775,568.047,4.84149
498801,569.772,4.88143
498826,572.347,4.90706
498850,571.491,4.93876
498876,571.491,4.96306
498901,574.907,4.964
498925,570.632,4.98934
498951,571.491,5.00302
498976,574.056,5.01827
499000,574.056,5.03813
499026,568.91,5.05889
499050,568.91,5.0822
499075,573.202,5.06127
499100,568.91,5.10182
499126,570.632,5.08954
499150,572.347,5.10912
499176,572.347,5.13005
499200,569.772,5.13286
499225,574.056,5.14009
499250,573.202,5.15218
499275,572.347,5.15639
499300,576.605,5.15067
499325,575.757,5.16299
499350,573.202,5.18477
499376,572.347,5.1851
499400,572.347,5.19949
499425,572.347,5.21617
499451,573.202,5.20993
499475,575.757,5.21877
499500,574.056,5.22199
499525,575.757,5.22335
499550,574.056,5.23013
499576,573.202,5.25055
499601,574.056,5.25025
499625,575.757,5.24126
499651,575.757,5.27202
499675,572.347,5.2664
499700,574.907,5.25249
499726,575.757,5.27555
499751,574.056,5.27534
499776,574.907,5.26376
499800,578.297,5.26027
499825,577.452,5.28335
499850,578.297,5.2811
499875,574.907,5.2916
499900,574.907,5.29184
499925,576.605,5.30381
499950,577.452,5.30979
499976,576.605,5.31238
500001,574.907,5.30964
500025,575.757,5.30356
500050,579.14,5.28053
500076,576.605,5.31795
500100,579.14,5.29799
500125,576.605,5.31782
500151,579.14,5.32055
500176,575.757,5.33298
500200,575.757,5.34034
500225,578.297,5.3436
500251,579.982,5.34129
500276,577.452,5.3372
500300,581.66,5.3366
500326,576.605,5.35705
500351,578.297,5.35476
500375,575.757,5.36006
500401,576.605,5.3572
500425,574.907,5.37556
500451,574.907,5.36479
500476,576.605,5.35127
500500,575.757,5.37099
500526,577.452,5.35247
500551,574.056,5.39119
500575,578.297,5.37144
500600,574.907,5.38922
500625,576.605,5.3727
500651,572.347,5.39676
500676,574.907,5.3898
500701,571.491,5.39284
500725,571.491,5.40258
500751,574.056,5.39636
500776,574.907,5.40729
500801,579.14,5.3973
500825,578.297,5.39456
500851,577.452,5.40408
500876,579.982,5.41178
500900,574.056,5.40864
500925,577.452,5.41347
500951,580.822,5.40498
500975,576.605,5.41291
501000,582.497,5.39824
501025,582.497,5.40439
501051,578.297,5.39636
501075,577.452,5.42486
501101,578.297,5.41955
501125,580.822,5.42799
501151,580.822,5.41826
501176,580.822,5.43274
501201,579.982,5.43621
501225,582.497,5.41533
501251,581.66,5.41465
501275,579.14,5.4322
501301,579.14,5.42898
501325,580.822,5.44494
501350,578.297,5.45051
501376,578.297,5.44085
501400,578.297,5.45664
501426,579.982,5.44056
501451,579.982,5.4424
501475,582.497,5.4357
501500,583.333,5.42754
501525,581.66,5.45521
501550,578.297,5.44485
501575,579.982,5.43048
501601,577.452,5.436
501626,576.605,5.46589
501651,581.66,5.43391
501675,582.497,5.4419
501701,578.297,5.46667
501726,579.14,5.45669
501750,578.297,5.44787
501775,575.757,5.45494
501801,576.605,5.46167
501825,577.452,5.46696
501851,576.605,5.45091
501876,576.605,5.46652
501901,577.452,5.46436
501926,575.757,5.47366
501951,577.452,5.45447
501976,575.757,5.46657
502000,579.14,5.46474
502026,580.822,5.45125
502050,579.982,5.4541
502076,576.605,5.47094
502100,579.14,5.4547
502125,579.14,5.45839
502150,579.14,5.46186
502176,580.822,5.45784
502200,580.822,5.46502
502226,579.982,5.48606
502250,575.757,5.49145
502275,578.297,5.47924
502301,578.297,5.46848
502326,577.452,5.46992
502351,574.907,5.47271
502375,574.907,5.48446
502401,576.605,5.46765
502426,575.757,5.47943
502451,579.982,5.48664
502475,579.14,5.49646
502501,579.14,5.47882
502526,577.452,5.4929
502550,579.982,5.48309
502575,579.982,5.46892
502601,575.757,5.49645
502625,578.297,5.46688
502651,575.757,5.49233
502676,580.822,5.48866
502701,579.14,5.48801
502726,574.907,5.51282
502750,576.605,5.49732
502775,579.982,5.48309
502801,583.333,5.49029
502825,583.333,5.48972
502850,581.66,5.49374
502875,580.822,5.50507
502901,581.66,5.49891
502926,580.822,5.50028
502950,579.982,5.50282
502975,579.14,5.52014
503000,581.66,5.50427
503025,576.605,5.52138
503051,577.452,5.5127
503076,583.333,5.49761
503100,581.66,5.51716
503126,579.982,5.50777
503150,581.66,5.4937
503175,581.66,5.49691
503201,580.822,5.49202
503226,584.167,5.48014
503251,579.14,5.52191
503276,579.14,5.5108
503301,579.982,5.50469
503326,583.333,5.50313
503351,583.333,5.51107
503375,584.999,5.49494
503400,584.999,5.5037
503425,583.333,5.5238
503451,582.497,5.533
503476,583.333,5.51763
503501,584.167,5.52465
503525,584.999,5.51973
503551,584.167,5.50778
503576,583.333,5.52797
503601,583.333,5.53088
503625,583.333,5.51914
503650,584.167,5.52796
503675,584.999,5.51366
503701,583.333,5.51742
503726,583.333,5.53044
503750,585.829,5.50561
503776,584.999,5.52899
503801,584.999,5.52585
503825,582.497,5.53151
503850,584.167,5.5374
503875,579.982,5.51825
503888,583.333,5.53659
503901,579.982,5.54493
503926,578.297,5.57362
503950,578.297,5.59752
503975,572.347,5.64795
504001,571.491,5.71696
504025,571.491,5.75736
504050,574.907,5.77048
504075,572.347,5.79989
504101,572.347,5.80876
504126,570.632,5.82993
504151,570.632,5.8382
504175,573.202,5.80759
504200,576.605,5.81606
504226,572.347,5.85161
504251,574.056,5.85289
504276,573.202,5.85986
504301,576.605,5.87077
504325,574.056,5.88394
504350,573.202,5.85794
504376,575.757,5.88102
504401,570.632,5.89694
504425,577.452,5.87355
504450,579.14,5.88039
504476,577.452,5.88278
504500,574.056,5.89386
504525,576.605,5.88362
504551,574.907,5.87653
504576,573.202,5.89609
504601,571.491,5.89732
504626,572.347,5.91816
504651,574.056,5.91792
504676,574.056,5.89007
504700,575.757,5.90453
504725,577.452,5.89902
504750,578.297,5.91363
504776,579.14,5.91294
504802,576.605,5.92453
504825,576.605,5.91644
504851,572.347,5.94092
504876,577.452,5.9183
504901,574.056,5.91983
504926,575.757,5.92191
504950,574.907,5.92749
504976,576.605,5.89366
505001,575.757,5.92077
505026,574.056,5.91495
505051,574.056,5.923
505075,574.907,5.92625
505100,579.14,5.92823
505126,576.605,5.92157
505151,578.297,5.93177
505176,576.605,5.93801
505201,577.452,5.91662
505225,578.297,5.9528
505251,577.452,5.93772
505276,576.605,5.92793
505301,574.907,5.95025
505325,578.297,5.92478
505351,576.605,5.93758
505376,576.605,5.94243
505401,579.982,5.93357
505425,574.056,5.95341
505450,574.056,5.9321
505452,575.757,5.92762
505476,574.907,5.95122
505501,577.452,5.97985
505527,574.907,6.00282
505550,570.632,6.06151
505575,568.047,6.08458
505601,568.91,6.09886
505626,568.047,6.11001
505651,569.772,6.12692
505677,568.91,6.1362
505702,567.181,6.1649
505725,571.491,6.12541
505751,571.491,6.13121
505776,568.91,6.16298
505801,570.632,6.16098
505825,571.491,6.16491
505850,570.632,6.17328
505876,568.91,6.1723
505901,571.491,6.15619
505925,570.632,6.14967
505950,569.772,6.15448
505976,572.347,6.16451
506001,568.91,6.17776
506026,569.772,6.17458
506050,568.047,6.17142
506076,568.047,6.18687
506101,568.91,6.20164
506126,568.047,6.18709
506150,570.632,6.16966
506175,571.491,6.1531
506201,570.632,6.15097
506226,572.347,6.14337
506251,569.772,6.18326
506275,570.632,6.17096
506301,570.632,6.1764
506326,570.632,6.15404
506350,568.91,6.15453
506376,565.445,6.1866
506400,568.047,6.16804
506426,568.047,6.1742
506451,570.632,6.17454
506476,568.91,6.19772
506500,571.491,6.16245
506525,571.491,6.17119
506550,566.314,6.16346
506576,566.314,6.1664
506601,568.91,6.18979
506625,568.047,6.16606
506650,569.772,6.15774
506675,568.91,6.17312
506700,569.772,6.14165
506726,569.772,6.15758
506750,568.91,6.14855
506776,573.202,6.14137
506800,570.632,6.16269
506825,567.181,6.18486
506850,567.181,6.16185
506876,568.91,6.19601
506901,568.047,6.17613
506925,568.91,6.17775
506950,569.772,6.15729
506976,572.347,6.17572
507001,569.772,6.16485
507025,567.181,6.18422
507050,568.047,6.18067
507076,568.047,6.17882
507101,567.181,6.20048
507126,566.314,6.18494
507150,569.772,6.17442
507175,574.056,6.17991
507200,572.347,6.16673
507225,568.91,6.17863
507250,569.772,6.1687
507275,569.772,6.17099
507300,572.347,6.16067
507326,571.491,6.1815
507350,566.314,6.18509
507375,570.632,6.18223
507401,570.632,6.18413
507426,568.047,6.16988
507450,568.047,6.17875
507476,570.632,6.15461
507501,571.491,6.18194
507526,568.91,6.17277
507550,568.91,6.17566
507575,572.347,6.17545
507601,571.491,6.18199
507625,573.202,6.19069
507650,573.202,6.18675
507676,572.347,6.15761
507701,571.491,6.17488
507726,568.91,6.17277
507750,570.632,6.18667
507775,568.91,6.19004
507801,568.047,6.17687
507825,568.047,6.15783
507850,566.314,6.14931
507875,568.047,6.17299
507900,568.91,6.16302
507926,566.314,6.17838
507951,569.772,6.16096
507976,568.047,6.19129
508001,569.772,6.17338
508026,571.491,6.14542
508051,570.632,6.19812
508077,572.347,6.19228
508101,571.491,6.1998
508125,570.632,6.20245
508150,570.632,6.18397
508176,571.491,6.1864
508202,569.772,6.1909
508226,570.632,6.17442
508252,570.632,6.18437
508276,571.491,6.20297
508301,571.491,6.17176
508326,574.907,6.15351
508350,570.632,6.17691
508375,568.047,6.19717
508401,569.772,6.19508
508426,569.772,6.19221
508451,568.047,6.20818
508476,569.772,6.18285
508501,569.772,6.18185
508525,568.047,6.19155
508551,573.202,6.1809
508575,568.91,6.16944
508601,572.347,6.16761
508626,570.632,6.19183
508650,571.491,6.18674
508675,571.491,6.17823
508701,573.202,6.1763
508726,570.632,6.19188
508751,570.632,6.18769
508775,568.91,6.19413
508801,574.056,6.15672
508826,568.91,6.18047
508851,569.772,6.1783
508875,568.91,6.17215
508901,570.632,6.16757
508926,567.181,6.16979
508951,566.314,6.17479
508976,573.202,6.1383
509000,571.491,6.17959
509025,574.056,6.19265
509051,569.772,6.17446
509076,570.632,6.17275
509101,572.347,6.17721
509126,571.491,6.15888
509150,572.347,6.18564
509176,574.056,6.177
509201,571.491,6.18283
509226,572.347,6.1898
509250,570.632,6.17293
509277,568.91,6.18312
509301,570.632,6.19758
509325,571.491,6.19144
509351,567.181,6.18158
509376,568.047,6.16605
509401,572.347,6.16944
509426,569.772,6.18752
509450,568.91,6.16452
509476,570.632,6.17185
509500,572.347,6.18878
509526,569.772,6.17122
509551,570.632,6.18744
509575,571.491,6.16314
509600,567.181,6.18584
509626,568.91,6.15807
509651,568.047,6.18766
509675,566.314,6.1969
509701,568.047,6.1658
509726,568.91,6.18035
509751,569.772,6.19192
509776,568.91,6.17379
509801,569.772,6.18216
509826,568.91,6.16193
509851,571.491,6.16846
509875,571.491,6.17478
509901,572.347,6.16564
509926,570.632,6.17664
509952,571.491,6.18282
509975,570.632,6.18749
510000,569.772,6.18577
510026,572.347,6.1812
510050,570.632,6.18544
510075,570.632,6.17843
510101,571.491,6.16598
510125,568.047,6.16715
510151,568.047,6.18493
510176,566.314,6.18735
510200,568.047,6.18001
510226,570.632,6.20017
510251,569.772,6.18574
510276,571.491,6.1545
510300,570.632,6.17546
510325,573.202,6.17648
510350,569.772,6.19814
510376,569.772,6.1792
510401,571.491,6.17295
510426,568.91,6.19863
510451,576.605,6.18677
510477,573.202,6.18954
510502,572.347,6.18881
510526,573.202,6.19701
510551,574.907,6.16316
510576,574.907,6.16767
510601,574.056,6.17065
510626,577.452,6.16324
510651,573.202,6.15548
510676,574.056,6.18427
510701,571.491,6.1753
510725,571.491,6.18786
510751,570.632,6.19181
510776,572.347,6.18455
510801,572.347,6.17281
510825,573.202,6.17339
510851,568.91,6.19995
510875,567.181,6.19693
510901,565.445,6.20294
510926,569.772,6.17698
510951,568.91,6.17768
510975,569.772,6.18539
510995,569.772,6.16503
511001,568.91,6.18286
511025,568.047,6.20222
511051,567.181,6.20931
511075,567.181,6.25279
511101,568.047,6.25054
511126,567.181,6.26071
511150,570.632,6.24968
511176,569.772,6.26564
511201,572.347,6.25946
511226,569.772,6.28288
511251,570.632,6.25914
511276,569.772,6.26553
511301,571.491,6.26354
511325,569.772,6.2891
511350,568.047,6.27998
511375,571.491,6.29475
511400,571.491,6.29293
511426,570.632,6.30719
511451,568.91,6.30073
511477,571.491,6.26767
511501,571.491,6.27674
511526,571.491,6.28578
511551,573.202,6.26935
511576,570.632,6.27468
511601,574.056,6.29748
511625,573.202,6.30499
511650,574.056,6.30022
511675,570.632,6.2862
511700,568.91,6.27494
511726,572.347,6.28323
511751,570.632,6.28441
511776,572.347,6.28138
511800,570.632,6.29888
511826,570.632,6.26657
511851,570.632,6.29023
511876,570.632,6.28704
511900,571.491,6.29604
511926,571.491,6.27161
511951,576.605,6.2676
511975,574.056,6.26532
512001,574.907,6.27793
512025,572.347,6.25068
512051,571.491,6.27644
512077,569.772,6.27674
512102,570.632,6.26071
512125,572.347,6.25205
512151,569.772,6.27314
512175,568.91,6.2818
512200,568.91,6.26521
512227,574.907,6.25402
512252,574.907,6.27557
512276,571.491,6.28286
512301,572.347,6.2836
512327,574.056,6.28897
512351,570.632,6.28246
512376,574.056,6.30436
512401,574.907,6.25609
512426,573.202,6.28119
512451,571.491,6.26249
512476,570.632,6.27371
512501,572.347,6.27952
512526,572.347,6.29526
512551,571.491,6.28675
512575,568.91,6.29269
512601,570.632,6.29372
512625,569.772,6.29207
512651,570.632,6.27892
512675,571.491,6.27589
512702,572.347,6.28568
512726,574.907,6.27264
512751,574.907,6.26528
512776,573.202,6.26761
512801,570.632,6.25703
512826,573.202,6.27173
512850,569.772,6.2936
512875,572.347,6.27379
512900,574.056,6.28631
512925,574.056,6.28346
512951,573.202,6.2817
512976,576.605,6.27913
513001,574.907,6.27382
513025,574.056,6.28068
513051,568.91,6.27967
513076,573.202,6.29679
513101,576.605,6.29204
513126,569.772,6.26783
513151,570.632,6.28151
513175,572.347,6.30138
513201,569.772,6.28045
513226,567.181,6.30811
513251,570.632,6.29672
513276,570.632,6.28877
513300,570.632,6.30519
513326,571.491,6.27892
513350,571.491,6.28162
513376,573.202,6.28263
513401,574.056,6.27596
513425,573.202,6.2649
513450,572.347,6.26085
513476,574.907,6.26251
513501,574.056,6.27336
513526,573.202,6.28414
513551,574.907,6.28677
513575,573.202,6.29023
513601,572.347,6.30396
513626,572.347,6.28414
513650,573.202,6.31191
513676,572.347,6.29495
513701,573.202,6.30423
513726,575.757,6.28298
513751,574.056,6.29148
513776,574.056,6.29338
513801,574.056,6.26369
513825,579.982,6.27513
513850,574.907,6.28838
513876,573.202,6.26412
513901,574.056,6.2793
513926,574.907,6.27646
513950,572.347,6.28066
513975,573.202,6.28752
514000,574.907,6.27509
514027,573.202,6.28293
514050,573.202,6.2751
514076,573.202,6.29396
514101,570.632,6.27622
514126,570.632,6.28433
514150,566.314,6.27766
514176,569.772,6.28751
514201,570.632,6.27212
514226,571.491,6.2749
514251,573.202,6.25509
514276,570.632,6.2608
514302,573.202,6.2358
514326,573.202,6.27594
514351,570.632,6.27496
514376,573.202,6.26515
514400,572.347,6.29643
514426,576.605,6.26592
514451,574.056,6.29626
514475,574.056,6.25537
514500,573.202,6.27334
514526,574.056,6.26208
514551,577.452,6.29798
514576,573.202,6.2751
514601,574.907,6.26078
514626,575.757,6.25666
514651,574.056,6.27244
514676,574.056,6.25391
514702,578.297,6.25305
514726,571.491,6.28134
514750,574.056,6.26473
514777,575.757,6.25639
514801,573.202,6.26977
514825,572.347,6.28855
514851,574.907,6.27173
514875,576.605,6.28014
514901,576.605,6.28314
514925,574.907,6.29788
514951,575.757,6.30127
514976,576.605,6.28448
515000,575.757,6.26262
515026,573.202,6.26663
515050,571.491,6.25139
515076,574.056,6.25932
515101,574.907,6.25908
515125,574.907,6.25803
515151,576.605,6.25756
515175,572.347,6.25922
515202,574.056,6.26731
515225,573.202,6.27556
515251,575.757,6.28762
515276,574.907,6.27382
515301,576.605,6.26572
515327,576.605,6.27553
515350,578.297,6.26932
515375,577.452,6.25896
515401,576.605,6.24834
515426,577.452,6.26601
515451,576.605,6.27539
515476,575.757,6.26536
515501,573.202,6.23521
515525,574.907,6.26532
515550,577.452,6.26263
515576,574.056,6.26446
515601,577.452,6.25098
515625,575.757,6.28395
515651,576.605,6.28879
515675,576.605,6.27457
515701,578.297,6.24363
515726,575.757,6.2571
515751,574.907,6.26042
515775,574.907,6.24668
515801,575.757,6.27465
515825,576.605,6.26333
515850,574.907,6.27337
515875,574.907,6.26456
515901,576.605,6.23784
515926,576.605,6.25887
515950,573.202,6.25292
515976,574.056,6.25226
516001,570.632,6.25791
516025,573.202,6.25291
516051,574.907,6.23882
516076,575.757,6.28445
516102,575.757,6.27139
516126,572.347,6.2628
516151,574.907,6.26349
516175,578.297,6.2749
516200,572.347,6.28691
516225,575.757,6.28076
516251,574.056,6.25819
516276,573.202,6.26412
516301,574.907,6.2729
516326,577.452,6.26364
516351,574.056,6.2644
516376,575.757,6.24781
516400,575.757,6.25749
516426,575.757,6.27955
516451,574.907,6.26485
516475,568.91,6.27792
516501,572.347,6.25027
516526,572.347,6.26879
516550,573.202,6.27327
516576,573.202,6.26557
516601,572.347,6.28563
516625,573.202,6.28691
516651,571.491,6.28399
516676,573.202,6.25434
516701,576.605,6.25521
516725,574.907,6.2724
516751,576.605,6.25189
516776,579.14,6.27816
516801,577.452,6.26932
516826,578.297,6.25733
516851,573.202,6.26292
516876,574.907,6.23719
516901,574.907,6.28949
516926,577.452,6.26908
516950,575.757,6.27081
516975,576.605,6.26185
517002,574.907,6.27367
517026,579.14,6.26565
517051,577.452,6.2561
517076,577.452,6.26654
517101,575.757,6.27936
517126,574.056,6.26217
517150,577.452,6.27363
517176,576.605,6.24758
517202,573.202,6.25952
517226,576.605,6.25839
517252,575.757,6.26862
517276,577.452,6.25367
517300,575.757,6.25432
517327,575.757,6.26648
517351,575.757,6.25814
517376,578.297,6.2622
517400,575.757,6.26493
517426,572.347,6.28409
517452,574.056,6.26265
517477,574.056,6.26651
517501,570.632,6.27805
517525,571.491,6.24559
517550,573.202,6.25294
517577,574.056,6.24308
517601,574.907,6.26836
517626,573.202,6.27569
517650,574.907,6.25743
517675,575.757,6.27868
517701,574.907,6.27056
517726,573.202,6.27002
517750,574.056,6.26051
517776,574.056,6.27363
517802,571.491,6.26309
517825,574.907,6.26159
517851,572.347,6.26896
517877,568.91,6.26981
517900,569.772,6.28779
517925,570.632,6.28435
517951,573.202,6.26762
517977,574.056,6.24792
518001,571.491,6.28436
518026,574.907,6.27878
518051,569.772,6.28573
518076,572.347,6.25293
518101,574.907,6.25674
518125,574.056,6.27249
518151,576.605,6.28732
518175,576.605,6.25903
518200,574.056,6.26769
518226,577.452,6.25662
518251,574.907,6.26753
518277,574.056,6.2477
518301,574.907,6.26556
518327,575.757,6.2645
518351,570.632,6.26449
518376,572.347,6.25218
518400,574.056,6.26684
518426,574.056,6.26406
518451,575.757,6.2696
518476,574.056,6.24725
518502,573.202,6.28387
518526,574.907,6.27339
518550,578.297,6.26309
518576,577.452,6.26923
518600,574.907,6.2867
518625,573.202,6.27045
518650,574.907,6.26121
518675,576.605,6.27718
518701,575.757,6.26477
518725,579.982,6.2703
518751,575.757,6.25659
518775,574.907,6.25593
518800,573.202,6.26278
518826,572.347,6.28974
518850,576.605,6.26139
518876,574.056,6.27352
518901,577.452,6.25664
518926,576.605,6.2613
518950,575.757,6.26863
518977,577.452,6.27342
519001,574.907,6.28127
519026,572.347,6.28825
519050,574.056,6.26304
519076,573.202,6.26415
519100,577.452,6.27921
519125,575.757,6.26639
519150,575.757,6.2425
519175,573.202,6.26378
519201,574.907,6.24439
519226,571.491,6.2642
519251,570.632,6.27655
519276,574.907,6.25713
519302,574.056,6.27475
519326,573.202,6.26551
519352,570.632,6.28163
519376,566.314,6.27606
519400,573.202,6.25634
519426,572.347,6.23925
519451,574.056,6.24244
519476,573.202,6.28955
519502,574.056,6.25996
519526,569.772,6.28898
519552,578.297,6.25054
519575,575.757,6.25824
519601,573.202,6.2732
519626,575.757,6.27337
519650,574.907,6.26331
519676,574.907,6.27944
519700,572.347,6.2737
519725,575.757,6.2507
519751,573.202,6.28266
519776,572.347,6.27354
519800,572.347,6.26766
519826,579.982,6.25114
519851,571.491,6.28762
519876,571.491,6.29577
519902,574.907,6.25039
519926,574.907,6.2527
519950,577.452,6.26074
519976,573.202,6.25512
520000,575.757,6.25175
520025,574.907,6.2965
520051,573.202,6.26871
520075,571.491,6.26889
520101,569.772,6.26445
520125,573.202,6.26669
520150,575.757,6.24817
520175,574.056,6.2653
520201,575.757,6.28267
520225,577.452,6.26874
520251,574.907,6.28668
520275,576.605,6.27699
520301,575.757,6.29291
520326,574.056,6.26499
520352,574.056,6.25529
520375,573.202,6.28381
520401,574.907,6.2891
520426,574.907,6.29745
520450,574.056,6.28361
520476,578.297,6.23796
520501,576.605,6.25447
520526,577.452,6.26206
520551,577.452,6.28375
520576,575.757,6.23448
520601,575.757,6.27293
520626,574.907,6.28725
520651,574.907,6.26729
520675,576.605,6.2531
520701,576.605,6.25085
520726,574.907,6.23951
520751,574.907,6.27056
520776,574.907,6.28168
520801,574.907,6.26449
520825,574.056,6.25781
520851,578.297,6.24995
520877,578.297,6.25399
520901,578.297,6.29273
520925,578.297,6.27447
520951,579.14,6.25126
520976,579.14,6.25998
521000,576.605,6.2694
521026,578.297,6.26988
521050,575.757,6.26696
521075,579.14,6.23086
521100,580.822,6.26268
521125,578.297,6.24235
521151,578.297,6.27814
521176,579.14,6.26564
521202,576.605,6.23462
521226,572.347,6.24925
521251,576.605,6.24233
521276,576.605,6.26974
521301,576.605,6.25763
521325,574.907,6.25038
521350,568.91,6.25319
521376,574.056,6.24963
521401,574.056,6.24712
521426,569.772,6.29253
521451,574.907,6.26882
521476,574.056,6.27419
521501,570.632,6.26369
521525,574.056,6.28049
521551,571.491,6.27252
521575,574.056,6.26682
521601,576.605,6.25684
521625,573.202,6.25604
521650,574.907,6.27022
521676,573.202,6.24747
521701,576.605,6.24128
521726,574.056,6.26275
521750,569.772,6.25804
521776,574.056,6.23597
521800,573.202,6.24962
521826,571.491,6.28177
521850,574.907,6.26921
521876,574.907,6.27751
521901,569.772,6.28618
521926,572.347,6.27477
521950,574.056,6.26461
521975,576.605,6.26418
522000,574.056,6.28068
522026,574.907,6.25126
522050,575.757,6.25942
522076,572.347,6.27529
522101,573.202,6.25371
522126,572.347,6.24801
522150,574.056,6.24495
522175,572.347,6.24657
522200,572.347,6.2577
522226,575.757,6.25196
522251,574.907,6.24125
522276,575.757,6.24727
522301,575.757,6.24793
522325,577.452,6.22988
522350,576.605,6.26136
522375,574.907,6.27473
522400,574.056,6.27301
522426,574.907,6.26253
522450,572.347,6.27823
522476,570.632,6.24256
522501,573.202,6.26824
522526,572.347,6.27402
522550,574.907,6.27148
522576,576.605,6.26893
522600,573.202,6.27217
522626,573.202,6.26489
522650,573.202,6.26513
522676,573.202,6.27111
522700,575.757,6.25121
522725,573.202,6.23268
522751,574.907,6.2499
522775,574.056,6.22847
522800,575.757,6.24263
522825,574.056,6.26013
522850,574.907,6.23918
522876,574.907,6.26918
522901,572.347,6.27805
522925,572.347,6.257
522950,572.347,6.2888
522976,574.056,6.28828
523000,574.056,6.27372
523026,574.907,6.28449
523051,576.605,6.27143
523076,576.605,6.24971
523101,579.14,6.24593
523125,579.982,6.22173
523151,578.297,6.25084
523176,574.056,6.25357
523201,574.907,6.26153
523226,576.605,6.2712
523250,577.452,6.2599
523275,578.297,6.26202
523301,576.605,6.25231
523326,575.757,6.28062
523350,574.907,6.25094
523376,572.347,6.28926
523401,574.907,6.27274
523425,574.056,6.26774
523450,574.056,6.25777
523476,568.91,6.26089
523501,579.14,6.26564
523525,579.982,6.26682
523550,574.907,6.25459
523576,574.056,6.28865
523600,576.605,6.28638
523625,574.056,6.27558
523650,575.757,6.27346
523675,574.056,6.26736
523701,577.452,6.25513
523725,576.605,6.26902
523751,574.056,6.27848
523775,577.452,6.2746
523801,574.056,6.26481
523825,574.056,6.23114
523850,572.347,6.24606
523875,574.907,6.24619
523900,575.757,6.2489
523926,576.605,6.23153
523950,576.605,6.25587
523976,575.757,6.23494
524000,573.202,6.25191
524025,576.605,6.24272
524051,573.202,6.28003
524076,574.056,6.27526
524101,575.757,6.2581
524125,572.347,6.25675
524150,572.347,6.27195
524175,573.202,6.26161
524200,571.491,6.26703
524226,572.347,6.27028
524250,570.632,6.27607
524275,573.202,6.25899
524301,574.907,6.24873
524325,575.757,6.26337
524351,575.757,6.26762
524376,575.757,6.2435
524401,575.757,6.26587
524425,574.907,6.28464
524450,573.202,6.28053
524475,574.056,6.28506
524500,574.056,6.25941
524526,574.056,6.29728
524551,576.605,6.27165
524575,576.605,6.28379
524600,576.605,6.28365
524626,576.605,6.26733
524650,575.757,6.27861
524676,577.452,6.25192
524702,576.605,6.24959
524726,578.297,6.25201
524750,577.452,6.25836
524775,577.452,6.25725
524801,576.605,6.25237
524825,574.056,6.26824
524850,574.907,6.27286
524875,574.056,6.26118
524900,577.452,6.25773
524926,574.907,6.27075
524952,574.056,6.26699
524976,574.056,6.24905
525000,577.452,6.2677
525025,574.907,6.23873
525051,577.452,6.27383
525076,574.056,6.25501
525100,573.202,6.27006
525125,574.907,6.27201
525151,574.907,6.26087
525176,574.907,6.27949
525201,575.757,6.2701
525225,576.605,6.24857
525250,576.605,6.24991
525276,574.056,6.24185
525301,575.757,6.26719
525326,574.056,6.28068
525351,574.907,6.26171
525375,571.491,6.28212
525401,574.907,6.28467
525425,574.056,6.26311
525450,575.757,6.25696
525475,575.757,6.25539
525500,575.757,6.25903
525525,571.491,6.25185
525550,573.202,6.25908
525575,573.202,6.25305
525600,574.907,6.26437
525626,571.491,6.27823
525652,574.056,6.25798
525676,577.452,6.25035
525701,574.907,6.27111
525725,574.907,6.26903
525751,572.347,6.26043
525776,575.757,6.27472
525801,574.056,6.27782
525826,574.907,6.27395
525850,577.452,6.24631
525875,575.757,6.23654
525900,577.452,6.26564
525925,580.822,6.22615
525950,575.757,6.25042
525976,579.982,6.2409
526000,580.822,6.24599
526026,577.452,6.26086
526051,576.605,6.25834
526076,569.772,6.25487
526101,572.347,6.26144
526126,573.202,6.26289
526151,578.297,6.26455
526176,577.452,6.25599
526200,575.757,6.24838
526225,576.605,6.26212
526251,576.605,6.26032
526275,578.297,6.2734
526300,574.907,6.25818
526326,578.297,6.2663
526351,569.772,6.26223
526375,575.757,6.25419
526401,574.907,6.27195
526426,574.056,6.27672
526451,575.757,6.28319
526476,574.907,6.27083
526500,577.452,6.25286
526525,576.605,6.28253
526551,578.297,6.24515
526576,576.605,6.25738
526601,575.757,6.26557
526625,574.056,6.24252
526651,573.202,6.25236
526675,574.907,6.24087
526701,573.202,6.26344
526726,574.056,6.27053
526751,574.056,6.25457
526775,574.907,6.27581
526801,571.491,6.25711
526825,572.347,6.26007
526850,571.491,6.27232
526875,574.907,6.27737
526901,573.202,6.27242
526926,578.297,6.26268
526951,574.056,6.25035
526976,577.452,6.24629
527001,574.907,6.25376
527025,575.757,6.24575
527051,574.056,6.2523
527075,573.202,6.27181
527101,569.772,6.25165
527125,573.202,6.2494
527151,574.907,6.26662
527176,572.347,6.26598
527201,573.202,6.2657
527226,573.202,6.25356
527251,574.056,6.25481
527275,572.347,6.26712
527301,571.491,6.2565
527326,574.907,6.23326
527351,574.056,6.24575
527375,570.632,6.27767
527400,572.347,6.26096
527425,574.056,6.26688
527451,573.202,6.24978
527476,573.202,6.22742
527501,568.047,6.23897
527525,571.491,6.25232
527550,575.757,6.26886
527576,576.605,6.26017
527601,575.757,6.24981
527626,574.056,6.26263
527651,573.202,6.24176
527675,578.297,6.24618
527701,574.907,6.26422
527727,572.347,6.2697
527751,571.491,6.25458
527775,572.347,6.25846
527801,573.202,6.27578
527826,572.347,6.27267
527851,574.056,6.26593
527876,576.605,6.27149
527900,574.907,6.28266
527925,576.605,6.22979
527951,575.757,6.25068
527975,573.202,6.27557
528001,574.056,6.25289
528026,574.056,6.26356
528052,574.056,6.27212
528077,577.452,6.26296
528100,575.757,6.24079
528126,574.907,6.24699
528151,571.491,6.25339
528176,572.347,6.26329
528201,570.632,6.27193
528226,572.347,6.23843
528251,572.347,6.24863
528277,573.202,6.27299
528302,574.056,6.29832
528325,568.91,6.30925
528351,572.347,6.29326
528376,572.347,6.31844
528401,572.347,6.32875
528427,575.757,6.32093
528451,574.056,6.31377
528476,574.907,6.30122
528501,574.907,6.31232
528526,572.347,6.31127
528551,574.907,6.31037
528576,574.907,6.34044
528601,575.757,6.3278
528626,574.056,6.31662
528651,575.757,6.28763
528675,578.297,6.30824
528701,574.056,6.30907
528725,574.907,6.31604
528751,574.907,6.31988
528776,575.757,6.33111
528801,576.605,6.34706
528825,573.202,6.33505
528851,570.632,6.36389
528877,574.056,6.3564
528902,575.757,6.3156
528925,573.202,6.31381
528950,574.056,6.33449
528976,574.056,6.3288
529001,573.202,6.33166
529026,574.907,6.33824
529050,573.202,6.33049
529075,576.605,6.28529
529101,576.605,6.30452
529126,574.907,6.33059
529151,574.056,6.32218
529175,579.14,6.29784
529201,576.605,6.31702
529226,573.202,6.30987
529250,575.757,6.30573
529275,576.605,6.31152
529300,578.297,6.30727
529326,575.757,6.32292
529351,576.605,6.31542
529375,577.452,6.3098
529400,574.056,6.33187
529426,575.757,6.33632
529450,574.907,6.31422
529476,576.605,6.34207
529502,577.452,6.32953
529527,571.491,6.33259
529551,573.202,6.30219
529576,575.757,6.32271
529601,574.907,6.34665
529625,574.907,6.30583
529652,574.907,6.30983
529677,574.907,6.33405
529700,574.907,6.30612
529727,574.907,6.29424
529750,574.056,6.29199
529775,575.757,6.29172
529802,574.907,6.30961
529827,575.757,6.29425
529852,574.907,6.31461
529875,571.491,6.3186
529900,578.297,6.28759
529926,576.605,6.34232
529951,574.907,6.31394
529975,574.056,6.31871
530002,576.605,6.2842
530026,578.297,6.32157
530051,578.297,6.30716
530077,575.757,6.30279
530100,577.452,6.28466
530125,578.297,6.29686
530152,577.452,6.30334
530176,577.452,6.3065
530201,577.452,6.32842
530225,577.452,6.30631
530250,576.605,6.29012
530277,577.452,6.30185
530301,575.757,6.30888
530326,574.907,6.30627
530350,579.14,6.29436
530376,574.056,6.31802
530401,574.907,6.31253
530426,574.056,6.32206
530451,577.452,6.30537
530476,575.757,6.30991
530502,574.907,6.32349
530525,576.605,6.31493
530550,573.202,6.31119
530575,574.056,6.33171
530600,574.056,6.3068
530625,570.632,6.34033
530651,574.056,6.31246
530676,574.056,6.31381
530700,571.491,6.31012
530725,577.452,6.29939
530750,572.347,6.30983
530776,573.202,6.30918
530801,573.202,6.30354
530826,574.907,6.29788
530851,576.605,6.29469
530876,573.202,6.31736
530901,572.347,6.34325
530925,572.347,6.29193
530951,568.91,6.32805
530976,574.056,6.31996
531000,570.632,6.32639
531025,574.907,6.31578
531050,577.452,6.326
531075,571.491,6.33163
531101,576.605,6.29212
531125,578.297,6.29648
531150,574.907,6.31237
531175,573.202,6.30608
531200,572.347,6.32148
531225,572.347,6.31948
531251,572.347,6.32317
531275,574.907,6.34057
531300,572.347,6.33846
531325,573.202,6.31683
531350,574.056,6.32181
531376,575.757,6.30368
531401,574.907,6.29959
531425,574.907,6.29434
531450,577.452,6.28279
531475,577.452,6.3026
531501,573.202,6.30465
531525,576.605,6.31357
531551,576.605,6.28577
531576,574.056,6.28777
531601,576.605,6.33111
531625,575.757,6.2898
531651,575.757,6.31777
531675,572.347,6.32447
531700,574.907,6.31787
531725,575.757,6.31032
531751,574.907,6.31375
531776,573.202,6.32616
531800,576.605,6.2901
531826,577.452,6.31627
531851,574.907,6.29813
531875,572.347,6.31218
531901,574.907,6.34269
531925,577.452,6.33682
531950,574.056,6.32641
531976,574.907,6.31689
532000,571.491,6.35322
532026,571.491,6.30456
532050,572.347,6.30705
532075,574.907,6.3009
532100,571.491,6.3011
532125,575.757,6.29751
532151,573.202,6.30796
532175,572.347,6.31435
532201,574.056,6.3162
532225,570.632,6.32324
532250,569.772,6.31945
532275,570.632,6.30278
532300,575.757,6.29484
532326,573.202,6.28465
532351,574.907,6.28476
