channel,label,mirror,row_norm,bias,residual_norm,row_cos_mean_row,row_max_abs,static_logit_level,indep_logit_std_estimate,residual_logit_std_estimate,feature_rounding_noise,row_rel_change,row_cos_ref,row_norm_ratio_ref,bias_delta
0,Q-N1,0,1.58071,0.0471191,1.55223,0.194979,0.21582,3.87903,0.940528,0.922226,0.00258002,0.491377,0.889253,1.06876,0.0471191
1,Q-N2,1,1.61917,0.0164795,1.58685,0.209474,0.259766,1.91226,0.964257,0.944071,0.00264428,0.47216,0.910712,1.13947,0.0164795
2,Q-N3,2,1.51774,-0.00011301,1.47772,0.246496,0.227539,0.722102,0.901394,0.876823,0.00247159,0.377992,0.935482,1.06966,-0.00011301
3,Q-N4,3,1.51131,-0.0144043,1.49107,0.163394,0.24707,0.743487,0.898709,0.885772,0.00246429,0.367469,0.939131,1.06952,-0.0144043
4,Q-N5,4,1.41598,-0.013855,1.38534,0.212458,0.1875,0.557514,0.84128,0.822307,0.0023067,0.310582,0.955431,1.05192,-0.013855
5,Q-N6,5,1.50059,0.00273132,1.4728,0.195926,0.202148,0.664428,0.890493,0.873673,0.00244168,0.344243,0.947023,1.07094,0.00273132
6,Q-N7,6,1.45222,-0.0124512,1.43242,0.164632,0.191406,0.452509,0.86092,0.848586,0.00236033,0.277982,0.965428,1.06199,-0.0124512
7,Q-NE1,49,1.65141,0.0252686,1.61854,0.210404,0.211914,2.27754,0.981111,0.961028,0.00269068,0.576798,0.8797,1.20615,0.0252686
8,Q-NE2,50,1.45508,0.00616455,1.43088,0.183108,0.186523,0.88636,0.864524,0.849557,0.00237081,0.3585,0.942466,1.07195,0.00616455
9,Q-NE3,51,1.51222,-0.00311279,1.48186,0.206165,0.202148,0.883189,0.896514,0.878402,0.00245815,0.338622,0.948704,1.06996,-0.00311279
10,Q-NE4,52,1.48741,-0.00650024,1.45706,0.207408,0.203125,0.594059,0.883089,0.864821,0.00242157,0.339216,0.948069,1.06598,-0.00650024
11,Q-NE5,53,1.45399,0.00164032,1.4215,0.218184,0.236328,0.203045,0.862504,0.843312,0.00236478,0.26339,0.968304,1.05189,0.00164032
12,Q-NE6,54,1.36232,-0.00382996,1.3631,0.0819078,0.191406,0.272766,0.806257,0.806672,0.00221027,0.13244,0.991211,0.997467,-0.00382996
13,Q-NE7,55,1.45698,-0.0106812,1.45871,0.0723101,0.180664,-1.12772,0.86257,0.863793,0.00236464,0.0583809,0.998296,0.996567,-0.0106812
14,Q-E1,42,1.53622,0.015564,1.48067,0.310346,0.208008,1.69113,0.91413,0.879335,0.00250671,0.372336,0.938727,1.07959,0.015564
15,Q-E2,43,1.49265,0.00634766,1.45942,0.219243,0.220703,0.677641,0.887632,0.867113,0.0024339,0.335733,0.953039,1.09795,0.00634766
16,Q-E3,44,1.55708,0.00683594,1.52624,0.206035,0.267578,0.356149,0.928865,0.909091,0.00254747,0.294142,0.959727,1.04688,0.00683594
17,Q-E4,45,1.53884,0.0065918,1.51428,0.180358,0.228516,0.347999,0.913925,0.898129,0.00250589,0.253125,0.970808,1.05168,0.0065918
18,Q-E5,46,1.44231,-0.00921631,1.41071,0.215075,0.188477,0.520497,0.855512,0.835916,0.00234566,0.266633,0.966904,1.04433,-0.00921631
19,Q-E6,47,1.44587,-0.00686646,1.42349,0.175911,0.208984,0.808081,0.856125,0.842008,0.00234716,0.239182,0.972325,1.02355,-0.00686646
20,Q-E7,48,1.40545,-0.000534058,1.37862,0.197038,0.183594,0.542207,0.832317,0.815469,0.00228169,0.231268,0.974142,1.02352,-0.000534058
21,Q-SE1,35,1.58313,0.020752,1.5559,0.189535,0.213867,1.60428,0.940095,0.923478,0.00257801,0.385136,0.933213,1.07184,0.020752
22,Q-SE2,36,1.39508,0.00340271,1.37778,0.157268,0.189453,0.817747,0.828157,0.817444,0.00227094,0.345209,0.943793,1.04337,0.00340271
23,Q-SE3,37,1.45685,0.00283813,1.43074,0.191098,0.219727,0.363153,0.865477,0.849097,0.00237345,0.240473,0.973481,1.04759,0.00283813
24,Q-SE4,38,1.46455,0.00118256,1.42762,0.236255,0.238281,0.596664,0.866294,0.843559,0.00237504,0.225433,0.976041,1.035,0.00118256
25,Q-SE5,39,1.42983,-0.00367737,1.39146,0.244197,0.255859,0.578348,0.846136,0.822543,0.00231952,0.189204,0.982384,1.01197,-0.00367737
26,Q-SE6,40,1.41338,-0.0223389,1.39303,0.169151,0.209961,-0.153559,0.83748,0.825072,0.00229622,0.125598,0.992103,0.985585,-0.0223389
27,Q-SE7,41,1.47079,-0.020752,1.47622,0.0555909,0.188477,-0.874714,0.870384,0.873626,0.00238627,0.117612,0.993064,0.990154,-0.020752
28,Q-S1,28,1.57639,0.0224609,1.54109,0.22393,0.283203,1.22567,0.936886,0.914774,0.00256916,0.34142,0.94795,1.07114,0.0224609
29,Q-S2,29,1.32366,-0.0038147,1.28302,0.259981,0.199219,0.697461,0.786408,0.760858,0.00215636,0.282315,0.962644,1.04255,-0.0038147
30,Q-S3,30,1.39016,-0.00564575,1.36207,0.203255,0.206055,0.392961,0.823611,0.806237,0.00225818,0.216646,0.977353,1.02377,-0.00564575
31,Q-S4,31,1.41003,0.00473022,1.3848,0.189975,0.216797,0.496946,0.835055,0.818981,0.00228926,0.277886,0.962538,1.02337,0.00473022
32,Q-S5,32,1.47349,0.00787354,1.45846,0.143189,0.179688,0.174773,0.873552,0.863962,0.00239512,0.272217,0.96358,1.01445,0.00787354
33,Q-S6,33,1.43004,-0.00735474,1.41838,0.131213,0.229492,0.185065,0.845478,0.838671,0.00231736,0.174198,0.985252,1.0179,-0.00735474
34,Q-S7,34,1.44076,0.00106812,1.411,0.207396,0.191406,-0.139923,0.852269,0.834072,0.00233631,0.178234,0.984388,1.01245,0.00106812
35,Q-SW1,21,1.51043,0.012207,1.46497,0.269636,0.287109,1.57675,0.899668,0.871561,0.00246751,0.376672,0.938198,1.08685,0.012207
36,Q-SW2,22,1.5584,0.00466919,1.53231,0.185892,0.200195,0.71681,0.924295,0.908309,0.00253424,0.256157,0.969462,1.04345,0.00466919
37,Q-SW3,23,1.50017,0.00390625,1.47992,0.164012,0.21582,0.706241,0.888153,0.875556,0.0024349,0.261359,0.967842,1.03874,0.00390625
38,Q-SW4,24,1.48319,0.00125122,1.45904,0.181435,0.182617,0.294843,0.877136,0.862884,0.00240465,0.223496,0.976356,1.03311,0.00125122
39,Q-SW5,25,1.42248,-0.0110474,1.40207,0.168902,0.18457,0.286477,0.841573,0.82912,0.00230718,0.146956,0.989334,1.00879,-0.0110474
40,Q-SW6,26,1.35802,-0.0125732,1.35788,0.0861283,0.207031,-0.410098,0.803715,0.803561,0.00220344,0.0797052,0.996829,0.992152,-0.0125732
41,Q-SW7,27,1.36713,-0.0157471,1.37808,0.0376559,0.181641,-0.778644,0.808441,0.815377,0.00221614,0.0955283,0.995428,0.993593,-0.0157471
42,Q-W1,14,1.59401,0.0112915,1.55846,0.224155,0.283203,1.51767,0.946716,0.92534,0.00259574,0.329962,0.951042,1.06661,0.0112915
43,Q-W2,15,1.48693,-0.00227356,1.44885,0.239941,0.277344,0.733757,0.883662,0.859779,0.00242304,0.328333,0.950469,1.05627,-0.00227356
44,Q-W3,16,1.48586,0.00488281,1.45153,0.224221,0.242188,0.674079,0.883116,0.861388,0.00242166,0.311943,0.956013,1.06218,0.00488281
45,Q-W4,17,1.46573,-0.00216675,1.44723,0.158347,0.209961,0.659978,0.868803,0.857102,0.0023821,0.300537,0.958147,1.04963,-0.00216675
46,Q-W5,18,1.42667,-0.00662231,1.40233,0.185312,0.208008,0.384013,0.844489,0.82929,0.00231505,0.243396,0.972115,1.0373,-0.00662231
47,Q-W6,19,1.40933,-0.00476074,1.39073,0.161956,0.204102,0.574811,0.833355,0.822199,0.00228462,0.222785,0.97604,1.02386,-0.00476074
48,Q-W7,20,1.51649,-0.0050354,1.5014,0.141253,0.202148,0.831442,0.898991,0.89013,0.00246482,0.201289,0.980118,1.01401,-0.0050354
49,Q-NW1,7,1.67589,0.0480957,1.64834,0.186905,0.275391,2.58421,1.00023,0.983044,0.00274386,0.592567,0.863835,1.17584,0.0480957
50,Q-NW2,8,1.56936,0.0236816,1.53865,0.204898,0.296875,0.822456,0.931032,0.912432,0.00255293,0.329811,0.95,1.05618,0.0236816
51,Q-NW3,9,1.55275,0.00427246,1.5252,0.192328,0.203125,0.551029,0.921876,0.905452,0.00252815,0.389403,0.933908,1.08824,0.00427246
52,Q-NW4,10,1.50582,-0.000100613,1.48991,0.145275,0.241211,0.305389,0.894531,0.884452,0.00245306,0.332815,0.950625,1.07085,-0.000100613
53,Q-NW5,11,1.54044,0.000499725,1.51035,0.203643,0.208984,0.556408,0.914421,0.896478,0.00250734,0.235822,0.973908,1.03801,0.000499725
54,Q-NW6,12,1.45455,-0.00466919,1.45068,0.0964787,0.192383,0.318139,0.860594,0.858446,0.00235936,0.133358,0.991116,1.00091,-0.00466919
55,Q-NW7,13,1.43896,-0.0187988,1.44299,0.0633573,0.210938,-0.859454,0.852954,0.856034,0.00233871,0.109042,0.994039,0.991962,-0.0187988
56,Kn-0(up-right),63,1.56021,0.0124512,1.54544,0.137737,0.25,1.00049,0.926887,0.917452,0.00254133,0.280225,0.965144,1.06529,0.0124512
57,Kn-1(right-up),62,1.45755,-0.00291443,1.45834,0.0763179,0.228516,1.01841,0.863429,0.864309,0.00236706,0.320321,0.957194,1.0944,-0.00291443
58,Kn-2(right-down),61,1.46728,0.00268555,1.45799,0.119014,0.239258,0.975715,0.871101,0.865905,0.00238842,0.329507,0.951628,1.07067,0.00268555
59,Kn-3(down-right),60,1.42696,0.00823975,1.43157,0.0615705,0.199219,1.34124,0.847143,0.850149,0.00232285,0.369839,0.937316,1.06118,0.00823975
60,Kn-4(down-left),59,1.48961,-0.00860596,1.48754,0.0869179,0.224609,0.92955,0.883441,0.882373,0.00242225,0.250241,0.971133,1.04676,-0.00860596
61,Kn-5(left-down),58,1.45155,0.00552368,1.44789,0.0957851,0.185547,1.10867,0.860055,0.858086,0.00235787,0.306642,0.957648,1.0631,0.00552368
62,Kn-6(left-up),57,1.55746,-0.00205994,1.53634,0.164902,0.277344,0.755925,0.923368,0.910963,0.00253181,0.273611,0.965976,1.05526,-0.00205994
63,Kn-7(up-left),56,1.55997,0.0206299,1.55889,0.0791029,0.207031,0.96167,0.925042,0.924295,0.00253644,0.331614,0.950451,1.06588,0.0206299
64,UP-knight-fwd,64,1.46141,-0.010498,1.46446,0.0663911,0.194336,-0.305001,0.864859,0.866992,0.00237104,0.0771246,0.997025,0.994556,-0.010498
65,UP-knight-capL,66,1.45592,-0.0113525,1.46192,0.0539058,0.206055,-1.27525,0.862801,0.866591,0.00236558,0.066802,0.997767,0.996875,-0.0113525
66,UP-knight-capR,65,1.41004,-0.0142212,1.43029,-0.00535802,0.206055,-0.981575,0.83653,0.849339,0.00229367,0.0861017,0.996286,0.995891,-0.0142212
67,UP-rook-fwd,67,1.34592,-0.0202637,1.35512,0.0465968,0.206055,0.0772046,0.795913,0.801439,0.00218208,0.134458,0.990939,0.984629,-0.0202637
68,UP-rook-capL,69,1.37781,-0.00805664,1.39924,-0.00863733,0.167969,-1.54694,0.816902,0.830081,0.0022399,0.0487262,0.998813,0.997959,-0.00805664
69,UP-rook-capR,68,1.40296,-0.0158691,1.41559,0.0282384,0.207031,-0.872828,0.83071,0.83906,0.00227749,0.0959722,0.995384,0.994814,-0.0158691
70,UP-bishop-fwd,70,1.41807,-0.00469971,1.41529,0.0938526,0.200195,-0.407342,0.837942,0.837783,0.0022967,0.0642047,0.997949,1.00289,-0.00469971
71,UP-bishop-capL,72,1.38632,-0.0132446,1.38918,0.0714909,0.201172,-1.08843,0.820005,0.822258,0.00224808,0.0818097,0.996648,0.995767,-0.0132446
72,UP-bishop-capR,71,1.44947,-0.00921631,1.43648,0.135835,0.228516,-1.19933,0.856119,0.848317,0.0023468,0.0559394,0.998434,0.997908,-0.00921631
73,QP-fwd,73,1.62608,0.012085,1.61972,0.0987676,0.257812,0.764705,0.963998,0.960791,0.00264324,0.261941,0.971457,1.08255,0.012085
74,QP-capL,75,1.32666,-0.0178223,1.30918,0.162286,0.191406,-0.485973,0.785027,0.774999,0.00215193,0.123285,0.992382,0.987806,-0.0178223
75,QP-capR,74,1.39704,-0.0158691,1.38606,0.130217,0.229492,-0.424267,0.8273,0.821726,0.00226834,0.0952354,0.995458,0.993091,-0.0158691
