k,gamma,beta,running_mean,running_var,on_ratio,p_on,act_mean,act_std,act_second,pre_row_norm,final_col_norm,effective_contribution,mean_over_std,bn_input_rounding_noise,dead,mostly_off,flat,always_on,negative_gamma,mean_row_component,shared_contribution,column_shared_fraction
0,1,0,0.585938,0.570312,0,0.5,0.401002,0.582406,0.5,1.50298,1.01809,0.592939,0.775881,0.00346852,0,0,0,0,0,0.000349647,0.000140209,0.00299401
1,1,0,-0.855469,0.488281,0,0.5,0.401002,0.582406,0.5,1.43449,0.991243,0.577306,1.22425,0.00434423,0,0,0,0,0,0.0151038,0.00605666,0.132835
2,1,0,-0.179688,0.84375,0,0.5,0.401002,0.582406,0.5,1.4754,1.01803,0.592908,0.195619,0.00233519,0,0,0,0,0,-0.0250046,-0.0100269,0.214124
3,1,0,0.392578,0.613281,0,0.5,0.401002,0.582406,0.5,1.39469,1.06232,0.618702,0.501298,0.00293222,0,0,0,0,0,0.0108532,0.00435216,0.0890655
4,1,0,-0.609375,0.613281,0,0.5,0.401002,0.582406,0.5,1.32306,1.20653,0.70269,0.778135,0.00347292,0,0,0,0,0,-0.0268283,-0.0107582,0.193848
5,1,0,0.0358887,0.695312,0,0.5,0.401002,0.582406,0.5,1.24465,1.10336,0.642606,0.0430395,0.00203719,0,0,0,0,0,-0.000771372,-0.000309322,0.0060947
6,1,0,0.455078,1.40625,0,0.5,0.401002,0.582406,0.5,1.51635,1.12242,0.653702,0.383756,0.00270265,0,0,0,0,0,0.0282359,0.0113227,0.219308
7,1,0,-1.70312,0.699219,0,0.5,0.401002,0.582406,0.5,1.50498,1.06854,0.622324,2.03676,0.00593117,0,0,0,0,0,0.00309332,0.00124043,0.0252372
8,1,0,0.3125,0.742188,0,0.5,0.401002,0.582406,0.5,1.28011,1.02003,0.594069,0.362738,0.0026616,0,0,0,0,0,-0.00296688,-0.00118973,0.0253569
9,1,0,1.09375,0.597656,0,0.5,0.401002,0.582406,0.5,1.4022,1.13253,0.659595,1.41479,0.00471639,0,0,0,0,0,-0.00838561,-0.00336265,0.0645491
10,1,0,0.455078,0.945312,0,0.5,0.401002,0.582406,0.5,1.42424,1.16861,0.680606,0.468056,0.0028673,0,0,0,0,0,0.00270984,0.00108665,0.0202153
11,1,0,-0.0981445,0.585938,0,0.5,0.401002,0.582406,0.5,1.32297,1.2272,0.714732,0.128215,0.00220355,0,0,0,0,0,0.00379241,0.00152077,0.0269405
12,1,0,0.421875,0.800781,0,0.5,0.401002,0.582406,0.5,1.43108,1.05253,0.613001,0.47144,0.00287391,0,0,0,0,0,-0.0125626,-0.00503763,0.104052
13,1,0,-0.710938,0.488281,0,0.5,0.401002,0.582406,0.5,1.41221,1.06407,0.619719,1.01741,0.00394026,0,0,0,0,0,0.00937417,0.00375906,0.0768016
14,1,0,-0.644531,0.566406,0,0.5,0.401002,0.582406,0.5,1.41851,1.20826,0.703696,0.856407,0.00362579,0,0,0,0,0,-0.0213792,-0.0085731,0.154255
15,1,0,-0.367188,0.785156,0,0.5,0.401002,0.582406,0.5,1.40256,1.13625,0.661756,0.414391,0.00276248,0,0,0,0,0,0.0191966,0.00769789,0.147285
16,1,0,-0.3125,1.28125,0,0.5,0.401002,0.582406,0.5,1.42505,1.12277,0.653909,0.276079,0.00249234,0,0,0,0,0,-0.00348864,-0.00139895,0.0270877
17,1,0,-0.0644531,0.617188,0,0.5,0.401002,0.582406,0.5,1.46288,1.15873,0.674851,0.0820418,0.00211336,0,0,0,0,0,-0.0122228,-0.00490137,0.0919593
18,1,0,0.200195,0.386719,0,0.5,0.401002,0.582406,0.5,1.25974,1.17809,0.686126,0.321926,0.00258189,0,0,0,0,0,0.000704314,0.000282431,0.00521188
19,1,0,-0.828125,0.71875,0,0.5,0.401002,0.582406,0.5,1.46916,0.979494,0.570463,0.976803,0.00386094,0,0,0,0,0,-0.00541466,-0.00217129,0.0481922
20,1,0,0.683594,0.601562,0,0.5,0.401002,0.582406,0.5,1.4611,1.13341,0.660107,0.881369,0.00367455,0,0,0,0,0,-0.00613042,-0.00245831,0.0471529
21,1,0,0.11084,1.21875,0,0.5,0.401002,0.582406,0.5,1.39534,1.01709,0.592359,0.100401,0.00214922,0,0,0,0,0,0.00535845,0.00214875,0.045929
22,1,0,-0.196289,0.609375,0,0.5,0.401002,0.582406,0.5,1.36963,0.890758,0.518783,0.251451,0.00244424,0,0,0,0,0,0.00532268,0.00213441,0.0520928
23,1,0,-0.00263977,0.443359,0,0.5,0.401002,0.582406,0.5,1.27066,1.07213,0.624414,0.0039645,0.00196087,0,0,0,0,0,0.0274349,0.0110015,0.223082
24,1,0,-0.361328,0.683594,0,0.5,0.401002,0.582406,0.5,1.42377,1.07305,0.62495,0.437021,0.00280668,0,0,0,0,0,-0.0332085,-0.0133167,0.269797
25,1,0,0.486328,0.933594,0,0.5,0.401002,0.582406,0.5,1.49642,0.973321,0.566868,0.503327,0.00293619,0,0,0,0,0,-0.0106177,-0.00425773,0.0951002
26,1,0,0.3125,0.535156,0,0.5,0.401002,0.582406,0.5,1.40159,1.02955,0.599614,0.427179,0.00278746,0,0,0,0,0,0.0133998,0.00537336,0.113465
27,1,0,0.102539,0.554688,0,0.5,0.401002,0.582406,0.5,1.49475,1.10283,0.642294,0.137678,0.00222203,0,0,0,0,0,-0.00131115,-0.000525775,0.0103646
28,1,0,0.660156,0.636719,0,0.5,0.401002,0.582406,0.5,1.45729,1.05681,0.615494,0.827319,0.00356898,0,0,0,0,0,-0.0105564,-0.00423314,0.0870812
29,1,0,-0.345703,0.691406,0,0.5,0.401002,0.582406,0.5,1.45334,0.97697,0.568993,0.415754,0.00276514,0,0,0,0,0,-0.00139658,-0.000560032,0.0124621
30,1,0,0.550781,0.921875,0,0.5,0.401002,0.582406,0.5,1.46968,1.06457,0.620013,0.573645,0.00307353,0,0,0,0,0,0.0107811,0.00432326,0.0882869
31,1,0,-0.0732422,0.5625,0,0.5,0.401002,0.582406,0.5,1.50611,1.03004,0.5999,0.0976562,0.00214386,0,0,0,0,0,0.0154974,0.0062145,0.131163
32,1,0,-0.103516,0.976562,0,0.5,0.401002,0.582406,0.5,1.44858,1.26647,0.737601,0.10475,0.00215772,0,0,0,0,0,-0.00132189,-0.000530082,0.00909929
33,1,0,-0.241211,0.707031,0,0.5,0.401002,0.582406,0.5,1.38317,1.09541,0.637976,0.286865,0.00251341,0,0,0,0,0,0.00125313,0.000502507,0.00997295
34,1,0,-0.172852,0.875,0,0.5,0.401002,0.582406,0.5,1.61645,1.08487,0.631832,0.184786,0.00231404,0,0,0,0,0,-0.0070608,-0.0028314,0.0567395
35,1,0,-0.585938,0.632812,0,0.5,0.401002,0.582406,0.5,1.40349,0.991056,0.577197,0.73657,0.00339174,0,0,0,0,0,0.0054747,0.00219537,0.0481581
36,1,0,-0.314453,0.457031,0,0.5,0.401002,0.582406,0.5,1.43076,1.04226,0.607018,0.465139,0.0028616,0,0,0,0,0,0.00513478,0.00205906,0.042949
37,1,0,0.0678711,0.535156,0,0.5,0.401002,0.582406,0.5,1.38705,1.04183,0.606766,0.0927779,0.00213433,0,0,0,0,0,0.0342793,0.0137461,0.286842
38,1,0,-1.00781,0.808594,0,0.5,0.401002,0.582406,0.5,1.47338,1.11464,0.649171,1.12076,0.00414212,0,0,0,0,0,-0.0118801,-0.00476395,0.0929167
39,1,0,-0.691406,0.6875,0,0.5,0.401002,0.582406,0.5,1.43857,1.21789,0.709307,0.833867,0.00358177,0,0,0,0,0,0.0185519,0.00743935,0.132797
40,1,0,-0.249023,0.890625,0,0.5,0.401002,0.582406,0.5,1.40593,1.03292,0.601579,0.263872,0.0024685,0,0,0,0,0,-0.0060211,-0.00241447,0.0508178
41,1,0,0.00588989,0.605469,0,0.5,0.401002,0.582406,0.5,1.44656,1.13064,0.658489,0.0075694,0.00196791,0,0,0,0,0,0.000333083,0.000133567,0.00256825
42,1,0,0.496094,0.589844,0,0.5,0.401002,0.582406,0.5,1.35813,1.12125,0.653024,0.645945,0.00321474,0,0,0,0,0,0.0449771,0.0180359,0.3497
43,1,0,0.640625,0.582031,0,0.5,0.401002,0.582406,0.5,1.46167,1.05199,0.612684,0.839713,0.00359319,0,0,0,0,0,-0.0192124,-0.00770423,0.159213
44,1,0,-1,0.570312,0,0.5,0.401002,0.582406,0.5,1.36994,0.976299,0.568603,1.32417,0.00453939,0,0,0,0,0,-0.00881356,-0.00353426,0.0787001
45,1,0,0.145508,0.507812,0,0.5,0.401002,0.582406,0.5,1.40616,1.24844,0.727101,0.20419,0.00235193,0,0,0,0,0,-0.00478985,-0.00192074,0.0334472
46,1,0,-0.714844,0.832031,0,0.5,0.401002,0.582406,0.5,1.41477,1.12875,0.657393,0.783685,0.00348376,0,0,0,0,0,-0.00924763,-0.00370832,0.0714231
47,1,0,0.0810547,0.703125,0,0.5,0.401002,0.582406,0.5,1.43417,1.10165,0.641607,0.0966634,0.00214192,0,0,0,0,0,-0.00971884,-0.00389728,0.0769092
48,1,0,1.25781,0.578125,0,0.5,0.401002,0.582406,0.5,1.45189,1.1766,0.685257,1.65426,0.00518411,0,0,0,0,0,0.00744629,0.00298598,0.055172
49,1,0,-0.566406,0.457031,0,0.5,0.401002,0.582406,0.5,1.34994,1.11234,0.647832,0.837828,0.00358951,0,0,0,0,0,0.0088177,0.00353592,0.0691075
50,1,0,0.15625,1.63281,0,0.5,0.401002,0.582406,0.5,1.44488,1.13491,0.66098,0.122279,0.00219195,0,0,0,0,0,-0.00383779,-0.00153896,0.0294799
51,1,0,-0.0185547,0.621094,0,0.5,0.401002,0.582406,0.5,1.53172,1.11664,0.650339,0.0235437,0.00199911,0,0,0,0,0,-0.00636452,-0.00255219,0.0496889
52,1,0,1.28125,0.59375,0,0.5,0.401002,0.582406,0.5,1.53232,1.08904,0.634266,1.66277,0.00520072,0,0,0,0,0,-0.0351797,-0.0141071,0.281613
53,1,0,0.162109,0.494141,0,0.5,0.401002,0.582406,0.5,1.37818,0.963289,0.561026,0.230613,0.00240354,0,0,0,0,0,0.0020567,0.000824741,0.0186132
54,1,0,0.824219,0.558594,0,0.5,0.401002,0.582406,0.5,1.32661,1.07192,0.624293,1.10279,0.00410702,0,0,0,0,0,0.0138421,0.00555073,0.112576
55,1,0,-0.636719,0.714844,0,0.5,0.401002,0.582406,0.5,1.42897,0.894725,0.521093,0.753082,0.00342399,0,0,0,0,0,-0.0211663,-0.00848776,0.206235
56,1,0,-0.414062,0.703125,0,0.5,0.401002,0.582406,0.5,1.47358,1.21873,0.709794,0.493798,0.00291757,0,0,0,0,0,-0.0155196,-0.00622339,0.111015
57,1,0,-0.400391,0.388672,0,0.5,0.401002,0.582406,0.5,1.23194,1.0666,0.621196,0.642233,0.00320749,0,0,0,0,0,0.00654045,0.00262274,0.0534579
58,1,0,-0.192383,1.21094,0,0.5,0.401002,0.582406,0.5,1.48004,1.17152,0.682298,0.174826,0.00229458,0,0,0,0,0,0.0153004,0.00613552,0.113858
59,1,0,-1.66406,0.75,0,0.5,0.401002,0.582406,0.5,1.56083,1.19902,0.698316,1.92149,0.00570604,0,0,0,0,0,0.00106872,0.000428558,0.00777041
60,1,0,-0.769531,1.28125,0,0.5,0.401002,0.582406,0.5,1.33496,1.13736,0.662408,0.679844,0.00328095,0,0,0,0,0,0.0163255,0.00654658,0.125134
61,1,0,0.209961,0.769531,0,0.5,0.401002,0.582406,0.5,1.41417,1.05966,0.617153,0.239346,0.0024206,0,0,0,0,0,-0.0184651,-0.00740457,0.151912
62,1,0,1.29688,0.542969,0,0.5,0.401002,0.582406,0.5,1.35497,1.17099,0.681995,1.75999,0.00539061,0,0,0,0,0,-0.0226282,-0.00907395,0.168462
63,1,0,0.228516,0.699219,0,0.5,0.401002,0.582406,0.5,1.32909,1.07169,0.624162,0.273281,0.00248688,0,0,0,0,0,-0.00625209,-0.0025071,0.0508582
64,1,0,-0.261719,0.605469,0,0.5,0.401002,0.582406,0.5,1.38447,0.891255,0.519072,0.336348,0.00261005,0,0,0,0,0,-0.0148548,-0.00595682,0.145302
65,1,0,-0.28125,0.617188,0,0.5,0.401002,0.582406,0.5,1.35448,1.05902,0.616777,0.358001,0.00265235,0,0,0,0,0,-0.0191146,-0.00766502,0.157351
66,1,0,0.0476074,0.527344,0,0.5,0.401002,0.582406,0.5,1.36588,1.20954,0.704444,0.0655583,0.00208117,0,0,0,0,0,0.00308845,0.00123848,0.0222601
67,1,0,-0.0247803,0.722656,0,0.5,0.401002,0.582406,0.5,1.37961,1.08259,0.630507,0.0291501,0.00201006,0,0,0,0,0,0.00404207,0.00162088,0.0325497
68,1,0,0.535156,0.433594,0,0.5,0.401002,0.582406,0.5,1.4429,1.00485,0.58523,0.812717,0.00354046,0,0,0,0,0,-0.000676506,-0.000271281,0.00586919
69,1,0,0.0306396,1.28125,0,0.5,0.401002,0.582406,0.5,1.55628,1.0901,0.63488,0.0270687,0.00200599,0,0,0,0,0,0.00231722,0.000929209,0.0185314
70,1,0,-0.0314941,0.707031,0,0.5,0.401002,0.582406,0.5,1.40881,1.10851,0.645604,0.0374551,0.00202628,0,0,0,0,0,0.00135179,0.000542069,0.010631
71,1,0,0.507812,0.523438,0,0.5,0.401002,0.582406,0.5,1.36369,0.997511,0.580956,0.701893,0.00332401,0,0,0,0,0,0.0118992,0.0047716,0.103994
72,1,0,0.464844,0.59375,0,0.5,0.401002,0.582406,0.5,1.32947,1.07535,0.626288,0.603261,0.00313137,0,0,0,0,0,-0.0287439,-0.0115264,0.233026
73,1,0,-1.08594,0.867188,0,0.5,0.401002,0.582406,0.5,1.49521,1.04617,0.609298,1.16613,0.00423073,0,0,0,0,0,-0.00126668,-0.000507942,0.0105553
74,1,0,1.04688,0.40625,0,0.5,0.401002,0.582406,0.5,1.44727,1.0114,0.589046,1.64247,0.00516108,0,0,0,0,0,0.0167668,0.00672353,0.144522
75,1,0,0.832031,0.667969,0,0.5,0.401002,0.582406,0.5,1.33748,1.21543,0.707874,1.01803,0.00394147,0,0,0,0,0,0.00214727,0.000861062,0.0154015
76,1,0,0.0605469,0.447266,0,0.5,0.401002,0.582406,0.5,1.39503,1.07109,0.623811,0.0905334,0.00212995,0,0,0,0,0,0.0227599,0.00912676,0.185246
77,1,0,0.273438,0.394531,0,0.5,0.401002,0.582406,0.5,1.22423,1.01746,0.592575,0.435329,0.00280338,0,0,0,0,0,-0.00778755,-0.00312283,0.0667253
78,1,0,-0.605469,0.652344,0,0.5,0.401002,0.582406,0.5,1.49902,1.17547,0.684599,0.749641,0.00341727,0,0,0,0,0,0.0343859,0.0137888,0.255021
79,1,0,-0.0869141,0.488281,0,0.5,0.401002,0.582406,0.5,1.42181,1.01987,0.593981,0.124381,0.00219606,0,0,0,0,0,0.00670784,0.00268986,0.0573381
80,1,0,-0.558594,0.707031,0,0.5,0.401002,0.582406,0.5,1.41617,0.701191,0.408378,0.664319,0.00325062,0,0,0,0,0,0.00772777,0.00309886,0.0960782
81,1,0,-0.0688477,0.466797,0,0.5,0.401002,0.582406,0.5,1.42501,1.17059,0.681757,0.100769,0.00214994,0,0,0,0,0,-0.0181102,-0.00726222,0.134873
82,1,0,-0.174805,0.757812,0,0.5,0.401002,0.582406,0.5,1.50107,1.04023,0.605838,0.200804,0.00234532,0,0,0,0,0,-0.0106462,-0.00426916,0.0892219
83,1,0,-0.314453,0.84375,0,0.5,0.401002,0.582406,0.5,1.48862,1.14312,0.66576,0.342333,0.00262174,0,0,0,0,0,0.0199364,0.00799455,0.152041
84,1,0,-0.980469,0.75,0,0.5,0.401002,0.582406,0.5,1.4572,0.921616,0.536755,1.13215,0.00416435,0,0,0,0,0,-0.0114891,-0.00460714,0.108678
85,1,0,0.0196533,0.574219,0,0.5,0.401002,0.582406,0.5,1.40656,1.03678,0.603829,0.0259357,0.00200378,0,0,0,0,0,-0.000599974,-0.000240591,0.00504489
86,1,0,0.714844,0.640625,0,0.5,0.401002,0.582406,0.5,1.46322,1.10689,0.644661,0.893119,0.0036975,0,0,0,0,0,0.00906412,0.00363473,0.0713884
87,1,0,-0.0314941,0.570312,0,0.5,0.401002,0.582406,0.5,1.36593,0.986193,0.574365,0.0417036,0.00203458,0,0,0,0,0,-0.000805403,-0.000322969,0.00711964
88,1,0,-0.112305,0.652344,0,0.5,0.401002,0.582406,0.5,1.4498,1.05499,0.614434,0.139046,0.0022247,0,0,0,0,0,-0.0235435,-0.009441,0.194549
89,1,0,-0.105469,0.578125,0,0.5,0.401002,0.582406,0.5,1.42777,1.08919,0.63435,0.138712,0.00222405,0,0,0,0,0,0.00132239,0.000530283,0.0105844
90,1,0,0.25,0.679688,0,0.5,0.401002,0.582406,0.5,1.42782,1.00743,0.586733,0.303239,0.00254539,0,0,0,0,0,0.0178572,0.00716076,0.154527
91,1,0,0.878906,0.679688,0,0.5,0.401002,0.582406,0.5,1.54965,0.956587,0.557122,1.06608,0.0040353,0,0,0,0,0,-0.00539674,-0.00216411,0.0491829
92,1,0,-0.494141,0.847656,0,0.5,0.401002,0.582406,0.5,1.38151,1.20792,0.703501,0.536711,0.00300139,0,0,0,0,0,0.0268418,0.0107636,0.193722
93,1,0,-0.097168,0.554688,0,0.5,0.401002,0.582406,0.5,1.3472,1.0549,0.614378,0.130466,0.00220794,0,0,0,0,0,0.0356806,0.014308,0.294869
94,1,0,0.243164,0.632812,0,0.5,0.401002,0.582406,0.5,1.48888,1.10066,0.64103,0.305676,0.00255015,0,0,0,0,0,0.0160376,0.00643111,0.127026
95,1,0,0.347656,0.648438,0,0.5,0.401002,0.582406,0.5,1.48163,1.11365,0.648599,0.431734,0.00279635,0,0,0,0,0,-0.00289837,-0.00116225,0.0226887
96,1,0,0.0283203,0.722656,0,0.5,0.401002,0.582406,0.5,1.52441,1.051,0.61211,0.0333144,0.00201819,0,0,0,0,0,0.00395745,0.00158695,0.0328261
97,1,0,0.114746,0.664062,0,0.5,0.401002,0.582406,0.5,1.46337,1.02318,0.595904,0.14081,0.00222814,0,0,0,0,0,0.0106521,0.0042715,0.0907591
98,1,0,0.539062,0.839844,0,0.5,0.401002,0.582406,0.5,1.47184,0.946711,0.55137,0.58822,0.00310199,0,0,0,0,0,-0.0161245,-0.00646597,0.148483
99,1,0,-0.0280762,0.789062,0,0.5,0.401002,0.582406,0.5,1.38094,1.23295,0.718076,0.0316069,0.00201486,0,0,0,0,0,0.0140001,0.00561409,0.0989908
100,1,0,-0.910156,1.07031,0,0.5,0.401002,0.582406,0.5,1.48303,0.98454,0.573402,0.879753,0.00367139,0,0,0,0,0,-0.00155509,-0.000623595,0.0137699
101,1,0,-0.0444336,0.941406,0,0.5,0.401002,0.582406,0.5,1.44476,1.22962,0.716139,0.0457955,0.00204257,0,0,0,0,0,0.0135396,0.00542943,0.0959937
102,1,0,-0.3125,0.65625,0,0.5,0.401002,0.582406,0.5,1.38246,1.02375,0.596237,0.385758,0.00270656,0,0,0,0,0,-0.0059434,-0.00238332,0.0506115
103,1,0,-0.429688,0.460938,0,0.5,0.401002,0.582406,0.5,1.39058,0.908546,0.529143,0.632895,0.00318925,0,0,0,0,0,-0.00548313,-0.00219875,0.0526124
104,1,0,-0.601562,0.519531,0,0.5,0.401002,0.582406,0.5,1.34497,0.997785,0.581116,0.834593,0.00358319,0,0,0,0,0,-0.0154921,-0.00621236,0.135357
105,1,0,0.00294495,0.453125,0,0.5,0.401002,0.582406,0.5,1.41051,1.00121,0.583111,0.0043749,0.00196167,0,0,0,0,0,-0.000102093,-4.09397e-05,0.000888954
106,1,0,0.359375,0.447266,0,0.5,0.401002,0.582406,0.5,1.36714,0.953228,0.555166,0.53736,0.00300266,0,0,0,0,0,0.0114354,0.00458561,0.104583
107,1,0,-0.474609,0.46875,0,0.5,0.401002,0.582406,0.5,1.33476,1.01861,0.593244,0.693211,0.00330705,0,0,0,0,0,-0.0141259,-0.00566453,0.120897
108,1,0,0.142578,1.14062,0,0.5,0.401002,0.582406,0.5,1.51769,1.05933,0.616958,0.1335,0.00221387,0,0,0,0,0,0.0155887,0.00625109,0.128288
109,1,0,-0.511719,0.738281,0,0.5,0.401002,0.582406,0.5,1.31062,1.11138,0.647276,0.595553,0.00311631,0,0,0,0,0,0.00340072,0.0013637,0.0266756
110,1,0,0.335938,0.664062,0,0.5,0.401002,0.582406,0.5,1.39696,1.183,0.688984,0.412244,0.00275829,0,0,0,0,0,-0.00396139,-0.00158853,0.0291925
111,1,0,0.617188,0.496094,0,0.5,0.401002,0.582406,0.5,1.36142,1.18509,0.690204,0.876265,0.00366458,0,0,0,0,0,0.0193343,0.0077531,0.142228
112,1,0,-0.253906,0.808594,0,0.5,0.401002,0.582406,0.5,1.45239,1.1907,0.693473,0.282363,0.00250462,0,0,0,0,0,-0.00502014,-0.00201309,0.0367553
113,1,0,1.20312,0.691406,0,0.5,0.401002,0.582406,0.5,1.53269,1.21828,0.709534,1.44692,0.00477914,0,0,0,0,0,-0.0166635,-0.0066821,0.119241
114,1,0,-0.416016,0.78125,0,0.5,0.401002,0.582406,0.5,1.42567,1.01194,0.589363,0.470668,0.0028724,0,0,0,0,0,-0.0156742,-0.00628539,0.135032
115,1,0,0.617188,0.929688,0,0.5,0.401002,0.582406,0.5,1.44899,1.01702,0.59232,0.640101,0.00320332,0,0,0,0,0,-0.0125867,-0.00504729,0.107892
116,1,0,-0.162109,0.511719,0,0.5,0.401002,0.582406,0.5,1.36427,0.991166,0.577261,0.226617,0.00239574,0,0,0,0,0,-0.00621153,-0.00249084,0.0546335
117,1,0,0.183594,0.867188,0,0.5,0.401002,0.582406,0.5,1.50991,1.1068,0.644609,0.197152,0.00233819,0,0,0,0,0,-0.00715484,-0.00286911,0.0563555
118,1,0,0.223633,0.972656,0,0.5,0.401002,0.582406,0.5,1.32611,1.05723,0.615736,0.226754,0.002396,0,0,0,0,0,-0.00063846,-0.000256024,0.00526468
119,1,0,-0.194336,0.519531,0,0.5,0.401002,0.582406,0.5,1.38055,1.08114,0.629664,0.269617,0.00247972,0,0,0,0,0,0.0241257,0.00967444,0.194537
120,1,0,0.726562,0.605469,0,0.5,0.401002,0.582406,0.5,1.42594,1.17683,0.685394,0.933742,0.00377684,0,0,0,0,0,0.00891264,0.00357399,0.0660236
121,1,0,-0.648438,0.449219,0,0.5,0.401002,0.582406,0.5,1.42302,0.965974,0.56259,0.967474,0.00384272,0,0,0,0,0,0.00166983,0.000669607,0.01507
122,1,0,0.431641,0.515625,0,0.5,0.401002,0.582406,0.5,1.29991,1.12071,0.652707,0.601112,0.00312717,0,0,0,0,0,0.000515022,0.000206525,0.00400627
123,1,0,0.414062,0.789062,0,0.5,0.401002,0.582406,0.5,1.51812,1.08026,0.629149,0.466133,0.00286354,0,0,0,0,0,-0.00973079,-0.00390207,0.0785285
124,1,0,0.498047,0.519531,0,0.5,0.401002,0.582406,0.5,1.36552,1.03224,0.601184,0.690978,0.00330269,0,0,0,0,0,-0.0121597,-0.00487609,0.102695
125,1,0,0.125977,0.808594,0,0.5,0.401002,0.582406,0.5,1.30028,1.03084,0.60037,0.140096,0.00222675,0,0,0,0,0,-0.02433,-0.00975639,0.205758
126,1,0,0.816406,0.699219,0,0.5,0.401002,0.582406,0.5,1.3035,1.1317,0.659108,0.976337,0.00386003,0,0,0,0,0,-0.0129393,-0.00518867,0.0996747
127,1,0,-0.458984,0.855469,0,0.5,0.401002,0.582406,0.5,1.36252,1.17632,0.685096,0.496245,0.00292235,0,0,0,0,0,0.00495168,0.00198563,0.0366973
