engine	model_file	model_id	params	arch_or_cmd
Sloppy	(built-in engine)			sloppy
Stockfish	(built-in engine)			stockfish
DCM Exp2 - full10ply200 + 7x7	trainer.safetensors	20260607-4-2Gd1-12	9511988	v4 . in full10ply200(200) -> stem 128 (7x7) . 5x[7x7+7x7 @128, SE+/4, relu/pre, clean_add, ReZero(0.447·tanh≤0.447), drop*1] . act relu . policy intermediate_conv(4864) . value WDL(16->FC128) . bfloat16 . 9,511,988 params
DCM Exp1 - 467k-step basic30 + 7x7	trainer.safetensors	20260601-11-bzw3-32	8445748	v4 . in basic30(30) -> stem 128 (7x7) . 5x[7x7+7x7 @128, SE+/4, relu/pre, clean_add, ReZero(0.447·tanh≤0.447), drop*1] . act relu . policy intermediate_conv(4864) . value WDL(16->FC128) . bfloat16 . 8,445,748 params
DCM Early 2 - 373k-step 8-block v3 May25-29	trainer.dcmmodel	20260525-1-sMe9-33	2483667	v3 . in basic30(30) -> stem 128 (3x3) . 8x[3x3+3x3 @128, SE/4, relu/post, activation_gated, no-ReZero, drop*1] . act relu . policy simple_conv(4864) . value WDL(1->FC64) . float32 . 2,483,667 params
DCM v5	20260628-v5_5block_7x7_lnout-wd2.5e4-m93-replay-latest.safetensors	20260629-1-Uf4p	8447028	v5 . in basic30(30) -> stem 128 (7x7) . 5x[7x7+7x7 @128, SE+/4, relu/pre, clean_add, ReZero(0.447·tanh≤0.447), out:layer_norm, drop*1] . act relu . policy intermediate_conv(4864) . value WDL(16->FC128) . bfloat16 . 8,447,028 params
DCM - Qeu8e5	20260704-Qeu8e5-replay-step14000.safetensors	20260708-6-sFzi	3929393	v5 . in basic30(30) -> stem 64 (7x7) . 2x[15x15+15x15 @64, SE+/4, relu/pre, clean_add, ReZero(0.5·tanh≤0.5), out:layer_norm, drop*1] . act relu . policy intermediate_conv(4864) . value WDL(16->FC64) . bfloat16 . 3,929,393 params
DCM 20260626-2-q2Bb-manual (latest)	20260626-202904-20260626-2-q2Bb-manual-replay-latest.safetensors	20260626-4-Juoc	8445748	v4 . in basic30(30) -> stem 128 (7x7) . 5x[7x7+7x7 @128, SE+/4, relu/pre, clean_add, ReZero(0.447·tanh≤0.447), drop*1] . act relu . policy intermediate_conv(4864) . value WDL(16->FC128) . bfloat16 . 8,445,748 params
DCM q2Bb-clamp (latest)	20260626-q2Bb-clamp-replay-latest.safetensors	20260627-2-eUsW	8445748	v4 . in basic30(30) -> stem 128 (7x7) . 5x[7x7+7x7 @128, SE+/4, relu/pre, clean_add, ReZero(0.447·tanh≤0.447), drop*1] . act relu . policy intermediate_conv(4864) . value WDL(16->FC128) . bfloat16 . 8,445,748 params
DCM q2Bb-tanh (latest)	20260626-q2Bb-tanh-replay-latest.safetensors	20260627-3-Jbl3	8445748	v4 . in basic30(30) -> stem 128 (7x7) . 5x[7x7+7x7 @128, SE+/4, relu/pre, clean_add, ReZero(0.447·tanh≤0.447), drop*1] . act relu . policy intermediate_conv(4864) . value WDL(16->FC128) . bfloat16 . 8,445,748 params
DCM q2Bb-tanhSqrtN (latest)	20260626-q2Bb-tanhSqrtN-replay-latest.safetensors	20260627-4-Pa83	8445748	v4 . in basic30(30) -> stem 128 (7x7) . 5x[7x7+7x7 @128, SE+/4, relu/pre, clean_add, ReZero(0.447·tanh≤0.447), drop*1] . act relu . policy intermediate_conv(4864) . value WDL(16->FC128) . bfloat16 . 8,445,748 params
DCM freshNet (latest)	20260627-freshNet-replay-latest.safetensors	20260627-5-I78x	8445748	v4 . in basic30(30) -> stem 128 (7x7) . 5x[7x7+7x7 @128, SE+/4, relu/pre, clean_add, ReZero(0.447·tanh≤0.447), drop*1] . act relu . policy intermediate_conv(4864) . value WDL(16->FC128) . bfloat16 . 8,445,748 params
DCM v3_8block_3x3 (latest)	20260627-v3_8block_3x3-replay-latest.safetensors	20260627-7-mUF5	2483667	v3 . in basic30(30) -> stem 128 (3x3) . 8x[3x3+3x3 @128, SE/4, relu/post, activation_gated, no-ReZero, drop*1] . act relu . policy simple_conv(4864) . value WDL(1->FC64) . float32 . 2,483,667 params
DCM v5_5block_7x7_lnout (latest)	20260628-v5_5block_7x7_lnout-replay-latest.safetensors	20260628-2-a5fc	8447028	v5 . in basic30(30) -> stem 128 (7x7) . 5x[7x7+7x7 @128, SE+/4, relu/pre, clean_add, ReZero(0.447·tanh≤0.447), out:layer_norm, drop*1] . act relu . policy intermediate_conv(4864) . value WDL(16->FC128) . bfloat16 . 8,447,028 params
DCM v5_5block_7x7_lnout-wd2.5e4-m93 (latest)	20260628-v5_5block_7x7_lnout-wd2.5e4-m93-replay-latest.safetensors	20260629-1-Uf4p	8447028	v5 . in basic30(30) -> stem 128 (7x7) . 5x[7x7+7x7 @128, SE+/4, relu/pre, clean_add, ReZero(0.447·tanh≤0.447), out:layer_norm, drop*1] . act relu . policy intermediate_conv(4864) . value WDL(16->FC128) . bfloat16 . 8,447,028 params
DCM v5_5block_7x7_lnout-wd5e4 (latest)	20260628-v5_5block_7x7_lnout-wd5e4-replay-latest.safetensors	20260628-9-OdUt	8447028	v5 . in basic30(30) -> stem 128 (7x7) . 5x[7x7+7x7 @128, SE+/4, relu/pre, clean_add, ReZero(0.447·tanh≤0.447), out:layer_norm, drop*1] . act relu . policy intermediate_conv(4864) . value WDL(16->FC128) . bfloat16 . 8,447,028 params
DCM mini1b-Coxw (latest)	20260629-mini1b-Coxw-replay-latest.safetensors	20260629-6-yqMI	1864336	v5 . in basic30(30) -> stem 128 (5x5) . 1x[7x7+7x7 @128, no-SE, relu/pre, clean_add, ReZero(1·tanh≤1), out:layer_norm, drop*1] . act relu . policy intermediate_conv(4864) . value WDL(16->FC128) . bfloat16 . 1,864,336 params
DCM mini2b-3MIV (latest)	20260629-mini2b-3MIV-replay-latest.safetensors	20260629-4-y5u7	2252689	v5 . in basic30(30) -> stem 128 (7x7) . 1x[7x7+7x7 @128, no-SE, relu/pre, clean_add, ReZero(0.5·tanh≤0.5), out:layer_norm, drop*1] -> 1x[3x3+3x3 @128, no-SE, relu/pre, clean_add, ReZero(0.5·tanh≤0.5), out:layer_norm, drop*1] . act relu . policy intermediate_conv(4864) . value WDL(16->FC128) . bfloat16 . 2,252,689 params
DCM mini2b-3MIV-resume (latest)	20260629-mini2b-3MIV-resume-replay-latest.safetensors	20260630-5-BEKK	2252689	v5 . in basic30(30) -> stem 128 (7x7) . 1x[7x7+7x7 @128, no-SE, relu/pre, clean_add, ReZero(0.5·tanh≤0.5), out:layer_norm, drop*1] -> 1x[3x3+3x3 @128, no-SE, relu/pre, clean_add, ReZero(0.5·tanh≤0.5), out:layer_norm, drop*1] . act relu . policy intermediate_conv(4864) . value WDL(16->FC128) . bfloat16 . 2,252,689 params
DCM mini2b-3MIV-resume2 (latest)	20260629-mini2b-3MIV-resume2-replay-latest.safetensors	20260701-2-SvRu	2252689	v5 . in basic30(30) -> stem 128 (7x7) . 1x[7x7+7x7 @128, no-SE, relu/pre, clean_add, ReZero(0.5·tanh≤0.5), out:layer_norm, drop*1] -> 1x[3x3+3x3 @128, no-SE, relu/pre, clean_add, ReZero(0.5·tanh≤0.5), out:layer_norm, drop*1] . act relu . policy intermediate_conv(4864) . value WDL(16->FC128) . bfloat16 . 2,252,689 params
DCM mini2b-3MIV-resume3 (latest)	20260629-mini2b-3MIV-resume3-replay-latest.safetensors	20260705-1-znR7	2252689	v5 . in basic30(30) -> stem 128 (7x7) . 1x[7x7+7x7 @128, no-SE, relu/pre, clean_add, ReZero(0.5·tanh≤0.5), out:layer_norm, drop*1] -> 1x[3x3+3x3 @128, no-SE, relu/pre, clean_add, ReZero(0.5·tanh≤0.5), out:layer_norm, drop*1] . act relu . policy intermediate_conv(4864) . value WDL(16->FC128) . bfloat16 . 2,252,689 params
DCM T97X (latest)	20260630-T97X-replay-latest.safetensors	20260630-4-ASdQ	1696959	v5 . in basic30(30) -> stem 64 (7x7) . 2x[9x9+9x9 @64, SE+/4, gelu/pre, clean_add, no-ReZero, out:layer_norm, drop*1] . act gelu . policy intermediate_conv(4864) . value WDL(64->FC64) . bfloat16 . 1,696,959 params
DCM mini-YkKk (latest)	20260630-mini-YkKk-replay-latest.safetensors	20260630-2-6y0s	242609	v5 . in basic30(30) -> stem 64 (3x3) . 2x[3x3+3x3 @64, SE/4, relu/pre, clean_add, ReZero(0.707·tanh≤0.707), out:layer_norm, drop*1] . act relu . policy simple_conv(4864) . value WDL(16->FC64) . bfloat16 . 242,609 params
DCM mini-YkKk-resume (latest)	20260630-mini-YkKk-resume-replay-latest.safetensors	20260701-1-0Iwe	242609	v5 . in basic30(30) -> stem 64 (3x3) . 2x[3x3+3x3 @64, SE/4, relu/pre, clean_add, ReZero(0.707·tanh≤0.707), out:layer_norm, drop*1] . act relu . policy simple_conv(4864) . value WDL(16->FC64) . bfloat16 . 242,609 params
DCM nT8Y-fatconv (latest)	20260701-nT8Y-fatconv-replay-latest.safetensors	20260701-4-CIvL	1533930	v5 . in basic30(30) -> stem 32 (5x5) . 3x[15x15+15x15 @32, SE+/4, relu/pre, clean_add, ReZero(0.333·tanh≤0.333), out:layer_norm, drop*1] . act relu . policy intermediate_conv(4864) . value WDL(16->FC64) . bfloat16 . 1,533,930 params
DCM nT8Y-fatconv-resume (latest)	20260701-nT8Y-fatconv-resume-replay-latest.safetensors	20260701-5-bOYQ	1533930	v5 . in basic30(30) -> stem 32 (5x5) . 3x[15x15+15x15 @32, SE+/4, relu/pre, clean_add, ReZero(0.333·tanh≤0.333), out:layer_norm, drop*1] . act relu . policy intermediate_conv(4864) . value WDL(16->FC64) . bfloat16 . 1,533,930 params
DCM nT8Y-resume2 (latest)	20260701-nT8Y-resume2-replay-latest.safetensors	20260706-2-3CZF	1533930	v5 . in basic30(30) -> stem 32 (5x5) . 3x[15x15+15x15 @32, SE+/4, relu/pre, clean_add, ReZero(0.333·tanh≤0.333), out:layer_norm, drop*1] . act relu . policy intermediate_conv(4864) . value WDL(16->FC64) . bfloat16 . 1,533,930 params
DCM nT8Y-resume3 (latest)	20260701-nT8Y-resume3-replay-latest.safetensors	20260707-1-cslu	1533930	v5 . in basic30(30) -> stem 32 (5x5) . 3x[15x15+15x15 @32, SE+/4, relu/pre, clean_add, ReZero(0.333·tanh≤0.333), out:layer_norm, drop*1] . act relu . policy intermediate_conv(4864) . value WDL(16->FC64) . bfloat16 . 1,533,930 params
DCM nT8Y-resume4 (latest)	20260701-nT8Y-resume4-replay-latest.safetensors	20260708-4-kEiZ	1533930	v5 . in basic30(30) -> stem 32 (5x5) . 3x[15x15+15x15 @32, SE+/4, relu/pre, clean_add, ReZero(0.333·tanh≤0.333), out:layer_norm, drop*1] . act relu . policy intermediate_conv(4864) . value WDL(16->FC64) . bfloat16 . 1,533,930 params
DCM uni16-9x9stem (latest)	20260701-uni16-9x9stem-replay-latest.safetensors	20260702-1-CPZm	500434	v5 . in basic30(30) -> stem 16 (9x9) . 3x[15x15+15x15 @16, no-SE, relu/pre, clean_add, ReZero(0.333·tanh≤0.333), out:layer_norm, drop*1] . act relu . policy intermediate_conv(4864) . value WDL(16->FC64) . bfloat16 . 500,434 params
DCM 9blk16se-9x9stem (latest)	20260702-9blk16se-9x9stem-replay-latest.safetensors	20260702-4-DEQi	1194652	v5 . in basic30(30) -> stem 16 (9x9) . 9x[15x15+15x15 @16, SE+/4, relu/pre, clean_add, ReZero(0.333·tanh≤0.333), out:layer_norm, drop*1] . act relu . policy intermediate_conv(4864) . value WDL(16->FC64) . bfloat16 . 1,194,652 params
DCM Qeu8 (latest)	20260702-Qeu8-replay-latest.safetensors	20260703-1-Lnji	3929393	v5 . in basic30(30) -> stem 64 (7x7) . 2x[15x15+15x15 @64, SE+/4, relu/pre, clean_add, ReZero(0.5·tanh≤0.5), out:layer_norm, drop*1] . act relu . policy intermediate_conv(4864) . value WDL(16->FC64) . bfloat16 . 3,929,393 params
DCM Qeu8-resume2 (latest)	20260702-Qeu8-resume2-replay-latest.safetensors	20260706-1-PVZp	3929393	v5 . in basic30(30) -> stem 64 (7x7) . 2x[15x15+15x15 @64, SE+/4, relu/pre, clean_add, ReZero(0.5·tanh≤0.5), out:layer_norm, drop*1] . act relu . policy intermediate_conv(4864) . value WDL(16->FC64) . bfloat16 . 3,929,393 params
DCM Qeu8e (latest)	20260704-Qeu8e-replay-latest.safetensors	20260704-1-X79T	3929393	v5 . in basic30(30) -> stem 64 (7x7) . 2x[15x15+15x15 @64, SE+/4, relu/pre, clean_add, ReZero(0.5·tanh≤0.5), out:layer_norm, drop*1] . act relu . policy intermediate_conv(4864) . value WDL(16->FC64) . bfloat16 . 3,929,393 params
DCM Qeu8e2 (latest)	20260704-Qeu8e2-replay-latest.safetensors	20260704-2-jSjr	3929393	v5 . in basic30(30) -> stem 64 (7x7) . 2x[15x15+15x15 @64, SE+/4, relu/pre, clean_add, ReZero(0.5·tanh≤0.5), out:layer_norm, drop*1] . act relu . policy intermediate_conv(4864) . value WDL(16->FC64) . bfloat16 . 3,929,393 params
DCM Qeu8e3 (latest)	20260704-Qeu8e3-replay-latest.safetensors	20260704-3-h7Pp	3929393	v5 . in basic30(30) -> stem 64 (7x7) . 2x[15x15+15x15 @64, SE+/4, relu/pre, clean_add, ReZero(0.5·tanh≤0.5), out:layer_norm, drop*1] . act relu . policy intermediate_conv(4864) . value WDL(16->FC64) . bfloat16 . 3,929,393 params
DCM Qeu8e4 (latest)	20260704-Qeu8e4-replay-latest.safetensors	20260708-5-0YQL	3929393	v5 . in basic30(30) -> stem 64 (7x7) . 2x[15x15+15x15 @64, SE+/4, relu/pre, clean_add, ReZero(0.5·tanh≤0.5), out:layer_norm, drop*1] . act relu . policy intermediate_conv(4864) . value WDL(16->FC64) . bfloat16 . 3,929,393 params
DCM Qeu8e5 (latest)	20260704-Qeu8e5-replay-latest.safetensors	20260708-6-sFzi	3929393	v5 . in basic30(30) -> stem 64 (7x7) . 2x[15x15+15x15 @64, SE+/4, relu/pre, clean_add, ReZero(0.5·tanh≤0.5), out:layer_norm, drop*1] . act relu . policy intermediate_conv(4864) . value WDL(16->FC64) . bfloat16 . 3,929,393 params
