k,gamma,beta,running_mean,running_var,on_ratio,p_on,act_mean,act_std,act_second,pre_row_norm,final_col_norm,effective_contribution,mean_over_std,bn_input_rounding_noise,dead,mostly_off,flat,always_on,negative_gamma,mean_row_component,shared_contribution,column_shared_fraction,pre_row_rel_change,pre_row_cos_ref,pre_row_norm_ratio_ref,gamma_delta,beta_delta,final_col_rel_change
0,2.73438,2.84375,0.384766,2.20312,1.04,0.85083,3.05787,2.38692,15.048,0.757103,3.28359,7.83768,0.259225,0.00245942,0,0,0,0,0,-0.343092,-1.04913,0.910896,0.975841,0.327183,0.570728,1.73438,2.84375,2.91076
1,1.75,-0.382812,-0.390625,0.204102,-0.21875,0.413422,0.520862,0.891707,1.06644,0.906473,1.40737,1.25496,0.864643,0.00364188,0,0,0,0,0,-0.01262,-0.0065733,0.0781732,0.947082,0.397091,0.630858,0.75,-0.382812,1.38124
2,1.71875,1.90625,0.15918,2.79688,1.10909,0.866305,2.02358,1.52288,6.41404,1.14307,2.31749,3.52927,0.0951812,0.00213903,0,0,0,0,0,-0.204403,-0.413626,0.768911,1.06356,0.333655,0.826092,0.71875,1.90625,2.48113
3,2.40625,3.57812,-13.4375,402,1.48701,0.931494,3.65156,2.26337,18.4567,2.15815,8.63841,19.552,0.670202,0.00326211,0,0,0,0,0,-0.980417,-3.58005,0.989427,1.50928,0.335302,1.51443,1.40625,3.57812,7.19782
4,2.28125,1.45312,-3.1875,17,0.636986,0.737933,1.81733,1.78169,6.47709,1.79795,5.05098,8.99925,0.773082,0.00346305,0,0,0,0,0,-0.524602,-0.953375,0.905443,1.21792,0.490167,1.34081,1.28125,1.45312,4.3942
5,2.5,3.875,0.402344,5.5,1.55,0.939429,3.9388,2.37202,21.1406,1.14879,3.76464,8.92981,0.17156,0.0022882,0,0,0,0,0,-0.405317,-1.59646,0.938594,1.06394,0.308777,0.785559,1.5,3.875,3.81182
6,1.96094,1.71094,-4.8125,41.5,0.87251,0.808535,1.91284,1.65283,6.3908,1.6754,5.02665,8.30818,0.747045,0.0034122,0,0,0,0,0,-0.551486,-1.05491,0.956451,1.10568,0.490034,1.17022,0.960938,1.71094,4.44687
7,0.898438,-0.746094,0.298828,0.613281,-0.830435,0.203147,0.101604,0.277773,0.0874812,1.19405,1.4843,0.412297,0.381585,0.00269841,0,0,0,0,0,-0.0907452,-0.0092201,0.532979,1.03682,0.343654,0.783074,-0.101562,-0.746094,1.58503
8,2.5,4.75,-18.25,708,1.9,0.971283,4.77689,2.43842,28.7646,2.65196,10.6701,26.0183,0.685877,0.00329273,0,0,0,0,0,-1.21356,-5.79703,0.991511,1.85967,0.284306,1.87779,1.5,4.75,9.58775
9,6.15625,8.4375,0.180664,1.10156,1.37056,0.914744,8.68229,5.70145,107.889,0.41494,6.21807,35.452,0.172134,0.00228932,0,0,0,0,0,-0.689505,-5.98648,0.966693,1.01284,0.113783,0.310731,5.15625,8.4375,5.007
10,1.63281,1.42969,-1.8125,1.71094,0.875598,0.809376,1.59659,1.37766,4.44707,0.801164,1.44912,1.99641,1.38567,0.00465952,0,0,0,0,0,-0.143963,-0.229851,0.866071,1.03962,0.241014,0.613698,0.632812,1.42969,1.45014
11,1.1875,-0.298828,-0.392578,0.490234,-0.251645,0.400658,0.339285,0.590659,0.463992,1.01983,1.59451,0.941814,0.560692,0.00304823,0,0,0,0,0,-0.101067,-0.0342904,0.552569,0.829229,0.565767,0.653586,0.1875,-0.298828,1.82416
12,2.67188,5.53125,-22.625,1312,2.07018,0.980782,5.55047,2.62533,37.7,3.17384,11.9561,31.3888,0.624628,0.0031731,0,0,0,0,0,-1.36595,-7.58168,0.995983,2.41603,0.188831,2.39628,1.67188,5.53125,9.96845
13,2.15625,0.667969,-0.212891,1.32031,0.309783,0.621637,1.2386,1.47662,3.71454,1.15145,3.00479,4.43693,0.185276,0.00231499,0,0,0,0,0,-0.216169,-0.267748,0.62717,1.12401,0.259542,0.834657,1.15625,0.667969,2.591
14,2.21875,2.25,-9.6875,162,1.01408,0.844729,2.43211,1.92619,9.62533,1.81462,6.33762,12.2074,0.761122,0.00343969,0,0,0,0,0,-0.711786,-1.73114,0.979106,1.16607,0.454826,1.20754,1.21875,2.25,6.82201
15,2.73438,4.1875,-17.875,692,1.53143,0.937168,4.26131,2.58773,24.8551,2.54968,10.1241,26.1986,0.679506,0.00328028,0,0,0,0,0,-1.15229,-4.91027,0.992228,1.79498,0.177633,1.6788,1.73438,4.1875,9.56529
16,3.28125,1.96094,-0.390625,0.511719,0.597619,0.724953,2.51589,2.53139,12.7376,0.941903,3.17052,8.02583,0.546065,0.00301966,0,0,0,0,0,-0.223377,-0.561991,0.614207,1.04299,0.265705,0.663739,2.28125,1.96094,3.32106
17,2.1875,2.09375,-7.03125,57.75,0.957143,0.830752,2.2914,1.87657,8.77201,1.88771,5.91797,11.1055,0.925245,0.00376024,0,0,0,0,0,-0.655839,-1.50279,0.96612,1.41146,0.376931,1.44196,1.1875,2.09375,5.73377
18,1.01562,-0.21875,-2.125,2.82812,-0.215385,0.414734,0.303525,0.518782,0.361263,1.04501,0.848209,0.440036,1.2636,0.00442109,0,0,0,0,0,-0.0639359,-0.0194062,0.657126,1.17117,0.140868,0.766553,0.015625,-0.21875,1.02309
19,1.78125,0.558594,-1.83594,12.5,0.313596,0.623086,1.02753,1.22188,2.54881,1.47482,3.62026,4.42353,0.519282,0.00296735,0,0,0,0,0,-0.376829,-0.387202,0.907427,1.12922,0.448892,1.13928,0.78125,0.558594,2.9797
20,2.96875,4.09375,-0.118164,1.84375,1.37895,0.916045,4.20982,2.75245,25.2985,1.32658,4.49047,12.3598,0.0870231,0.00212309,0,0,0,0,0,-0.377446,-1.58898,0.732774,1.28499,0.0845911,0.895987,1.96875,4.09375,4.42326
21,1.32031,0.0952148,-0.832031,1.24219,0.0721154,0.528745,0.577056,0.80248,0.976968,1.20717,1.76673,1.41776,0.746528,0.00341119,0,0,0,0,0,-0.133086,-0.0767978,0.656702,0.978902,0.424367,0.796303,0.320312,0.0952148,1.63962
22,1.21094,0.412109,-0.253906,0.308594,0.340323,0.633193,0.719172,0.840615,1.22384,0.952273,1.39993,1.1768,0.457067,0.00284583,0,0,0,0,0,-0.121213,-0.0871732,0.754833,1.09447,0.138071,0.60383,0.210938,0.412109,1.58156
23,1.63281,4.40625,-11.8125,370,2.69856,0.996518,4.40794,1.62775,22.0795,1.87438,8.96564,14.5938,0.614103,0.00315254,0,0,0,0,0,-1.02359,-4.51193,0.995296,1.79223,0.0843198,1.57401,0.632812,4.40625,7.40067
24,1.53125,-0.220703,-0.722656,0.359375,-0.144133,0.442698,0.503683,0.819745,0.925679,1.07526,1.73034,1.41844,1.20547,0.00430757,0,0,0,0,0,-0.0863634,-0.0434998,0.435115,0.940665,0.437987,0.714905,0.53125,-0.220703,1.49994
25,2.25,2.09375,0.470703,3.60938,0.930556,0.823958,2.30574,1.91965,9.00151,1.14035,2.42691,4.65882,0.24776,0.00243703,0,0,0,0,0,-0.245564,-0.566207,0.882099,1.09941,0.309893,0.861915,1.25,2.09375,2.21626
26,1.83594,2.67188,-8.3125,129,1.45532,0.92721,2.73252,1.71953,10.4235,1.48373,6.45678,11.1026,0.731875,0.00338257,0,0,0,0,0,-0.73034,-1.99567,0.986089,1.14282,0.373856,1.04154,0.835938,2.67188,6.22664
27,2.10938,2.03125,-6.40625,74.5,0.962963,0.832217,2.22006,1.81173,8.21101,1.86906,5.96749,10.8115,0.742208,0.00340275,0,0,0,0,0,-0.659,-1.46302,0.962721,1.40036,0.364197,1.40998,1.10938,2.03125,5.96684
28,1.78906,7.78125,6.34375,240,4.34934,0.999993,7.78125,1.78905,63.7486,2.1671,9.43784,16.8848,0.409487,0.0027529,0,0,0,1,0,-1.07622,-8.37437,0.994115,1.73466,0.131151,1.55462,0.789062,7.78125,8.69461
29,3.54688,6.375,1.45312,42,1.79736,0.963861,6.42734,3.43232,53.0915,2.18344,5.89182,20.2226,0.224222,0.00239106,0,0,0,0,0,-0.666298,-4.28253,0.985885,1.82159,0.082712,1.60751,2.54688,6.375,5.12165
30,0.976562,0.0088501,-0.867188,1.79688,0.0090625,0.503615,0.396029,0.571812,0.483808,1.32797,2.38229,1.36222,0.646925,0.00321665,0,0,0,0,0,-0.242527,-0.0960478,0.887509,1.08367,0.374042,0.934629,-0.0234375,0.0088501,2.13168
31,3.51562,5.75,-0.326172,2.21875,1.63556,0.949034,5.82405,3.3621,45.2233,0.938841,4.70241,15.81,0.218974,0.00238081,0,0,0,0,0,-0.52259,-3.04359,0.96883,1.16247,0.0808303,0.679045,2.51562,5.75,3.90048
32,1.21875,-0.617188,1.63281,0.644531,-0.50641,0.306284,0.235681,0.501888,0.307437,1.02437,1.3347,0.669871,2.03383,0.00592545,0,0,0,0,0,-0.0621639,-0.0146508,0.406033,0.985369,0.366924,0.691863,0.21875,-0.617188,1.17115
33,1.10156,-0.310547,1.3125,1.19531,-0.281915,0.389004,0.302646,0.535802,0.378679,1.08362,1.84357,0.987791,1.20049,0.00429783,0,0,0,0,0,-0.140976,-0.0426657,0.666638,1.0624,0.310466,0.784901,0.101562,-0.310547,1.79864
34,1.32812,8.875,-29.5,2928,6.68235,1,8.875,1.32812,80.5295,4.5918,15.6527,20.7888,0.545176,0.00301792,0,0,0,1,0,-1.79194,-15.9035,0.998024,3.20209,0.152763,3.19854,0.328125,8.875,15.5292
35,1.05469,-0.235352,0.133789,0.492188,-0.223148,0.41171,0.312231,0.535687,0.384449,1.01314,1.75435,0.939783,0.190702,0.00232559,0,0,0,0,0,-0.126658,-0.0395467,0.629396,0.947433,0.413219,0.674711,0.0546875,-0.235352,1.74868
36,1.34375,-0.40625,-1.34375,2.96875,-0.302326,0.381202,0.359245,0.643785,0.543516,1.19665,1.55815,1.00311,0.779887,0.00347634,0,0,0,0,0,-0.1061,-0.0381159,0.593626,0.990199,0.471521,0.921883,0.34375,-0.40625,1.45269
37,2.48438,3.25,-13.9375,396,1.30818,0.904593,3.36109,2.28241,16.5063,2.12885,8.31034,18.9676,0.700386,0.00332107,0,0,0,0,0,-0.941483,-3.16441,0.987645,1.6295,0.230038,1.53701,1.48438,3.25,6.28873
38,1.39062,0.194336,-2.28125,6.15625,0.139747,0.55557,0.654812,0.879639,1.20254,1.37406,2.59015,2.2784,0.919422,0.00374887,0,0,0,0,0,-0.258456,-0.16924,0.869897,1.18528,0.279399,0.974346,0.390625,0.194336,2.26039
39,1.99219,0.816406,-4.1875,18.875,0.409804,0.659025,1.27141,1.42677,3.65216,1.6155,3.90841,5.57641,0.963854,0.00383565,0,0,0,0,0,-0.413248,-0.525406,0.92176,1.04674,0.447473,0.991446,0.992188,0.816406,3.47898
40,2.01562,5.6875,-0.0164795,37.75,2.82171,0.997612,5.689,2.01098,36.4088,2.85811,8.75828,17.6128,0.00268216,0.00195836,0,0,0,0,0,-0.995734,-5.66473,0.991132,2.07605,0.115687,1.9387,1.01562,5.6875,8.5083
41,1.89844,1.03125,-3.64062,18.375,0.54321,0.706507,1.37719,1.44034,3.97124,1.59936,3.98334,5.73739,0.849302,0.00361192,0,0,0,0,0,-0.423382,-0.583076,0.926597,1.13123,0.434844,1.11952,0.898438,1.03125,4.15981
42,1.89062,6.53125,-26,1936,3.45455,0.999724,6.53138,1.89013,46.2316,3.7462,12.5207,23.6658,0.590909,0.00310724,0,0,0,1,0,-1.43287,-9.35865,0.997668,2.41408,0.19101,2.39652,0.890625,6.53125,10.5498
43,4.46875,6.03125,0.142578,0.933594,1.34965,0.911436,6.21635,4.12739,55.6784,0.309717,4.45295,18.3791,0.147562,0.00224133,0,0,0,0,0,-0.494218,-3.07223,0.967558,1.01365,0.0358047,0.205433,3.46875,6.03125,4.16618
44,1.66406,0.953125,-3.98438,23.375,0.57277,0.7166,1.24452,1.27397,3.17181,1.47062,3.87423,4.93564,0.824109,0.00356271,0,0,0,0,0,-0.421387,-0.524422,0.948206,1.09369,0.407691,1.00967,0.664062,0.953125,3.67231
45,1.3125,-0.101562,0.25,0.4375,-0.077381,0.46916,0.475534,0.730373,0.759578,1.06637,1.79982,1.31454,0.377964,0.00269134,0,0,0,0,0,-0.0932103,-0.0443247,0.451482,1.06168,0.26571,0.710416,0.3125,-0.101562,1.52177
46,4.8125,6.5,0.182617,0.902344,1.35065,0.911596,6.69896,4.44545,64.6381,0.321292,4.79917,21.3345,0.192245,0.0023286,0,0,0,0,0,-0.533948,-3.5769,0.96993,0.985127,0.175385,0.210523,3.8125,6.5,4.62822
47,1.71875,2.57812,-7,11.125,1.5,0.933193,2.62881,1.61956,9.53361,1.8165,5.05333,8.18419,2.09869,0.00605213,0,0,0,0,0,-0.545783,-1.43476,0.941562,1.1574,0.415827,1.13171,0.71875,2.57812,5.05088
48,1.96094,0.886719,-2.8125,25.125,0.452191,0.674434,1.30446,1.43154,3.75092,1.624,4.30164,6.15798,0.561099,0.00304902,0,0,0,0,0,-0.458045,-0.597499,0.928284,1.08572,0.51656,1.18412,0.960938,0.886719,3.95625
49,1.91406,0.9375,-3.75,17.625,0.489796,0.687861,1.31916,1.42132,3.76034,1.58584,4.27007,6.06912,0.893237,0.00369773,0,0,0,0,0,-0.453514,-0.59826,0.925896,1.18164,0.411898,1.16419,0.914062,0.9375,3.75333
50,1.54688,2.21875,-3.64062,8.8125,1.43434,0.924263,2.27242,1.44472,7.25114,1.69886,3.84718,5.55811,1.22638,0.00434841,0,0,0,0,0,-0.409989,-0.93167,0.929044,1.23729,0.402789,1.23534,0.546875,2.21875,3.72771
51,1.34375,0.210938,-0.890625,0.871094,0.156977,0.562368,0.644316,0.85864,1.15241,1.10669,2.25452,1.93582,0.954251,0.0038169,0,0,0,0,0,-0.183207,-0.118043,0.708425,1.00831,0.368613,0.759197,0.34375,0.210938,1.69727
52,1.15625,-0.048584,0.261719,0.871094,-0.0420186,0.483242,0.439367,0.656918,0.624584,0.98889,1.80551,1.18607,0.280416,0.00250081,0,0,0,0,0,-0.141978,-0.0623805,0.685533,0.932193,0.429868,0.661752,0.15625,-0.048584,1.72007
53,1.47656,-0.21582,-0.527344,2.09375,-0.146164,0.441896,0.484195,0.789548,0.857831,1.20386,0.956964,0.755569,0.364444,0.00266493,0,0,0,0,0,-0.0602762,-0.0291854,0.549108,1.15248,0.254931,0.881994,0.476562,-0.21582,1.18193
54,2.07812,1.60156,-6.8125,59.75,0.770677,0.779551,1.86647,1.69404,6.35348,1.71403,5.17179,8.76123,0.881328,0.00367447,0,0,0,0,0,-0.56737,-1.05898,0.956384,1.16618,0.398512,1.11878,1.07812,1.60156,4.72401
55,1.89844,1.04688,-5.0625,24.125,0.55144,0.709334,1.38905,1.44395,4.01446,1.70351,4.08825,5.90323,1.0307,0.00396621,0,0,0,0,0,-0.43968,-0.610738,0.937575,1.25221,0.424045,1.28882,0.898438,1.04688,3.47662
56,1.05469,-0.867188,0.458984,0.451172,-0.822222,0.205475,0.121359,0.328499,0.12264,0.936141,1.23091,0.404352,0.683324,0.00328774,0,0,0,0,0,-0.0364605,-0.00442482,0.258228,0.953089,0.404881,0.673782,0.0546875,-0.867188,1.32085
57,2.09375,1.49219,-6.34375,37.25,0.712687,0.76198,1.78831,1.67508,6.00393,1.67921,5.03766,8.43846,1.0394,0.0039832,0,0,0,0,0,-0.548751,-0.981336,0.949628,1.22338,0.408943,1.22374,1.09375,1.49219,4.29668
58,3.0625,4.90625,0.867188,1.21875,1.60204,0.945427,4.97476,2.92189,33.2857,1.21233,5.75413,16.8129,0.785517,0.00348734,0,0,0,0,0,-0.600193,-2.98581,0.909322,1.17472,0.200249,0.848374,2.0625,4.90625,4.89084
59,3.82812,6.875,-0.707031,5.71875,1.79592,0.963746,6.93171,3.70408,61.7688,1.25387,6.45277,23.9016,0.295657,0.00253058,0,0,0,0,0,-0.692238,-4.79839,0.935226,1.14339,0.234248,0.836099,2.82812,6.875,6.23052
60,1.84375,2.53125,1,2.8125,1.37288,0.915105,2.60422,1.70806,9.69944,1.0068,2.23485,3.81726,0.596285,0.00311774,0,0,0,0,0,-0.23826,-0.620482,0.929413,1.07494,0.21521,0.664439,0.84375,2.53125,2.08399
61,2.0625,6,-21.75,1264,2.90909,0.998188,6.00111,2.05897,40.2527,3.08244,11.9714,24.6486,0.611767,0.00314798,0,0,0,0,0,-1.36703,-8.20372,0.995501,2.77367,-0.0490756,2.53852,1.0625,6,11.9616
62,1.39062,7.21875,-25,1944,5.19101,1,7.21875,1.39062,54.0442,3.79189,13.0247,18.1125,0.567012,0.00306057,0,0,0,1,0,-1.48993,-10.7554,0.997248,3.05041,0.00652233,2.88837,0.390625,7.21875,10.6676
63,1.64844,-0.182617,-0.539062,5.53125,-0.110782,0.455895,0.569719,0.899632,1.13392,1.239,2.54829,2.29252,0.229207,0.00240079,0,0,0,0,0,-0.221888,-0.126414,0.75909,1.01331,0.381501,0.796638,0.648438,-0.182617,2.66148
64,2.51562,3.23438,-9.5625,52.5,1.28571,0.900729,3.35134,2.30456,16.5425,2.29803,6.99556,16.1217,1.31975,0.00453076,0,0,0,0,0,-0.777382,-2.60528,0.968767,1.50872,0.334247,1.51237,1.51562,3.23438,7.19087
65,0.84375,2.75,-2.70312,2.48438,3.25926,0.999441,2.75013,0.843293,8.27436,1.733,4.93128,4.15852,1.71497,0.00530268,0,0,0,1,0,-0.532217,-1.46367,0.940883,1.31915,0.328817,1.24984,-0.15625,2.75,5.04933
66,1.90625,2.3125,-10.25,32.25,1.21311,0.887457,2.4138,1.72831,8.81349,1.97537,5.09815,8.81119,1.80492,0.00547837,0,0,0,0,0,-0.578048,-1.39529,0.988458,1.64885,0.248508,1.58285,0.90625,2.3125,4.96336
67,1.30469,-0.0568848,-0.542969,1.42188,-0.0436003,0.482612,0.49474,0.740562,0.7932,1.31947,2.41466,1.78821,0.455349,0.00284248,0,0,0,0,0,-0.194795,-0.096373,0.703281,1.07167,0.381936,0.924473,0.304688,-0.0568848,2.4789
68,2.90625,3.98438,0.103027,2.6875,1.37097,0.914807,4.09984,2.69169,24.0539,1.4272,4.55403,12.2581,0.0628461,0.00207587,0,0,0,0,0,-0.401374,-1.64557,0.768351,1.20137,0.294827,1.02298,1.90625,3.98438,3.52709
69,1.55469,1.66406,-2.14062,2.85938,1.07035,0.857769,1.77895,1.366,5.0306,1.3595,3.3073,4.51776,1.26592,0.00442562,0,0,0,0,0,-0.329665,-0.586457,0.868974,1.08461,0.364397,0.920422,0.554688,1.66406,3.17224
70,3.32812,2.70312,0.148438,1.21094,0.812207,0.791663,3.0941,2.75006,17.1363,1.30621,3.82251,10.5121,0.134891,0.00221658,0,0,0,0,0,-0.251399,-0.777855,0.573353,1.08829,0.34225,0.891347,2.32812,2.70312,4.36959
71,0.71875,-0.773438,1.875,0.498047,-1.07609,0.140944,0.0525133,0.17336,0.0328112,0.99976,1.11458,0.193224,2.65684,0.00714227,0,0,0,0,0,-0.0599384,-0.00314756,0.468813,1.06579,0.281222,0.744898,-0.28125,-0.773438,1.09379
72,4.59375,3.70312,0.351562,0.349609,0.806122,0.789914,4.24951,3.7883,32.4096,0.833852,4.00671,15.1786,0.594581,0.00311442,0,0,0,0,0,-0.389599,-1.65561,0.847689,1.08849,0.104037,0.54635,3.59375,3.70312,3.9462
73,1.03906,-0.245117,0.800781,1.21875,-0.235902,0.406754,0.302803,0.522842,0.365053,1.32768,2.40996,1.26003,0.725365,0.00336985,0,0,0,0,0,-0.213048,-0.0645114,0.770679,1.08708,0.409975,1.00144,0.0390625,-0.245117,1.97876
74,1.3125,0.671875,-1.46094,1.16406,0.511905,0.695641,0.923071,0.984428,1.82116,1.2141,2.64267,2.60152,1.35408,0.00459781,0,0,0,0,0,-0.235711,-0.217578,0.777577,0.957907,0.485075,0.876078,0.3125,0.671875,2.13864
75,1.5,0.304688,-0.000199318,7.78125,0.203125,0.580481,0.759635,0.980386,1.5382,1.49902,2.83732,2.78167,7.14532e-05,0.00195326,0,0,0,0,0,-0.280691,-0.213223,0.862435,1.06864,0.362352,0.885129,0.5,0.304688,2.67416
76,3.95312,4.6875,-1.63281,14.9375,1.18577,0.882144,4.91329,3.56231,36.8304,1.26593,3.62835,12.9253,0.422471,0.00277826,0,0,0,0,0,-0.39398,-1.93574,0.946612,1.22101,0.281049,1.03594,2.95312,4.6875,3.12997
77,0.886719,-1.01562,1.61719,0.367188,-1.14537,0.126027,0.0558535,0.198513,0.0425269,0.90004,1.20849,0.239901,2.6688,0.00716563,0,0,0,0,0,-0.0386049,-0.00215622,0.278487,0.901937,0.468061,0.648535,-0.113281,-1.01562,1.15559
78,4.125,7.15625,2.98438,8.75,1.73485,0.958616,7.22717,3.97322,68.0185,1.72579,6.88645,27.3613,1.0089,0.00392364,0,0,0,0,0,-0.740421,-5.35115,0.937325,1.54381,0.0650351,1.243,3.125,7.15625,6.3421
79,1,-0.53125,0.277344,0.330078,-0.53125,0.297623,0.185101,0.40414,0.197592,0.937618,1.25331,0.506513,0.482736,0.00289597,0,0,0,0,0,-0.0634966,-0.0117533,0.441671,1.02238,0.286605,0.643545,0,-0.53125,1.32289
80,2.09375,2.34375,-8.3125,102.5,1.1194,0.868516,2.48354,1.85933,9.62507,1.74918,6.18338,11.4969,0.82105,0.00355674,0,0,0,0,0,-0.691072,-1.7163,0.974326,1.18986,0.447293,1.23205,1.09375,2.34375,5.48451
81,1.96094,1.99219,-6.90625,91,1.01594,0.84517,2.15261,1.70304,7.53404,1.57605,5.56201,9.47229,0.723972,0.00336713,0,0,0,0,0,-0.619931,-1.33447,0.97167,1.27605,0.31984,1.1746,0.960938,1.99219,4.8404
82,3.32812,2.21875,0.225586,0.439453,0.666667,0.747507,2.72631,2.62379,14.317,0.851837,2.85649,7.49482,0.340295,0.00261776,0,0,0,0,0,-0.213574,-0.582271,0.651813,1.01556,0.288311,0.626663,2.32812,2.21875,2.58036
83,2.42188,2.20312,-1.32031,0.726562,0.909677,0.818504,2.43866,2.05752,10.1805,0.734528,2.13293,4.38853,1.54896,0.00497844,0,0,0,0,0,-0.225657,-0.550301,0.922316,1.00062,0.253819,0.510053,1.42188,2.20312,2.14144
84,2.78125,0.796875,-0.84375,0.53125,0.286517,0.612759,1.55636,1.8851,5.97589,1.2321,2.88786,5.44392,1.15762,0.00421409,0,0,0,0,0,-0.178357,-0.277589,0.53842,1.1342,0.253201,0.845252,1.78125,0.796875,2.66052
85,2.64062,2.9375,-0.828125,3.28125,1.11243,0.867022,3.11648,2.34141,15.1946,1.22076,4.05652,9.49797,0.457168,0.00284603,0,0,0,0,0,-0.361633,-1.12702,0.777179,1.21297,0.125078,0.822892,1.64062,2.9375,3.47814
86,3.10938,5.21875,-25.625,1440,1.67839,0.953365,5.27905,2.98268,36.7648,3.57973,12.0415,35.916,0.675278,0.00327203,0,0,0,0,0,-1.37068,-7.23591,0.992344,2.65107,0.151197,2.61108,2.10938,5.21875,10.4477
87,2.45312,4.21875,0.542969,1.11719,1.71975,0.957261,4.26237,2.36024,23.7386,0.876698,3.56539,8.41519,0.513703,0.00295645,0,0,0,0,0,-0.388869,-1.6575,0.950828,0.985294,0.311653,0.57229,1.45312,4.21875,3.82654
88,3.45312,4.25,-0.00320435,1.32812,1.23077,0.890795,4.42562,3.14184,29.4573,0.440678,3.21612,10.1045,0.00278048,0.00195856,0,0,0,0,0,-0.35588,-1.57499,0.964668,1.02869,0.0677668,0.318341,2.45312,4.25,3.54648
89,2.57812,4.46875,1.58594,13.125,1.73333,0.958482,4.51323,2.48298,26.5344,1.61497,4.13351,10.2634,0.43776,0.00280813,0,0,0,0,0,-0.460584,-2.07872,0.971397,1.42027,0.128825,1.14556,1.57812,4.46875,3.76636
90,2.78125,3.375,-0.149414,0.992188,1.21348,0.887527,3.52265,2.52184,18.7687,0.261599,2.57412,6.49154,0.150001,0.0022461,0,0,0,0,0,-0.284334,-1.00161,0.962955,0.956162,0.333762,0.173625,1.78125,3.375,2.61053
91,3.34375,4.6875,0.100586,4.15625,1.40187,0.919523,4.81214,3.10949,32.8256,1.90241,4.11926,12.8088,0.0493386,0.00204949,0,0,0,0,0,-0.338956,-1.6311,0.717349,1.53841,0.102849,1.27643,2.34375,4.6875,3.48289
92,1.89844,2.67188,0.414062,4.71875,1.40741,0.920347,2.74181,1.76673,10.6388,1.17041,2.81037,4.96515,0.190613,0.00232542,0,0,0,0,0,-0.288196,-0.790179,0.89399,1.02252,0.360797,0.779983,0.898438,2.67188,2.35297
93,1.0625,1.05469,-0.171875,1.41406,0.992647,0.839559,1.1452,0.918244,2.15466,1.27032,2.65561,2.4385,0.144537,0.00223542,0,0,0,0,0,-0.254368,-0.291303,0.835035,1.03816,0.406198,0.898926,0.0625,1.05469,2.33203
94,0.988281,-0.480469,0.161133,0.414062,-0.486166,0.313425,0.198364,0.413039,0.209949,0.90448,1.37384,0.567448,0.25041,0.00244221,0,0,0,0,0,-0.0755258,-0.0149816,0.479255,0.98089,0.376566,0.698972,-0.0117188,-0.480469,1.23537
95,1.39844,-1.14062,0.380859,0.306641,-0.815642,0.207352,0.163128,0.438156,0.218592,0.933356,1.49252,0.653956,0.68778,0.00329645,0,0,0,0,0,-0.021224,-0.00346223,0.123969,0.920897,0.435146,0.628543,0.398438,-1.14062,1.18158
96,2.73438,5.4375,-23.125,1344,1.98857,0.976626,5.46099,2.67879,36.9984,3.3037,12.0341,32.2368,0.630786,0.00318513,0,0,0,0,0,-1.37382,-7.50241,0.995228,2.33411,0.21648,2.33661,1.73438,5.4375,9.61897
97,2.09375,7.5,-30.125,2704,3.58209,0.99983,7.5001,2.09339,60.6337,4.43728,14.3615,30.0641,0.579327,0.00308462,0,0,0,1,0,-1.64319,-12.3241,0.997464,3.40621,0.187525,3.44904,1.09375,7.5,11.8811
98,7.375,10.375,-0.957031,47,1.40678,0.920254,10.647,6.86276,160.457,1.978,7.84413,53.8324,0.139597,0.00222578,0,0,0,0,0,-0.872083,-9.2851,0.969214,1.49735,0.251375,1.39384,6.375,10.375,5.73571
99,5.3125,7.25,0.0742188,0.765625,1.36471,0.913827,7.4637,4.91628,79.8767,0.350226,5.34532,26.2791,0.0848214,0.00211879,0,0,0,0,0,-0.593005,-4.42601,0.967145,1.02708,0.0388112,0.276306,4.3125,7.25,3.97556
100,1.54688,-0.789062,0.146484,0.214844,-0.510101,0.30499,0.297064,0.635307,0.491861,0.966573,1.44065,0.915256,0.316031,0.00257037,0,0,0,0,0,0.015835,0.00470399,0.0958218,0.989185,0.33574,0.637747,0.546875,-0.789062,1.44297
101,2.89062,2.39062,1.01562,0.609375,0.827027,0.795889,2.7199,2.40019,13.1588,1.11324,3.53446,8.48338,1.30104,0.00449422,0,0,0,0,0,-0.291187,-0.791998,0.718218,1.14678,0.205606,0.803417,1.89062,2.39062,3.83415
102,2.65625,2.95312,-13.5,250,1.11176,0.86688,3.13342,2.35492,15.364,2.11596,7.85257,18.4922,0.853815,0.00362073,0,0,0,0,0,-0.884342,-2.77101,0.981782,1.44029,0.384167,1.48962,1.65625,2.95312,7.62878
103,1.21094,-0.742188,0.761719,0.455078,-0.612903,0.26997,0.200347,0.455665,0.24777,1.03418,1.65164,0.752595,1.12915,0.0041585,0,0,0,0,0,-0.072475,-0.0145202,0.382543,0.903963,0.491106,0.732631,0.210938,-0.742188,1.45614
104,2.34375,4.65625,-3.71875,17.25,1.98667,0.97652,4.67646,2.29595,27.1407,2.0574,4.44561,10.2069,0.89537,0.00370189,0,0,0,0,0,-0.497841,-2.32814,0.976262,1.7707,0.0187829,1.48019,1.34375,4.65625,4.19018
105,2.26562,7.03125,-27.375,2368,3.10345,0.999044,7.03186,2.26358,54.5708,4.20334,13.8134,31.2677,0.562553,0.00305186,0,0,0,1,0,-1.5809,-11.1167,0.997725,2.7769,0.231858,2.83281,1.26562,7.03125,12.3597
106,2.53125,3.70312,-15.25,556,1.46296,0.928261,3.78521,2.3732,19.9599,2.29893,9.00752,21.3766,0.646744,0.0032163,0,0,0,0,0,-1.02344,-3.87392,0.990519,1.60574,0.239456,1.51841,1.53125,3.70312,8.62426
107,0.832031,-0.235352,1.53906,1.07812,-0.282864,0.388641,0.228308,0.404417,0.215678,1.47745,1.91554,0.774677,1.48225,0.00484815,0,0,0,0,0,-0.166446,-0.0380011,0.757514,1.20666,0.270474,0.997917,-0.167969,-0.235352,1.91814
108,1.85156,0.957031,-4.5,18.5,0.516878,0.697379,1.30806,1.39188,3.64835,1.57771,4.01782,5.59233,1.04623,0.00399654,0,0,0,0,0,-0.428653,-0.560704,0.930084,1.20907,0.381347,1.16063,0.851562,0.957031,4.16893
109,2.3125,1.91406,-8.4375,127,0.827703,0.796081,2.1771,1.92058,8.42841,1.701,6.18871,11.8859,0.748707,0.00341544,0,0,0,0,0,-0.692678,-1.50803,0.975749,1.30805,0.375709,1.29882,1.3125,1.91406,6.46113
110,2.39062,1.59375,-2.17188,2.15625,0.666667,0.747507,1.95834,1.88469,7.38715,1.45656,3.98585,7.5121,1.47906,0.00484191,0,0,0,0,0,-0.340573,-0.666957,0.744897,1.20265,0.262594,0.980456,1.39062,1.59375,3.22764
111,1.82812,8.125,-30.25,2976,4.44444,0.999996,8.125,1.82812,69.3577,4.63051,15.0241,27.4658,0.554509,0.00303615,0,0,0,1,0,-1.71968,-13.9724,0.997852,3.25721,0.139402,3.24244,0.828125,8.125,14.5036
112,1.42188,-0.484375,0.253906,0.90625,-0.340659,0.36668,0.360377,0.662057,0.568191,1.12322,1.58991,1.05261,0.266716,0.00247406,0,0,0,0,0,-0.0675715,-0.0243512,0.37051,1.03837,0.371237,0.836035,0.421875,-0.484375,1.59945
113,1.57812,-0.147461,-0.197266,2.25,-0.0934406,0.462777,0.559101,0.869989,1.06948,1.23745,2.33481,2.03126,0.13151,0.00220998,0,0,0,0,0,-0.18623,-0.104121,0.695352,1.02308,0.402132,0.858638,0.578125,-0.147461,2.06163
114,3.23438,5.6875,0.335938,0.976562,1.75845,0.960665,5.74013,3.12081,42.6886,0.534612,4.94302,15.4262,0.339945,0.00261708,0,0,0,0,0,-0.548225,-3.14688,0.966881,0.992324,0.202733,0.363378,2.23438,5.6875,4.51695
115,3.96875,7.0625,0.867188,1.30469,1.77953,0.962423,7.12382,3.83542,65.4593,0.640484,6.12836,23.5048,0.759206,0.00343595,0,0,0,0,0,-0.680219,-4.84576,0.967635,0.987088,0.239359,0.417222,2.96875,7.0625,5.84423
116,4.1875,6.4375,0.0419922,1.1875,1.53731,0.937892,6.54857,3.96615,58.6142,0.718358,5.63887,22.3646,0.0385347,0.00202839,0,0,0,0,0,-0.612606,-4.01169,0.9471,1.03981,0.177519,0.513246,3.1875,6.4375,5.24314
117,1.42969,1.14062,0.224609,2.59375,0.797814,0.787511,1.31353,1.17581,3.1079,0.995877,1.57702,1.85428,0.139465,0.00222552,0,0,0,0,0,-0.135294,-0.177714,0.747911,0.901931,0.466837,0.644083,0.429688,1.14062,1.73706
118,3.51562,3.20312,0.34375,0.621094,0.911111,0.818882,3.5443,2.98759,21.4878,0.988872,3.38174,10.1033,0.436178,0.00280504,0,0,0,0,0,-0.271941,-0.963841,0.701037,1.05307,0.255021,0.672151,2.51562,3.20312,2.99338
119,1.07031,7.25,-25.25,1672,6.77372,1,7.25,1.07031,53.7081,3.58411,12.6331,13.5214,0.617509,0.0031592,0,0,0,1,0,-1.44408,-10.4696,0.996523,2.81057,0.079394,2.70725,0.0703125,7.25,11.8387
120,1.16406,-0.065918,0.984375,1.78125,-0.0566275,0.477421,0.433833,0.6557,0.618153,1.37872,2.56847,1.68414,0.737561,0.00339367,0,0,0,0,0,-0.252589,-0.109581,0.857329,1.04049,0.439259,0.964205,0.164062,-0.065918,2.44841
121,0.839844,-0.777344,3.95312,0.890625,-0.925581,0.177332,0.0797367,0.237224,0.0626333,1.21396,1.49648,0.355001,4.18883,0.0101344,0,0,0,0,0,-0.102294,-0.0081566,0.595919,0.92974,0.486955,0.805611,-0.160156,-0.777344,1.39438
122,1.27344,0.648438,-0.882812,1.10156,0.509202,0.694695,0.893405,0.953961,1.70821,1.21425,2.4474,2.33472,0.841132,0.00359596,0,0,0,0,0,-0.219035,-0.195687,0.780219,1.10974,0.338125,0.92621,0.273438,0.648438,2.22713
123,1.24219,-0.361328,0.101562,0.691406,-0.290881,0.385571,0.337246,0.600202,0.473978,1.1591,1.90677,1.14445,0.122142,0.00219168,0,0,0,0,0,-0.1297,-0.0437409,0.592993,0.973849,0.451905,0.842547,0.242188,-0.361328,1.66273
124,2.1875,2.70312,0.523438,1.85938,1.23571,0.891718,2.81352,1.99152,11.882,1.05067,2.70066,5.37841,0.383867,0.00270287,0,0,0,0,0,-0.276464,-0.777836,0.892432,1.19906,0.118324,0.79045,1.1875,2.70312,2.82198
125,2.9375,4.78125,-0.882812,2.09375,1.62766,0.948201,4.84403,2.80766,31.3476,0.766367,4.11869,11.5639,0.610107,0.00314474,0,0,0,0,0,-0.451867,-2.18886,0.956441,0.99841,0.251425,0.496449,1.9375,4.78125,4.23377
126,0.964844,4.3125,-5.5625,3.96875,4.46964,0.999996,4.3125,0.964841,19.5286,1.95089,6.13875,5.92292,2.79218,0.0074066,0,0,0,1,0,-0.681936,-2.94085,0.968435,1.51464,0.236403,1.39831,-0.0351562,4.3125,6.30611
127,2.48438,3.0625,-14.6875,340,1.2327,0.891157,3.18847,2.26096,15.2783,2.08991,7.73199,17.4817,0.796542,0.00350887,0,0,0,0,0,-0.873908,-2.78643,0.985329,1.42758,0.352628,1.43074,1.48438,3.0625,8.19216
